model_name,variant,dataset,sample_id,true_label,predicted_label,predicted_score
full_coverage_descriptor_fp_meta_v4,challenger_proxy_meta_logreg_knn_plus_lgbm__cal_none__thr_f1,external,C#CC(O)(/C=C/Cl)CC,1,0,0.4654414268291618
full_coverage_descriptor_fp_meta_v4,challenger_proxy_meta_logreg_knn_plus_lgbm__cal_none__thr_f1,external,C#CCC(Cc1cnc2nc(N)nc(N)c2n1)c1ccc(C(=O)N[C](CCC(=O)O)C(=O)O)cc1,1,0,0.2811138590239113
full_coverage_descriptor_fp_meta_v4,challenger_proxy_meta_logreg_knn_plus_lgbm__cal_none__thr_f1,external,C#C[C@]1(OC(=O)CCCCCC)CC[C]2[C]3CCC4=CC(=O)CC[C]4[C]3CC[C@@]21C,0,0,0.0438409864318407
full_coverage_descriptor_fp_meta_v4,challenger_proxy_meta_logreg_knn_plus_lgbm__cal_none__thr_f1,external,C/C=C(C(=C/C)/c1ccc(O)cc1)\c1ccc(O)cc1,0,0,0.2596357735340949
full_coverage_descriptor_fp_meta_v4,challenger_proxy_meta_logreg_knn_plus_lgbm__cal_none__thr_f1,external,C/C=C/C(=O)C1=C(C)C=CCC1(C)C,0,0,0.1552707874111305
full_coverage_descriptor_fp_meta_v4,challenger_proxy_meta_logreg_knn_plus_lgbm__cal_none__thr_f1,external,C/C=C/C(=O)C1=C(C)CCCC1(C)C,0,0,0.0974730240355633
full_coverage_descriptor_fp_meta_v4,challenger_proxy_meta_logreg_knn_plus_lgbm__cal_none__thr_f1,external,C/C=C/C(=O)C1C(C)=CCCC1(C)C,0,0,0.3465838754475883
full_coverage_descriptor_fp_meta_v4,challenger_proxy_meta_logreg_knn_plus_lgbm__cal_none__thr_f1,external,C/C=C/C(=O)C1C(C)C=CCC1(C)C,0,1,0.5794503641622768
full_coverage_descriptor_fp_meta_v4,challenger_proxy_meta_logreg_knn_plus_lgbm__cal_none__thr_f1,external,C/C=C/C[C](C)[C](O)[C]1C(=O)N[C](CC)C(=O)N(C)CC(=O)N(C)[C](CC(C)C)C(=O)N[C](C(C)C)C(=O)N(C)[C](CC(C)C)C(=O)N[C](C)C(=O)N[C](C)C(=O)N(C)[C](CC(C)C)C(=O)N(C)[C](CC(C)C)C(=O)N(C)[C](C(C)C)C(=O)N1C,1,1,0.8356134037268487
full_coverage_descriptor_fp_meta_v4,challenger_proxy_meta_logreg_knn_plus_lgbm__cal_none__thr_f1,external,C1=Nc2ccccc2Oc2ccccc21,0,0,0.1315649017959355
full_coverage_descriptor_fp_meta_v4,challenger_proxy_meta_logreg_knn_plus_lgbm__cal_none__thr_f1,external,C1CCC(C(CC2CCCCN2)C2CCCCC2)CC1,0,0,0.0483708885278435
full_coverage_descriptor_fp_meta_v4,challenger_proxy_meta_logreg_knn_plus_lgbm__cal_none__thr_f1,external,C=C(c1ccc(C(=O)O)cc1)c1cc2c(cc1C)C(C)(C)CCC2(C)C,1,0,0.4720277193815717
full_coverage_descriptor_fp_meta_v4,challenger_proxy_meta_logreg_knn_plus_lgbm__cal_none__thr_f1,external,C=C1C(CO)C(O)CC1n1cnc2c(=O)[nH]c(N)nc21,1,1,0.75898640086201
full_coverage_descriptor_fp_meta_v4,challenger_proxy_meta_logreg_knn_plus_lgbm__cal_none__thr_f1,external,C=CC(N)CCC(=O)O,1,0,0.1255458428369115
full_coverage_descriptor_fp_meta_v4,challenger_proxy_meta_logreg_knn_plus_lgbm__cal_none__thr_f1,external,C=CC1=C(C(=O)O)N2[C](SC1)[C](NC(=O)/C(=N\OCC(=O)O)c1csc(N)n1)C2=O,1,1,0.9350465084157374
full_coverage_descriptor_fp_meta_v4,challenger_proxy_meta_logreg_knn_plus_lgbm__cal_none__thr_f1,external,C=CC1CN2CCC1CC2C(O)c1ccnc2ccc(OC)cc12,0,1,0.7485405308178493
full_coverage_descriptor_fp_meta_v4,challenger_proxy_meta_logreg_knn_plus_lgbm__cal_none__thr_f1,external,CC(=O)C1(O)CCC2C3CC(C)C4=CC(=O)CCC4(C)C3CCC21C,0,0,0.0422534489590555
full_coverage_descriptor_fp_meta_v4,challenger_proxy_meta_logreg_knn_plus_lgbm__cal_none__thr_f1,external,CC(=O)C1CCC2C3CC(C)C4=CC(=O)CCC4(C)C3C(O)CC12C,0,0,0.0520570568295852
full_coverage_descriptor_fp_meta_v4,challenger_proxy_meta_logreg_knn_plus_lgbm__cal_none__thr_f1,external,CC(=O)CC(c1ccccc1)c1c(O)c2ccccc2oc1=O,0,0,0.0425662757787305
full_coverage_descriptor_fp_meta_v4,challenger_proxy_meta_logreg_knn_plus_lgbm__cal_none__thr_f1,external,CC(=O)CCCCn1c(=O)c2c(ncn2C)n(C)c1=O,0,0,0.0427242639133876
full_coverage_descriptor_fp_meta_v4,challenger_proxy_meta_logreg_knn_plus_lgbm__cal_none__thr_f1,external,CC(=O)N(CC(O)CO)c1c(I)c(C(=O)NCCO)c(I)c(C(=O)NCC(O)CO)c1I,1,1,0.9307189584008468
full_coverage_descriptor_fp_meta_v4,challenger_proxy_meta_logreg_knn_plus_lgbm__cal_none__thr_f1,external,CC(=O)N(O)CCCCCNC(=O)CCC(=O)N(O)CCCCCNC(=O)CCC(=O)N(O)CCCCCN,1,1,0.925603264911918
full_coverage_descriptor_fp_meta_v4,challenger_proxy_meta_logreg_knn_plus_lgbm__cal_none__thr_f1,external,CC(=O)NC(CS)C(=O)O,1,0,0.1482830538977624
full_coverage_descriptor_fp_meta_v4,challenger_proxy_meta_logreg_knn_plus_lgbm__cal_none__thr_f1,external,CC(=O)NS(=O)(=O)c1ccc(N)cc1,0,0,0.1216269271057785
full_coverage_descriptor_fp_meta_v4,challenger_proxy_meta_logreg_knn_plus_lgbm__cal_none__thr_f1,external,CC(=O)Nc1c(I)c(NC(C)=O)c(I)c(C(=O)[O-])c1I,0,1,0.6459428555830468
full_coverage_descriptor_fp_meta_v4,challenger_proxy_meta_logreg_knn_plus_lgbm__cal_none__thr_f1,external,CC(=O)Nc1ccc(O)cc1,1,1,0.5523431922940002
full_coverage_descriptor_fp_meta_v4,challenger_proxy_meta_logreg_knn_plus_lgbm__cal_none__thr_f1,external,CC(=O)Nc1ccccc1,1,1,0.9241585625182976
full_coverage_descriptor_fp_meta_v4,challenger_proxy_meta_logreg_knn_plus_lgbm__cal_none__thr_f1,external,CC(=O)OC/C=C(\C)CCC=C(C)C,0,0,0.4081079278172168
full_coverage_descriptor_fp_meta_v4,challenger_proxy_meta_logreg_knn_plus_lgbm__cal_none__thr_f1,external,CC(=O)OCCCc1ccccc1,0,0,0.1633939822161735
full_coverage_descriptor_fp_meta_v4,challenger_proxy_meta_logreg_knn_plus_lgbm__cal_none__thr_f1,external,CC(=O)OC[C]1O[C](n2ncc(=O)[nH]c2=O)[C](OC(C)=O)[C]1OC(C)=O,0,0,0.2040990292742945
full_coverage_descriptor_fp_meta_v4,challenger_proxy_meta_logreg_knn_plus_lgbm__cal_none__thr_f1,external,CC(=O)OCc1ccccc1,1,0,0.2181947604705582
full_coverage_descriptor_fp_meta_v4,challenger_proxy_meta_logreg_knn_plus_lgbm__cal_none__thr_f1,external,CC(=O)Oc1c(C)cc(OCC(O)CNC(C)C)c(C)c1C,0,0,0.0902022112332614
full_coverage_descriptor_fp_meta_v4,challenger_proxy_meta_logreg_knn_plus_lgbm__cal_none__thr_f1,external,CC(=O)Oc1cc(C(C)C)c(OCCN(C)C)cc1C,0,0,0.2025972214258019
full_coverage_descriptor_fp_meta_v4,challenger_proxy_meta_logreg_knn_plus_lgbm__cal_none__thr_f1,external,CC(C(=O)O)c1ccc2c(c1)[nH]c1ccc(Cl)cc12,1,0,0.3318833179854852
full_coverage_descriptor_fp_meta_v4,challenger_proxy_meta_logreg_knn_plus_lgbm__cal_none__thr_f1,external,CC(C(=O)c1ccccc1)N(C)C,0,0,0.1488790863834032
full_coverage_descriptor_fp_meta_v4,challenger_proxy_meta_logreg_knn_plus_lgbm__cal_none__thr_f1,external,CC(C)(C)C(=O)OCOP(=O)(COCCn1cnc2c(N)ncnc21)OCOC(=O)C(C)(C)C,1,1,0.9389402095915872
full_coverage_descriptor_fp_meta_v4,challenger_proxy_meta_logreg_knn_plus_lgbm__cal_none__thr_f1,external,CC(C)(C)NCC(O)COc1cccc2c1CC(O)C(O)C2,0,0,0.0432189966276451
full_coverage_descriptor_fp_meta_v4,challenger_proxy_meta_logreg_knn_plus_lgbm__cal_none__thr_f1,external,CC(C)(C)NCC(O)c1cc(Cl)c(N)c(Cl)c1,0,0,0.1042611894144303
full_coverage_descriptor_fp_meta_v4,challenger_proxy_meta_logreg_knn_plus_lgbm__cal_none__thr_f1,external,CC(C)(CO)C(O)C(=O)NCCCO,0,0,0.0447152439609216
full_coverage_descriptor_fp_meta_v4,challenger_proxy_meta_logreg_knn_plus_lgbm__cal_none__thr_f1,external,CC(C)(O)c1ccccc1CC[C](SCC1(CC(=O)[O-])CC1)c1cccc(/C=C/c2ccc3ccc(Cl)cc3n2)c1,1,1,0.6896169810665657
full_coverage_descriptor_fp_meta_v4,challenger_proxy_meta_logreg_knn_plus_lgbm__cal_none__thr_f1,external,CC(C)(O/N=C(\C(=O)N[C]1[C]2SCC(C[n+]3ccccc3)=C(C(=O)[O-])N2C1=O)c1csc(N)n1)C(=O)[O-],1,1,0.8600206559338225
full_coverage_descriptor_fp_meta_v4,challenger_proxy_meta_logreg_knn_plus_lgbm__cal_none__thr_f1,external,CC(C)(Oc1ccc(C2CC2(Cl)Cl)cc1)C(=O)O,1,1,0.6906547063106547
full_coverage_descriptor_fp_meta_v4,challenger_proxy_meta_logreg_knn_plus_lgbm__cal_none__thr_f1,external,CC(C)C(N)C(=O)OCC(CO)OCn1cnc2c(=O)[nH]c(N)nc21,1,1,0.9359796433470522
full_coverage_descriptor_fp_meta_v4,challenger_proxy_meta_logreg_knn_plus_lgbm__cal_none__thr_f1,external,CC(C)C(N)C(=O)OCCOCn1cnc2c(=O)[nH]c(N)nc21,1,1,0.8679351893625542
full_coverage_descriptor_fp_meta_v4,challenger_proxy_meta_logreg_knn_plus_lgbm__cal_none__thr_f1,external,CC(C)NCC(O)c1ccc(O)c(O)c1,0,0,0.042199115270989
full_coverage_descriptor_fp_meta_v4,challenger_proxy_meta_logreg_knn_plus_lgbm__cal_none__thr_f1,external,CC(C)NNC(=O)c1ccncc1,0,0,0.1412637496581067
full_coverage_descriptor_fp_meta_v4,challenger_proxy_meta_logreg_knn_plus_lgbm__cal_none__thr_f1,external,CC(C)OC(=O)C(C)(C)Oc1ccc(C(=O)c2ccc(Cl)cc2)cc1,1,1,0.9369352341386472
full_coverage_descriptor_fp_meta_v4,challenger_proxy_meta_logreg_knn_plus_lgbm__cal_none__thr_f1,external,CC(C)OC(=O)OCOP(=O)(COC(C)Cn1cnc2c(N)ncnc21)OCOC(=O)OC(C)C,1,1,0.8960652376890353
full_coverage_descriptor_fp_meta_v4,challenger_proxy_meta_logreg_knn_plus_lgbm__cal_none__thr_f1,external,CC(C)OP(=O)(F)OC(C)C,1,1,0.7676213392364997
full_coverage_descriptor_fp_meta_v4,challenger_proxy_meta_logreg_knn_plus_lgbm__cal_none__thr_f1,external,CC(C)c1nc(N(C)S(C)(=O)=O)nc(-c2ccc(F)cc2)c1/C=C/[C](O)C[C](O)CC(=O)[O-],1,1,0.8438827854027213
full_coverage_descriptor_fp_meta_v4,challenger_proxy_meta_logreg_knn_plus_lgbm__cal_none__thr_f1,external,CC(C)n1c(C=CC(O)CC(O)CC(=O)O)c(-c2ccc(F)cc2)c2ccccc21,1,1,0.6469047228288807
full_coverage_descriptor_fp_meta_v4,challenger_proxy_meta_logreg_knn_plus_lgbm__cal_none__thr_f1,external,CC(C=CC=C(C)C=CC1=C(C)C(=O)CCC1(C)C)=CC=CC=C(C)C=CC=C(C)C=CC1=C(C)C(=O)CCC1(C)C,0,0,0.1880862581979868
full_coverage_descriptor_fp_meta_v4,challenger_proxy_meta_logreg_knn_plus_lgbm__cal_none__thr_f1,external,CC(CCC(=O)O)C1CCC2C3C(O)CC4CC(O)CCC4(C)C3CCC12C,0,0,0.0644443262832086
full_coverage_descriptor_fp_meta_v4,challenger_proxy_meta_logreg_knn_plus_lgbm__cal_none__thr_f1,external,CC(C[N+](C)(C)C)OC(N)=O,1,0,0.3297033857677921
full_coverage_descriptor_fp_meta_v4,challenger_proxy_meta_logreg_knn_plus_lgbm__cal_none__thr_f1,external,CC(Cc1ccccc1)NCCCCl,0,0,0.0703919547941935
full_coverage_descriptor_fp_meta_v4,challenger_proxy_meta_logreg_knn_plus_lgbm__cal_none__thr_f1,external,CC(N)(Cc1ccc(O)c(O)c1)C(=O)O,0,0,0.0433643012184797
full_coverage_descriptor_fp_meta_v4,challenger_proxy_meta_logreg_knn_plus_lgbm__cal_none__thr_f1,external,CC(NCCc1ccc(O)cc1)C(O)c1ccc(O)cc1,1,0,0.0853331112855443
full_coverage_descriptor_fp_meta_v4,challenger_proxy_meta_logreg_knn_plus_lgbm__cal_none__thr_f1,external,CC(O)(P(=O)([O-])O)P(=O)([O-])O,0,1,0.6641518298600554
full_coverage_descriptor_fp_meta_v4,challenger_proxy_meta_logreg_knn_plus_lgbm__cal_none__thr_f1,external,CC(O)C(CO)NC(=O)C1CSSCC(NC(=O)C(N)Cc2ccccc2)C(=O)NC(Cc2ccccc2)C(=O)NC(Cc2c[nH]c3ccccc23)C(=O)NC(CCCCN)C(=O)NC(C(C)O)C(=O)N1,1,1,0.9317464184720756
full_coverage_descriptor_fp_meta_v4,challenger_proxy_meta_logreg_knn_plus_lgbm__cal_none__thr_f1,external,CC12C=CC(=O)NC1CCC1C2CCC2(C)C(C(=O)Nc3cc(C(F)(F)F)ccc3C(F)(F)F)CCC12,0,0,0.1272316031772108
full_coverage_descriptor_fp_meta_v4,challenger_proxy_meta_logreg_knn_plus_lgbm__cal_none__thr_f1,external,CC12CCC(=O)C=C1CCC1C2CCC2(C)C(O)CCC12,1,0,0.0477577731970132
full_coverage_descriptor_fp_meta_v4,challenger_proxy_meta_logreg_knn_plus_lgbm__cal_none__thr_f1,external,CC12CCC3c4ccc(O)cc4CCC3C1CCC2OC(=O)CCC1CCCC1,0,0,0.0629827369130791
full_coverage_descriptor_fp_meta_v4,challenger_proxy_meta_logreg_knn_plus_lgbm__cal_none__thr_f1,external,CC12CCC3c4ccc(OC(=O)N(CCCl)CCCl)cc4CCC3C1CCC2OP(=O)(O)O,0,0,0.1176971537662154
full_coverage_descriptor_fp_meta_v4,challenger_proxy_meta_logreg_knn_plus_lgbm__cal_none__thr_f1,external,CC1=C(/C=C/C(C)=C\C=C\C(C)=C\C(=O)O)C(C)(C)CCC1,1,1,0.9146986179533284
full_coverage_descriptor_fp_meta_v4,challenger_proxy_meta_logreg_knn_plus_lgbm__cal_none__thr_f1,external,CC1C=CC=CC=CC=CC=CC=CC=CC(OC2OC(C)C(O)C(N)C2O)CC2OC(O)(CC(O)CC(O)C(O)CCC(O)CC(O)CC(=O)OC(C)C(C)C1O)CC(O)C2C(=O)O,1,1,0.9312157803801754
full_coverage_descriptor_fp_meta_v4,challenger_proxy_meta_logreg_knn_plus_lgbm__cal_none__thr_f1,external,CC1C=CC=CCCC=CC=CC=CC=CC(OC2OC(C)C(O)C(N)C2O)CC2OC(O)(CC(O)C(O)CCC(O)CC(O)CC(O)CC(=O)OC(C)C(C)C1O)CC(O)C2C(=O)O,0,1,0.8521438270437394
full_coverage_descriptor_fp_meta_v4,challenger_proxy_meta_logreg_knn_plus_lgbm__cal_none__thr_f1,external,CC1CC(OC(=O)C(O)c2ccccc2)CC(C)(C)C1,0,0,0.137490999004623
full_coverage_descriptor_fp_meta_v4,challenger_proxy_meta_logreg_knn_plus_lgbm__cal_none__thr_f1,external,CC1CCC(NC(=O)N(CCCl)N=O)CC1,1,0,0.4819555400275944
full_coverage_descriptor_fp_meta_v4,challenger_proxy_meta_logreg_knn_plus_lgbm__cal_none__thr_f1,external,CC1CN(c2cc3c(cc2F)c(=O)c(C(=O)O)cn3-c2ccc(F)cc2F)CCN1,0,1,0.5137201442267891
full_coverage_descriptor_fp_meta_v4,challenger_proxy_meta_logreg_knn_plus_lgbm__cal_none__thr_f1,external,CC1COc2c(C3(N)CC3)c(F)cc3c(=O)c(C(=O)O)cn1c23,1,1,0.7134134293025715
full_coverage_descriptor_fp_meta_v4,challenger_proxy_meta_logreg_knn_plus_lgbm__cal_none__thr_f1,external,CC1COc2c(N3CCN(C)CC3)c(F)cc3c(=O)c(C(=O)O)cn1c23,1,1,0.935564682534978
full_coverage_descriptor_fp_meta_v4,challenger_proxy_meta_logreg_knn_plus_lgbm__cal_none__thr_f1,external,CC1OC(n2cc(F)c(=O)[nH]c2=O)C(O)C1O,0,0,0.2837507957468457
full_coverage_descriptor_fp_meta_v4,challenger_proxy_meta_logreg_knn_plus_lgbm__cal_none__thr_f1,external,CC1OC1P(=O)([O-])[O-],1,1,0.511296866690799
full_coverage_descriptor_fp_meta_v4,challenger_proxy_meta_logreg_knn_plus_lgbm__cal_none__thr_f1,external,CCC(=C(CC)c1ccc(OP(=O)(O)O)cc1)c1ccc(OP(=O)(O)O)cc1,0,0,0.3402965684527184
full_coverage_descriptor_fp_meta_v4,challenger_proxy_meta_logreg_knn_plus_lgbm__cal_none__thr_f1,external,CCC(=O)C=Cc1ccc(OC)cc1,0,1,0.5066680227235548
full_coverage_descriptor_fp_meta_v4,challenger_proxy_meta_logreg_knn_plus_lgbm__cal_none__thr_f1,external,CCC(=O)OCC(=O)C1(OC(=O)CC)C(C)CC2C3CCC4=CC(=O)C=CC4(C)C3(F)C(O)CC21C,0,0,0.0463468474871391
full_coverage_descriptor_fp_meta_v4,challenger_proxy_meta_logreg_knn_plus_lgbm__cal_none__thr_f1,external,CCC(=O)OCC(=O)[C@@]1(OC(=O)CC)[C](C)C[C]2[C]3[C](Cl)CC4=CC(=O)C=C[C@]4(C)[C]3[C](O)C[C@@]21C,0,0,0.2352263729414191
full_coverage_descriptor_fp_meta_v4,challenger_proxy_meta_logreg_knn_plus_lgbm__cal_none__thr_f1,external,CCC(C(C)O)n1ncn(-c2ccc(N3CCN(c4ccc(OCC5COC(Cn6cncn6)(c6ccc(F)cc6F)C5)cc4)CC3)cc2)c1=O,1,1,0.6309936993121847
full_coverage_descriptor_fp_meta_v4,challenger_proxy_meta_logreg_knn_plus_lgbm__cal_none__thr_f1,external,CCC(C)C(C)(COC(N)=O)COC(N)=O,1,0,0.1420072873992316
full_coverage_descriptor_fp_meta_v4,challenger_proxy_meta_logreg_knn_plus_lgbm__cal_none__thr_f1,external,CCC1(C)CC(=O)NC(=O)C1,0,0,0.1274843043211828
full_coverage_descriptor_fp_meta_v4,challenger_proxy_meta_logreg_knn_plus_lgbm__cal_none__thr_f1,external,CCC1CN2CCc3cc(OC)c(OC)cc3C2CC1CC1NCCc2cc(OC)c(OC)cc21,0,0,0.2557589722560867
full_coverage_descriptor_fp_meta_v4,challenger_proxy_meta_logreg_knn_plus_lgbm__cal_none__thr_f1,external,CCCC(=O)O[C@]1(C(=O)COC(C)=O)CC[C]2[C]3C[C](F)C4=CC(=O)C=C[C@]4(C)[C@@]3(F)[C](O)C[C@@]21C,0,0,0.0454084651724903
full_coverage_descriptor_fp_meta_v4,challenger_proxy_meta_logreg_knn_plus_lgbm__cal_none__thr_f1,external,CCCC(C)C1(CC)C(=O)[N-]C(=S)NC1=O,1,0,0.203831580121248
full_coverage_descriptor_fp_meta_v4,challenger_proxy_meta_logreg_knn_plus_lgbm__cal_none__thr_f1,external,CCCCC(=O)N(Cc1ccc(-c2ccccc2-c2nnn[nH]2)cc1)[C](C(=O)O)C(C)C,1,1,0.8373982499779518
full_coverage_descriptor_fp_meta_v4,challenger_proxy_meta_logreg_knn_plus_lgbm__cal_none__thr_f1,external,CCCCC(CC)COC(=O)C=Cc1ccc(OC)cc1,0,1,0.5917876057399846
full_coverage_descriptor_fp_meta_v4,challenger_proxy_meta_logreg_knn_plus_lgbm__cal_none__thr_f1,external,CCCCC(CC)COC(=O)c1ccc(C(=O)OCC(CC)CCCC)cc1,0,0,0.18959728732825
full_coverage_descriptor_fp_meta_v4,challenger_proxy_meta_logreg_knn_plus_lgbm__cal_none__thr_f1,external,CCCCC(CC)COC(=O)c1ccccc1C(=O)OCC(CC)CCCC,0,0,0.3041499834024379
full_coverage_descriptor_fp_meta_v4,challenger_proxy_meta_logreg_knn_plus_lgbm__cal_none__thr_f1,external,CCCCC1=NC2(CCCC2)C(=O)N1Cc1ccc(-c2ccccc2-c2nnn[nH]2)cc1,1,1,0.8528284445764486
full_coverage_descriptor_fp_meta_v4,challenger_proxy_meta_logreg_knn_plus_lgbm__cal_none__thr_f1,external,CCCCC1C(=O)N(c2ccccc2)N(c2ccccc2)C1=O,1,1,0.9322876279390124
full_coverage_descriptor_fp_meta_v4,challenger_proxy_meta_logreg_knn_plus_lgbm__cal_none__thr_f1,external,CCCCCCCCCCCCCCCCO,0,0,0.0985115229319498
full_coverage_descriptor_fp_meta_v4,challenger_proxy_meta_logreg_knn_plus_lgbm__cal_none__thr_f1,external,CCCCCCCCCCCC[N+](C)(C)C,0,1,0.5777797068564036
full_coverage_descriptor_fp_meta_v4,challenger_proxy_meta_logreg_knn_plus_lgbm__cal_none__thr_f1,external,CCCCCCCCCC[N+](C)(C)Cc1ccccc1,0,0,0.2965359145939001
full_coverage_descriptor_fp_meta_v4,challenger_proxy_meta_logreg_knn_plus_lgbm__cal_none__thr_f1,external,CCCCCCCCCS(=O)(=O)[O-],0,1,0.6087931811687078
full_coverage_descriptor_fp_meta_v4,challenger_proxy_meta_logreg_knn_plus_lgbm__cal_none__thr_f1,external,CCCCCCCCOC(=O)c1ccc(N(C)C)cc1,0,0,0.4644151056758767
full_coverage_descriptor_fp_meta_v4,challenger_proxy_meta_logreg_knn_plus_lgbm__cal_none__thr_f1,external,CCCCCCCCn1sccc1=O,0,1,0.5525034807304284
full_coverage_descriptor_fp_meta_v4,challenger_proxy_meta_logreg_knn_plus_lgbm__cal_none__thr_f1,external,CCCCCCNC(=O)n1cc(F)c(=O)[nH]c1=O,0,0,0.3058556267007611
full_coverage_descriptor_fp_meta_v4,challenger_proxy_meta_logreg_knn_plus_lgbm__cal_none__thr_f1,external,CCCCCN(C)CCC(O)(P(=O)([O-])O)P(=O)(O)O,1,1,0.6874962580751567
full_coverage_descriptor_fp_meta_v4,challenger_proxy_meta_logreg_knn_plus_lgbm__cal_none__thr_f1,external,CCCCOC(=O)c1ccc(N)cc1,0,0,0.2422206622021593
full_coverage_descriptor_fp_meta_v4,challenger_proxy_meta_logreg_knn_plus_lgbm__cal_none__thr_f1,external,CCCCOP(=O)(OCCCC)OCCCC,0,1,0.8480347066742918
full_coverage_descriptor_fp_meta_v4,challenger_proxy_meta_logreg_knn_plus_lgbm__cal_none__thr_f1,external,CCCCOc1cc(C(=O)NCCN(CC)CC)c2ccccc2n1,0,0,0.2533987088466682
full_coverage_descriptor_fp_meta_v4,challenger_proxy_meta_logreg_knn_plus_lgbm__cal_none__thr_f1,external,CCCCOc1cc(C(=O)OCCN(CC)CC)ccc1N,0,0,0.3293556657504356
full_coverage_descriptor_fp_meta_v4,challenger_proxy_meta_logreg_knn_plus_lgbm__cal_none__thr_f1,external,CCCCc1nc(Cl)c(CO)n1Cc1ccc(-c2ccccc2-c2nnn[nH]2)cc1,1,1,0.8731674505509929
full_coverage_descriptor_fp_meta_v4,challenger_proxy_meta_logreg_knn_plus_lgbm__cal_none__thr_f1,external,CCCN(CCC)C(=O)C(CCC(=O)OCCCN1CCN(CCOC(=O)Cc2c(C)n(C(=O)c3ccc(Cl)cc3)c3ccc(OC)cc23)CC1)NC(=O)c1ccccc1,1,0,0.1976459781607729
full_coverage_descriptor_fp_meta_v4,challenger_proxy_meta_logreg_knn_plus_lgbm__cal_none__thr_f1,external,CCCOC(=O)c1cc(O)c(O)c(O)c1,0,0,0.2098489609277151
full_coverage_descriptor_fp_meta_v4,challenger_proxy_meta_logreg_knn_plus_lgbm__cal_none__thr_f1,external,CCCOC(=O)c1ccc(O)cc1,0,0,0.1893595549835079
full_coverage_descriptor_fp_meta_v4,challenger_proxy_meta_logreg_knn_plus_lgbm__cal_none__thr_f1,external,CCCSP(=O)(OCC)Oc1ccc(Br)cc1Cl,0,1,0.8641429660175826
full_coverage_descriptor_fp_meta_v4,challenger_proxy_meta_logreg_knn_plus_lgbm__cal_none__thr_f1,external,CCCSc1ccc2nc(NC(=O)OC)[nH]c2c1,1,1,0.7750507362697869
full_coverage_descriptor_fp_meta_v4,challenger_proxy_meta_logreg_knn_plus_lgbm__cal_none__thr_f1,external,CCCc1nc(C(C)(C)O)c(C(=O)OCc2oc(=O)oc2C)n1Cc1ccc(-c2ccccc2-c2nnn[nH]2)cc1,0,1,0.92481014706425
full_coverage_descriptor_fp_meta_v4,challenger_proxy_meta_logreg_knn_plus_lgbm__cal_none__thr_f1,external,CCCc1nc(C)c2c(=O)[nH]c(-c3cc(S(=O)(=O)N4CCN(CC)CC4)ccc3OCC)nn12,1,1,0.5894881528846778
full_coverage_descriptor_fp_meta_v4,challenger_proxy_meta_logreg_knn_plus_lgbm__cal_none__thr_f1,external,CCCc1nn(C)c2c(=O)[nH]c(-c3cc(S(=O)(=O)N4CCN(C)CC4)ccc3OCC)nc12,1,1,0.6445066139252674
full_coverage_descriptor_fp_meta_v4,challenger_proxy_meta_logreg_knn_plus_lgbm__cal_none__thr_f1,external,CCCn1c(=O)[nH]c(=O)c2nc[nH]c21,0,0,0.2780703047128528
full_coverage_descriptor_fp_meta_v4,challenger_proxy_meta_logreg_knn_plus_lgbm__cal_none__thr_f1,external,CCN(CC)CCNC(=O)c1ccc(NC(C)=O)cc1,0,0,0.4206510024723153
full_coverage_descriptor_fp_meta_v4,challenger_proxy_meta_logreg_knn_plus_lgbm__cal_none__thr_f1,external,CCN1C(=O)NC(c2ccccc2)C1=O,0,0,0.0441989183748317
full_coverage_descriptor_fp_meta_v4,challenger_proxy_meta_logreg_knn_plus_lgbm__cal_none__thr_f1,external,CCN[C](C)Cc1cccc(C(F)(F)F)c1,1,0,0.3808222243290112
full_coverage_descriptor_fp_meta_v4,challenger_proxy_meta_logreg_knn_plus_lgbm__cal_none__thr_f1,external,CCOC(=O)C(C)(C)Oc1ccc(Cl)cc1,1,1,0.6810298064007007
full_coverage_descriptor_fp_meta_v4,challenger_proxy_meta_logreg_knn_plus_lgbm__cal_none__thr_f1,external,CCOC(=O)C1=CC(OC(CC)CC)C(NC(C)=O)C(N)C1,1,0,0.4326356441581948
full_coverage_descriptor_fp_meta_v4,challenger_proxy_meta_logreg_knn_plus_lgbm__cal_none__thr_f1,external,CCOC(=O)C=CC(=O)O,1,0,0.2305921604439133
full_coverage_descriptor_fp_meta_v4,challenger_proxy_meta_logreg_knn_plus_lgbm__cal_none__thr_f1,external,CCOC(=O)Nc1ccc2c(c1)N(C(=O)NC)c1ccccc1CC2,0,0,0.2105154212168568
full_coverage_descriptor_fp_meta_v4,challenger_proxy_meta_logreg_knn_plus_lgbm__cal_none__thr_f1,external,CCOC(=O)c1ccc(N)cc1,0,0,0.0460935243632
full_coverage_descriptor_fp_meta_v4,challenger_proxy_meta_logreg_knn_plus_lgbm__cal_none__thr_f1,external,CCOC(=O)c1cncn1[C](C)c1ccccc1,0,0,0.0460044685288839
full_coverage_descriptor_fp_meta_v4,challenger_proxy_meta_logreg_knn_plus_lgbm__cal_none__thr_f1,external,CCOCCOC(=O)/C=C/c1ccc(OC)cc1,0,1,0.498626604158024
full_coverage_descriptor_fp_meta_v4,challenger_proxy_meta_logreg_knn_plus_lgbm__cal_none__thr_f1,external,CCOP(=O)(OCC)Oc1ccc([N+](=O)[O-])cc1,0,1,0.6567407621016983
full_coverage_descriptor_fp_meta_v4,challenger_proxy_meta_logreg_knn_plus_lgbm__cal_none__thr_f1,external,CCOP(=S)(OCC)SCSP(=S)(OCC)OCC,0,1,0.7447007837448926
full_coverage_descriptor_fp_meta_v4,challenger_proxy_meta_logreg_knn_plus_lgbm__cal_none__thr_f1,external,CCOc1nc2cccc(C(=O)OC(C)OC(=O)OC3CCCCC3)c2n1Cc1ccc(-c2ccccc2-c2nnn[nH]2)cc1,1,1,0.9060188069391716
full_coverage_descriptor_fp_meta_v4,challenger_proxy_meta_logreg_knn_plus_lgbm__cal_none__thr_f1,external,CC[C](C)[C]1O[C@]2(CC[C]1C)C[C]1C[C](C/C=C(\C)[C](O[C]3C[C](OC)[C](O[C]4C[C](OC)[C](O)[C](C)O4)[C](C)O3)[C](C)/C=C/C=C3\CO[C]4[C](O)C(C)=C[C](C(=O)O1)[C@@]43O)O2,1,0,0.4720752617173733
full_coverage_descriptor_fp_meta_v4,challenger_proxy_meta_logreg_knn_plus_lgbm__cal_none__thr_f1,external,CCc1c2c(nc3ccc(OC(=O)N4CCC(N5CCCCC5)CC4)cc13)-c1cc3c(c(=O)n1C2)COC(=O)[C@]3(O)CC,1,1,0.9357947028022592
full_coverage_descriptor_fp_meta_v4,challenger_proxy_meta_logreg_knn_plus_lgbm__cal_none__thr_f1,external,CCc1cccc2c3c([nH]c12)C(CC)(CC(=O)O)OCC3,1,0,0.1907441682927155
full_coverage_descriptor_fp_meta_v4,challenger_proxy_meta_logreg_knn_plus_lgbm__cal_none__thr_f1,external,CCn1cc(C(=O)O)c(=O)c2cc(F)c(N3CCN(C)CC3)cc21,1,1,0.497973006236285
full_coverage_descriptor_fp_meta_v4,challenger_proxy_meta_logreg_knn_plus_lgbm__cal_none__thr_f1,external,CCn1cc(C(=O)O)c(=O)c2cc(F)c(N3CCNC(C)C3)c(F)c21,1,1,0.6605245965188717
full_coverage_descriptor_fp_meta_v4,challenger_proxy_meta_logreg_knn_plus_lgbm__cal_none__thr_f1,external,CCn1cc(C(=O)O)c(=O)c2cc(F)c(N3CCNCC3)cc21,1,1,0.925327087636678
full_coverage_descriptor_fp_meta_v4,challenger_proxy_meta_logreg_knn_plus_lgbm__cal_none__thr_f1,external,CCn1cc(C(=O)O)c(=O)c2cc(F)c(N3CCNCC3)nc21,1,1,0.734925202603457
full_coverage_descriptor_fp_meta_v4,challenger_proxy_meta_logreg_knn_plus_lgbm__cal_none__thr_f1,external,CN(C)C(=S)SSC(=S)N(C)C,0,0,0.2490104652758219
full_coverage_descriptor_fp_meta_v4,challenger_proxy_meta_logreg_knn_plus_lgbm__cal_none__thr_f1,external,CN(C)CCCC1(c2ccc(F)cc2)OCc2cc(C#N)ccc21,1,1,0.9247209454670628
full_coverage_descriptor_fp_meta_v4,challenger_proxy_meta_logreg_knn_plus_lgbm__cal_none__thr_f1,external,CN(C)CCCN1c2ccccc2Sc2ccccc21,1,0,0.0421810188646998
full_coverage_descriptor_fp_meta_v4,challenger_proxy_meta_logreg_knn_plus_lgbm__cal_none__thr_f1,external,CN(C)CCCOc1nn(Cc2ccccc2)c2ccccc12,0,0,0.0434092457299549
full_coverage_descriptor_fp_meta_v4,challenger_proxy_meta_logreg_knn_plus_lgbm__cal_none__thr_f1,external,CN(C)CCc1c[nH]c2ccc(O)cc12,0,0,0.0932446150287545
full_coverage_descriptor_fp_meta_v4,challenger_proxy_meta_logreg_knn_plus_lgbm__cal_none__thr_f1,external,CN(C)CCn1nnnc1SCC1=C(C(=O)O)N2[C](SC1)[C](NC(=O)Cc1csc(N)n1)C2=O,0,1,0.5726700221379823
full_coverage_descriptor_fp_meta_v4,challenger_proxy_meta_logreg_knn_plus_lgbm__cal_none__thr_f1,external,CN(Cc1cnc2nc(N)nc(N)c2n1)c1ccc(C(=O)N[C](CCC(=O)O)C(=O)O)cc1,1,0,0.4280415300493411
full_coverage_descriptor_fp_meta_v4,challenger_proxy_meta_logreg_knn_plus_lgbm__cal_none__thr_f1,external,CN1C(=O)C(O)N=C(c2ccccc2)c2cc(Cl)ccc21,0,0,0.0457865866109252
full_coverage_descriptor_fp_meta_v4,challenger_proxy_meta_logreg_knn_plus_lgbm__cal_none__thr_f1,external,CN1CCCC1c1cccnc1,0,0,0.0429911276452869
full_coverage_descriptor_fp_meta_v4,challenger_proxy_meta_logreg_knn_plus_lgbm__cal_none__thr_f1,external,CN1CCN(C(=O)O[C]2c3nccnc3C(=O)N2c2ccc(Cl)cn2)CC1,1,1,0.9016099634097594
full_coverage_descriptor_fp_meta_v4,challenger_proxy_meta_logreg_knn_plus_lgbm__cal_none__thr_f1,external,CN1CCN(CC(=O)N2c3ccccc3C(=O)Nc3cccnc32)CC1,0,0,0.0995905334769709
full_coverage_descriptor_fp_meta_v4,challenger_proxy_meta_logreg_knn_plus_lgbm__cal_none__thr_f1,external,CN1CSC(=S)N(C)C1,0,0,0.0876781958818499
full_coverage_descriptor_fp_meta_v4,challenger_proxy_meta_logreg_knn_plus_lgbm__cal_none__thr_f1,external,CNC(=O)CSP(=S)(OC)OC,1,1,0.6766717444997907
full_coverage_descriptor_fp_meta_v4,challenger_proxy_meta_logreg_knn_plus_lgbm__cal_none__thr_f1,external,CNC(=O)Oc1ccc2c(c1)[C@]1(C)CCN(C)[C]1N2C,0,0,0.0447368803626753
full_coverage_descriptor_fp_meta_v4,challenger_proxy_meta_logreg_knn_plus_lgbm__cal_none__thr_f1,external,CNC(=O)c1cc(Oc2ccc(NC(=O)Nc3ccc(Cl)c(C(F)(F)F)c3)cc2)ccn1,1,1,0.8153086240213414
full_coverage_descriptor_fp_meta_v4,challenger_proxy_meta_logreg_knn_plus_lgbm__cal_none__thr_f1,external,CNC(C)(C)Cc1ccccc1,0,0,0.141249053294158
full_coverage_descriptor_fp_meta_v4,challenger_proxy_meta_logreg_knn_plus_lgbm__cal_none__thr_f1,external,CNC(C)CC1CCCCC1,0,0,0.1165367424865671
full_coverage_descriptor_fp_meta_v4,challenger_proxy_meta_logreg_knn_plus_lgbm__cal_none__thr_f1,external,CNC(C)Cc1ccccc1OC,0,0,0.2519894823198256
full_coverage_descriptor_fp_meta_v4,challenger_proxy_meta_logreg_knn_plus_lgbm__cal_none__thr_f1,external,CNC1=Nc2ccc(Cl)cc2C(c2ccccc2)=[N+]([O-])C1,0,0,0.04629597426716
full_coverage_descriptor_fp_meta_v4,challenger_proxy_meta_logreg_knn_plus_lgbm__cal_none__thr_f1,external,CNCC(O)c1ccc(OC(=O)C(C)(C)C)c(OC(=O)C(C)(C)C)c1,0,0,0.1228535632984996
full_coverage_descriptor_fp_meta_v4,challenger_proxy_meta_logreg_knn_plus_lgbm__cal_none__thr_f1,external,CN[C@@]1(C)[C]2CC[C](C2)C1(C)C,1,0,0.1790822679966444
full_coverage_descriptor_fp_meta_v4,challenger_proxy_meta_logreg_knn_plus_lgbm__cal_none__thr_f1,external,CO/N=C(\C(=O)N[C]1[C]2SCC(/C=C\c3scnc3C)=C(C(=O)OCOC(=O)C(C)(C)C)N2C1=O)c1csc(N)n1,1,1,0.9369199849090368
full_coverage_descriptor_fp_meta_v4,challenger_proxy_meta_logreg_knn_plus_lgbm__cal_none__thr_f1,external,CO/N=C(\C(=O)N[C]1[C]2SCC(C)=C(C(=O)OCOC(=O)C(C)(C)C)N2C1=O)c1csc(N)n1,1,1,0.8451290889759517
full_coverage_descriptor_fp_meta_v4,challenger_proxy_meta_logreg_knn_plus_lgbm__cal_none__thr_f1,external,CO/N=C(\C(=O)N[C]1[C]2SCC(COC(N)=O)=C(C(=O)O)N2C1=O)c1ccco1,1,1,0.6157001382978671
full_coverage_descriptor_fp_meta_v4,challenger_proxy_meta_logreg_knn_plus_lgbm__cal_none__thr_f1,external,COC(=O)/C=C\C(=O)OC,1,1,0.5577152681743036
full_coverage_descriptor_fp_meta_v4,challenger_proxy_meta_logreg_knn_plus_lgbm__cal_none__thr_f1,external,COC(=O)C(N)Cc1cnc[nH]1,1,0,0.1481791377004047
full_coverage_descriptor_fp_meta_v4,challenger_proxy_meta_logreg_knn_plus_lgbm__cal_none__thr_f1,external,COC(=O)C=C(C)OP(=O)(OC)OC,0,1,0.6844627281720754
full_coverage_descriptor_fp_meta_v4,challenger_proxy_meta_logreg_knn_plus_lgbm__cal_none__thr_f1,external,COC(=O)c1ccc(O)cc1,0,0,0.3355259654228305
full_coverage_descriptor_fp_meta_v4,challenger_proxy_meta_logreg_knn_plus_lgbm__cal_none__thr_f1,external,COC(F)(F)C(Cl)Cl,1,1,0.9388892267285616
full_coverage_descriptor_fp_meta_v4,challenger_proxy_meta_logreg_knn_plus_lgbm__cal_none__thr_f1,external,COC1C(OC(C)=O)CC(=O)OC(C)CC=CC=CC(O)C(C)CC(CC=O)C1OC1OC(C)C(OC2CC(C)(O)C(OC(=O)CC(C)C)C(C)O2)C(N(C)C)C1O,1,1,0.6793540993037241
full_coverage_descriptor_fp_meta_v4,challenger_proxy_meta_logreg_knn_plus_lgbm__cal_none__thr_f1,external,COCC(=O)Nc1c(I)c(C(=O)NCC(O)CO)c(I)c(C(=O)N(C)CC(O)CO)c1I,1,1,0.6762299589464178
full_coverage_descriptor_fp_meta_v4,challenger_proxy_meta_logreg_knn_plus_lgbm__cal_none__thr_f1,external,COCC1=C(C(=O)OC(C)OC(=O)OC(C)C)N2[C](SC1)[C](NC(=O)/C(=N\OC)c1csc(N)n1)C2=O,1,1,0.831746020422712
full_coverage_descriptor_fp_meta_v4,challenger_proxy_meta_logreg_knn_plus_lgbm__cal_none__thr_f1,external,COCCCOc1ccnc(CS(=O)c2nc3ccccc3[n-]2)c1C,1,1,0.6544410230324705
full_coverage_descriptor_fp_meta_v4,challenger_proxy_meta_logreg_knn_plus_lgbm__cal_none__thr_f1,external,COCc1c(C(C)C)nc(C(C)C)c(C=CC(O)CC(O)CC(=O)[O-])c1-c1ccc(F)cc1,1,1,0.903384270945526
full_coverage_descriptor_fp_meta_v4,challenger_proxy_meta_logreg_knn_plus_lgbm__cal_none__thr_f1,external,CON=C(C(=O)NC1C(=O)N2C(C(=O)[O-])=C(CSc3nc(=O)c(=O)[nH]n3C)CSC12)c1csc(N)n1,1,1,0.9229049155649872
full_coverage_descriptor_fp_meta_v4,challenger_proxy_meta_logreg_knn_plus_lgbm__cal_none__thr_f1,external,CON=C1CN(c2nc3c(cc2F)c(=O)c(C(=O)O)cn3C2CC2)CC1CN,1,1,0.9384281602127827
full_coverage_descriptor_fp_meta_v4,challenger_proxy_meta_logreg_knn_plus_lgbm__cal_none__thr_f1,external,COP(=S)(OC)Oc1ccc(SC)c(C)c1,1,1,0.9295102009951142
full_coverage_descriptor_fp_meta_v4,challenger_proxy_meta_logreg_knn_plus_lgbm__cal_none__thr_f1,external,CO[C@]1(NC(=O)CSCC#N)[C]2SCC(CSc3nnnn3C)=C(C(=O)[O-])N2C1=O,0,1,0.7674478132513918
full_coverage_descriptor_fp_meta_v4,challenger_proxy_meta_logreg_knn_plus_lgbm__cal_none__thr_f1,external,CO[C]1C[C](C[C](C)[C]2CC(=O)[C](C)/C=C(\C)[C](O)[C](OC)C(=O)[C](C)C[C](C)/C=C/C=C/C=C(\C)[C](OC)C[C]3CC[C](C)[C@@](O)(O3)C(=O)C(=O)N3CCCC[C]3C(=O)O2)CC[C]1O,1,1,0.9059661805866592
full_coverage_descriptor_fp_meta_v4,challenger_proxy_meta_logreg_knn_plus_lgbm__cal_none__thr_f1,external,CO[C]1C[C](C[C](C)[C]2CC(=O)[C](C)/C=C(\C)[C](O)[C](OC)C(=O)[C](C)C[C](C)/C=C/C=C/C=C(\C)[C](OC)C[C]3CC[C](C)[C@@](O)(O3)C(=O)C(=O)N3CCCC[C]3C(=O)O2)CC[C]1OCCO,1,1,0.9382676797395576
full_coverage_descriptor_fp_meta_v4,challenger_proxy_meta_logreg_knn_plus_lgbm__cal_none__thr_f1,external,COc1c(N2CCNC(C)C2)c(F)cc2c(=O)c(C(=O)O)cn(C3CC3)c12,1,1,0.9315990506049282
full_coverage_descriptor_fp_meta_v4,challenger_proxy_meta_logreg_knn_plus_lgbm__cal_none__thr_f1,external,COc1cc(C=O)ccc1O,0,0,0.4163921613265905
full_coverage_descriptor_fp_meta_v4,challenger_proxy_meta_logreg_knn_plus_lgbm__cal_none__thr_f1,external,COc1cc(NS(C)(=O)=O)ccc1Nc1c2ccccc2nc2ccccc12,0,0,0.0458088562887183
full_coverage_descriptor_fp_meta_v4,challenger_proxy_meta_logreg_knn_plus_lgbm__cal_none__thr_f1,external,COc1cc(OC)c(C(=O)CCCN2CCCC2)c(OC)c1,0,0,0.0866807539055108
full_coverage_descriptor_fp_meta_v4,challenger_proxy_meta_logreg_knn_plus_lgbm__cal_none__thr_f1,external,COc1cc([C]2[C]3[C](COC3=O)[C](O[C]3O[C]4CO[C](C)O[C]4[C](O)[C]3O)c3cc4c(cc32)OCO4)cc(OC)c1OP(=O)(O)O,0,1,0.7129465265820316
full_coverage_descriptor_fp_meta_v4,challenger_proxy_meta_logreg_knn_plus_lgbm__cal_none__thr_f1,external,COc1cc2c(cc1OC)[C](Cc1cc(OC)c(OC)c(OC)c1)[N+](C)(CCCOC(=O)CC/C=C/CCC(=O)OCCC[N+]1(C)CCc3cc(OC)c(OC)cc3[C]1Cc1cc(OC)c(OC)c(OC)c1)CC2,0,0,0.163136306687352
full_coverage_descriptor_fp_meta_v4,challenger_proxy_meta_logreg_knn_plus_lgbm__cal_none__thr_f1,external,COc1ccc(CCNCC(O)COc2cccc(C)c2)cc1OC,0,0,0.0803453842540289
full_coverage_descriptor_fp_meta_v4,challenger_proxy_meta_logreg_knn_plus_lgbm__cal_none__thr_f1,external,COc1ccc2[nH]c(S(=O)Cc3ncc(C)c(OC)c3C)nc2c1,1,1,0.9275979059146072
full_coverage_descriptor_fp_meta_v4,challenger_proxy_meta_logreg_knn_plus_lgbm__cal_none__thr_f1,external,COc1ccc2c3c1O[C]1C[C](O)C=C[C@]13CCN(C)C2,1,0,0.0531889968553944
full_coverage_descriptor_fp_meta_v4,challenger_proxy_meta_logreg_knn_plus_lgbm__cal_none__thr_f1,external,COc1ccc2cc(CCC(C)=O)ccc2c1,1,0,0.391920848409486
full_coverage_descriptor_fp_meta_v4,challenger_proxy_meta_logreg_knn_plus_lgbm__cal_none__thr_f1,external,COc1ccc2cccc(CCNC(C)=O)c2c1,0,0,0.0498104054782485
full_coverage_descriptor_fp_meta_v4,challenger_proxy_meta_logreg_knn_plus_lgbm__cal_none__thr_f1,external,COc1ccccc1OCC(O)CN1CCN(CC(=O)Nc2c(C)cccc2C)CC1,1,1,0.913075862100218
full_coverage_descriptor_fp_meta_v4,challenger_proxy_meta_logreg_knn_plus_lgbm__cal_none__thr_f1,external,COc1ccnc(CS(=O)c2nc3ccc(OC(F)F)cc3[n-]2)c1OC,0,1,0.5034866660503565
full_coverage_descriptor_fp_meta_v4,challenger_proxy_meta_logreg_knn_plus_lgbm__cal_none__thr_f1,external,COc1ccnc(CS(=O)c2nc3ccc(OC(F)F)cc3[nH]2)c1OC,0,1,0.5416096178861612
full_coverage_descriptor_fp_meta_v4,challenger_proxy_meta_logreg_knn_plus_lgbm__cal_none__thr_f1,external,CS(=O)(=O)CCNCc1ccc(-c2ccc3ncnc(Nc4ccc(OCc5cccc(F)c5)c(Cl)c4)c3c2)o1,1,1,0.8926875936456106
full_coverage_descriptor_fp_meta_v4,challenger_proxy_meta_logreg_knn_plus_lgbm__cal_none__thr_f1,external,C[C@]12CC[C]3[C](CCc4cc(OS(=O)(=O)O)ccc43)[C]1CCC2=O,0,0,0.0486392094375036
full_coverage_descriptor_fp_meta_v4,challenger_proxy_meta_logreg_knn_plus_lgbm__cal_none__thr_f1,external,C[C](CS)C(=O)N1CCC[C]1C(=O)O,1,1,0.9275087851625002
full_coverage_descriptor_fp_meta_v4,challenger_proxy_meta_logreg_knn_plus_lgbm__cal_none__thr_f1,external,C[C](CSC(C)=O)C(=O)N1CCC[C]1C(=O)N[C](Cc1ccccc1)C(=O)O,0,1,0.828247005228847
full_coverage_descriptor_fp_meta_v4,challenger_proxy_meta_logreg_knn_plus_lgbm__cal_none__thr_f1,external,C[C](O)C(=O)Nc1c(I)c(C(=O)NC(CO)CO)c(I)c(C(=O)NC(CO)CO)c1I,1,1,0.6928921677612664
full_coverage_descriptor_fp_meta_v4,challenger_proxy_meta_logreg_knn_plus_lgbm__cal_none__thr_f1,external,C[C](c1ncncc1F)[C@](O)(Cn1cncn1)c1ccc(F)cc1F,1,1,0.6643485837813371
full_coverage_descriptor_fp_meta_v4,challenger_proxy_meta_logreg_knn_plus_lgbm__cal_none__thr_f1,external,C[C]1CC[C]2C(C)(C)[C]3C[C@@]12CC(C(C)=O)=C3C,0,1,0.529018859545807
full_coverage_descriptor_fp_meta_v4,challenger_proxy_meta_logreg_knn_plus_lgbm__cal_none__thr_f1,external,C[C]1CN(c2c(F)c(N)c3c(=O)c(C(=O)O)cn(C4CC4)c3c2F)C[C](C)N1,1,1,0.9364366044767404
full_coverage_descriptor_fp_meta_v4,challenger_proxy_meta_logreg_knn_plus_lgbm__cal_none__thr_f1,external,C[N+](C)(C)CCOC(=O)CCC(=O)OCC[N+](C)(C)C,1,0,0.4204540170392329
full_coverage_descriptor_fp_meta_v4,challenger_proxy_meta_logreg_knn_plus_lgbm__cal_none__thr_f1,external,C[N+]1(C)C2CCC1CC(OC(=O)C(CO)c1ccccc1)C2,0,0,0.0716173886748102
full_coverage_descriptor_fp_meta_v4,challenger_proxy_meta_logreg_knn_plus_lgbm__cal_none__thr_f1,external,C[N+]1(C)[C]2CC[C]1CC(OC(=O)C(CO)c1ccccc1)C2,0,0,0.0803588026801062
full_coverage_descriptor_fp_meta_v4,challenger_proxy_meta_logreg_knn_plus_lgbm__cal_none__thr_f1,external,Cc1c(F)c(N2CCNC(C)C2)cc2c1c(=O)c(C(=O)O)cn2C1CC1,1,1,0.7151875656702763
full_coverage_descriptor_fp_meta_v4,challenger_proxy_meta_logreg_knn_plus_lgbm__cal_none__thr_f1,external,Cc1c(OCC(F)(F)F)ccnc1CS(=O)c1nc2ccccc2[nH]1,1,1,0.9358569181677396
full_coverage_descriptor_fp_meta_v4,challenger_proxy_meta_logreg_knn_plus_lgbm__cal_none__thr_f1,external,Cc1cc(C(C)(C)C)cc(C)c1CC1=NCCN1,0,0,0.1188358762526128
full_coverage_descriptor_fp_meta_v4,challenger_proxy_meta_logreg_knn_plus_lgbm__cal_none__thr_f1,external,Cc1cc(NC(=O)C2=C(O)c3ccccc3S(=O)(=O)N2C)no1,1,0,0.3728840357133303
full_coverage_descriptor_fp_meta_v4,challenger_proxy_meta_logreg_knn_plus_lgbm__cal_none__thr_f1,external,Cc1cc(O)cc(C)c1Cl,1,1,0.6880002157076683
full_coverage_descriptor_fp_meta_v4,challenger_proxy_meta_logreg_knn_plus_lgbm__cal_none__thr_f1,external,Cc1cc2cc3c(C)cc(=O)oc3c(C)c2o1,1,0,0.2271218328816434
full_coverage_descriptor_fp_meta_v4,challenger_proxy_meta_logreg_knn_plus_lgbm__cal_none__thr_f1,external,Cc1ccc(C(=CCN2CCCC2)c2ccccn2)cc1,0,0,0.0678121480689604
full_coverage_descriptor_fp_meta_v4,challenger_proxy_meta_logreg_knn_plus_lgbm__cal_none__thr_f1,external,Cc1ccc(NC(=O)c2ccc(CN3CCN(C)CC3)cc2)cc1Nc1nccc(-c2cccnc2)n1,1,1,0.5360427751696204
full_coverage_descriptor_fp_meta_v4,challenger_proxy_meta_logreg_knn_plus_lgbm__cal_none__thr_f1,external,Cc1cccc(CC(C)(C)CO)c1,0,0,0.1661482262501814
full_coverage_descriptor_fp_meta_v4,challenger_proxy_meta_logreg_knn_plus_lgbm__cal_none__thr_f1,external,Cc1cccc(N(C)C(=S)Oc2ccc3ccccc3c2)c1,0,0,0.4091492580047348
full_coverage_descriptor_fp_meta_v4,challenger_proxy_meta_logreg_knn_plus_lgbm__cal_none__thr_f1,external,Cc1cn([C]2C[C](N=[N+]=[N-])[C](CO)O2)c(=O)[nH]c1=O,1,0,0.2163884103416737
full_coverage_descriptor_fp_meta_v4,challenger_proxy_meta_logreg_knn_plus_lgbm__cal_none__thr_f1,external,Cc1cnc(C(=O)O)c[n+]1[O-],0,0,0.0500372662263509
full_coverage_descriptor_fp_meta_v4,challenger_proxy_meta_logreg_knn_plus_lgbm__cal_none__thr_f1,external,Cc1cnc(NC(=O)C2=C(O)c3ccccc3S(=O)(=O)N2C)s1,1,1,0.9152867272207612
full_coverage_descriptor_fp_meta_v4,challenger_proxy_meta_logreg_knn_plus_lgbm__cal_none__thr_f1,external,Cc1nc(-c2ccc(Cl)cc2)oc1COC(C)(C)C(=O)O,1,1,0.7145183215322729
full_coverage_descriptor_fp_meta_v4,challenger_proxy_meta_logreg_knn_plus_lgbm__cal_none__thr_f1,external,Cc1nc(-c2ccc(OCC(C)C)c(C#N)c2)sc1C(=O)O,1,1,0.7925362974115057
full_coverage_descriptor_fp_meta_v4,challenger_proxy_meta_logreg_knn_plus_lgbm__cal_none__thr_f1,external,Cc1nnc(C(=O)NC(C)(C)c2nc(C(=O)NCc3ccc(F)cc3)c(O)c(=O)n2C)o1,1,1,0.8450483764682153
full_coverage_descriptor_fp_meta_v4,challenger_proxy_meta_logreg_knn_plus_lgbm__cal_none__thr_f1,external,Cc1nnc(SCC2=C(C(=O)O)N3C(=O)C(NC(=O)Cn4cnnn4)C3SC2)s1,1,1,0.9371469548960634
full_coverage_descriptor_fp_meta_v4,challenger_proxy_meta_logreg_knn_plus_lgbm__cal_none__thr_f1,external,ClC(Cl)(Cl)Cl,1,1,0.8891912004728023
full_coverage_descriptor_fp_meta_v4,challenger_proxy_meta_logreg_knn_plus_lgbm__cal_none__thr_f1,external,ClC(Cl)=C(Cl)Cl,1,1,0.870962035148848
full_coverage_descriptor_fp_meta_v4,challenger_proxy_meta_logreg_knn_plus_lgbm__cal_none__thr_f1,external,ClC1C(Cl)C(Cl)C(Cl)C(Cl)C1Cl,1,1,0.938724080112896
full_coverage_descriptor_fp_meta_v4,challenger_proxy_meta_logreg_knn_plus_lgbm__cal_none__thr_f1,external,ClC=C(Cl)Cl,1,1,0.8672801624765518
full_coverage_descriptor_fp_meta_v4,challenger_proxy_meta_logreg_knn_plus_lgbm__cal_none__thr_f1,external,Clc1ccc(CSC(Cn2ccnc2)c2ccc(Cl)cc2Cl)cc1,0,0,0.1670686809370438
full_coverage_descriptor_fp_meta_v4,challenger_proxy_meta_logreg_knn_plus_lgbm__cal_none__thr_f1,external,Cn1cnc2c1c(=O)[nH]c(=O)n2C,0,0,0.2174367384256302
full_coverage_descriptor_fp_meta_v4,challenger_proxy_meta_logreg_knn_plus_lgbm__cal_none__thr_f1,external,FC(F)OC(Cl)C(F)(F)F,1,1,0.8812067419746369
full_coverage_descriptor_fp_meta_v4,challenger_proxy_meta_logreg_knn_plus_lgbm__cal_none__thr_f1,external,FCOC(C(F)(F)F)C(F)(F)F,1,1,0.9377208721422003
full_coverage_descriptor_fp_meta_v4,challenger_proxy_meta_logreg_knn_plus_lgbm__cal_none__thr_f1,external,N=C(N)NCCC[C](N)C(=O)O,0,0,0.0469416573960361
full_coverage_descriptor_fp_meta_v4,challenger_proxy_meta_logreg_knn_plus_lgbm__cal_none__thr_f1,external,NC(=NCCCCCCN=C(N)N=C(N)Nc1ccc(Cl)cc1)N=C(N)Nc1ccc(Cl)cc1,0,0,0.4258878972051241
full_coverage_descriptor_fp_meta_v4,challenger_proxy_meta_logreg_knn_plus_lgbm__cal_none__thr_f1,external,NC(=O)CCC(NC(=O)OCc1ccccc1)C(=O)O,0,0,0.0983271445197475
full_coverage_descriptor_fp_meta_v4,challenger_proxy_meta_logreg_knn_plus_lgbm__cal_none__thr_f1,external,NC(N)=NC(N)=NCCc1ccccc1,0,0,0.1495043916987559
full_coverage_descriptor_fp_meta_v4,challenger_proxy_meta_logreg_knn_plus_lgbm__cal_none__thr_f1,external,NC1=CC(=Nc2ccc(N)cc2)C(N)=CC1=Nc1ccc(N)cc1,0,0,0.2208967877207753
full_coverage_descriptor_fp_meta_v4,challenger_proxy_meta_logreg_knn_plus_lgbm__cal_none__thr_f1,external,NC1=NC(=O)C(c2ccccc2)O1,0,0,0.1694572301153575
full_coverage_descriptor_fp_meta_v4,challenger_proxy_meta_logreg_knn_plus_lgbm__cal_none__thr_f1,external,NC1CCN(c2nc3c(cc2F)c(=O)c(C(=O)O)cn3-c2ccc(F)cc2F)C1,1,1,0.7586775710089025
full_coverage_descriptor_fp_meta_v4,challenger_proxy_meta_logreg_knn_plus_lgbm__cal_none__thr_f1,external,NC1CN(c2c(F)cc3c(=O)c(C(=O)O)cn(C4CC4F)c3c2Cl)CC12CC2,1,1,0.800415182381588
full_coverage_descriptor_fp_meta_v4,challenger_proxy_meta_logreg_knn_plus_lgbm__cal_none__thr_f1,external,NCC1(CC(=O)O)CCCCC1,1,0,0.2860193267884874
full_coverage_descriptor_fp_meta_v4,challenger_proxy_meta_logreg_knn_plus_lgbm__cal_none__thr_f1,external,NCC1CCC(C(=O)O)CC1,1,0,0.4099802250549145
full_coverage_descriptor_fp_meta_v4,challenger_proxy_meta_logreg_knn_plus_lgbm__cal_none__thr_f1,external,NCCC(O)(P(=O)(O)O)P(=O)(O)O,1,1,0.9110314768551436
full_coverage_descriptor_fp_meta_v4,challenger_proxy_meta_logreg_knn_plus_lgbm__cal_none__thr_f1,external,NCCCC(O)(P(=O)([O-])O)P(=O)(O)O,1,0,0.4785920186476872
full_coverage_descriptor_fp_meta_v4,challenger_proxy_meta_logreg_knn_plus_lgbm__cal_none__thr_f1,external,NCCCCCC(=O)O,1,1,0.8975287386422139
full_coverage_descriptor_fp_meta_v4,challenger_proxy_meta_logreg_knn_plus_lgbm__cal_none__thr_f1,external,NS(=O)(=O)c1cc(Cl)c(Cl)c(S(N)(=O)=O)c1,0,0,0.0510718666431517
full_coverage_descriptor_fp_meta_v4,challenger_proxy_meta_logreg_knn_plus_lgbm__cal_none__thr_f1,external,N[C]([C](O)c1ccc(O)c(O)c1)C(=O)O,0,0,0.0453320000841482
full_coverage_descriptor_fp_meta_v4,challenger_proxy_meta_logreg_knn_plus_lgbm__cal_none__thr_f1,external,Nc1ccc(C(=O)OCC(O)CO)cc1,0,0,0.0815057811961956
full_coverage_descriptor_fp_meta_v4,challenger_proxy_meta_logreg_knn_plus_lgbm__cal_none__thr_f1,external,Nc1ccc(Cc2ccc(N)cc2)cc1,0,0,0.0806560451975267
full_coverage_descriptor_fp_meta_v4,challenger_proxy_meta_logreg_knn_plus_lgbm__cal_none__thr_f1,external,Nc1ccc(O)cc1[N+](=O)[O-],0,0,0.2696634948224946
full_coverage_descriptor_fp_meta_v4,challenger_proxy_meta_logreg_knn_plus_lgbm__cal_none__thr_f1,external,Nc1ccn(C[C](CO)OCP(=O)(O)O)c(=O)n1,1,1,0.9345484779971828
full_coverage_descriptor_fp_meta_v4,challenger_proxy_meta_logreg_knn_plus_lgbm__cal_none__thr_f1,external,Nc1nc(=O)n(C2CSC(CO)O2)cc1F,1,1,0.7596905437278973
full_coverage_descriptor_fp_meta_v4,challenger_proxy_meta_logreg_knn_plus_lgbm__cal_none__thr_f1,external,Nc1nc(C(=CCC(=O)O)C(=O)NC2C(=O)N3C(C(=O)O)=CCSC23)cs1,1,1,0.9336787865430904
full_coverage_descriptor_fp_meta_v4,challenger_proxy_meta_logreg_knn_plus_lgbm__cal_none__thr_f1,external,Nc1nc(Cl)nc2c1ncn2C1OC(CO)C(O)C1F,1,1,0.9371696110679552
full_coverage_descriptor_fp_meta_v4,challenger_proxy_meta_logreg_knn_plus_lgbm__cal_none__thr_f1,external,Nc1nc(Cl)nc2c1ncn2[C]1C[C](O)[C](CO)O1,1,1,0.920669917305335
full_coverage_descriptor_fp_meta_v4,challenger_proxy_meta_logreg_knn_plus_lgbm__cal_none__thr_f1,external,Nc1nc(N)c2nc(CNc3ccc(C(=O)NC(CCC(=O)O)C(=O)O)cc3)cnc2n1,0,0,0.1425016624038705
full_coverage_descriptor_fp_meta_v4,challenger_proxy_meta_logreg_knn_plus_lgbm__cal_none__thr_f1,external,Nc1nc2c(ncn2COC(CO)CO)c(=O)[nH]1,1,1,0.9369105152925225
full_coverage_descriptor_fp_meta_v4,challenger_proxy_meta_logreg_knn_plus_lgbm__cal_none__thr_f1,external,Nc1nc2c(ncn2COCCO)c(=O)[nH]1,1,1,0.8891935171081398
full_coverage_descriptor_fp_meta_v4,challenger_proxy_meta_logreg_knn_plus_lgbm__cal_none__thr_f1,external,Nc1nc2ccc(OC(F)(F)F)cc2s1,1,1,0.702183600358531
full_coverage_descriptor_fp_meta_v4,challenger_proxy_meta_logreg_knn_plus_lgbm__cal_none__thr_f1,external,O=C(CCCCC(=O)Nc1c(I)cc(I)c(C(=O)O)c1I)Nc1c(I)cc(I)c(C(=O)O)c1I,1,0,0.302370561407085
full_coverage_descriptor_fp_meta_v4,challenger_proxy_meta_logreg_knn_plus_lgbm__cal_none__thr_f1,external,O=C(CCOCCOCCOCCOCCC(=O)Nc1c(I)cc(I)c(C(=O)O)c1I)Nc1c(I)cc(I)c(C(=O)O)c1I,0,0,0.4046376396372226
full_coverage_descriptor_fp_meta_v4,challenger_proxy_meta_logreg_knn_plus_lgbm__cal_none__thr_f1,external,O=C(NCCO[N+](=O)[O-])c1cccnc1,0,0,0.0429926020019904
full_coverage_descriptor_fp_meta_v4,challenger_proxy_meta_logreg_knn_plus_lgbm__cal_none__thr_f1,external,O=C(Nc1ccc(C(=O)[O-])cc1)[C](Cc1ccc(O)cc1)NC(=O)c1ccccc1,0,1,0.7336143103551088
full_coverage_descriptor_fp_meta_v4,challenger_proxy_meta_logreg_knn_plus_lgbm__cal_none__thr_f1,external,O=C(Nc1ccc(Cl)c(Cl)c1)c1cc(Cl)cc(Cl)c1O,0,1,0.7560658131234402
full_coverage_descriptor_fp_meta_v4,challenger_proxy_meta_logreg_knn_plus_lgbm__cal_none__thr_f1,external,O=C(Nc1cccc2c(=O)cc(-c3nnn[nH]3)oc12)c1ccc(OCCCCc2ccccc2)cc1,0,1,0.7973515293318153
full_coverage_descriptor_fp_meta_v4,challenger_proxy_meta_logreg_knn_plus_lgbm__cal_none__thr_f1,external,O=C(O)CCCC[C]1SC[C]2NC(=O)N[C]21,0,0,0.1120658427500649
full_coverage_descriptor_fp_meta_v4,challenger_proxy_meta_logreg_knn_plus_lgbm__cal_none__thr_f1,external,O=C(O)CCNC(=O)c1ccc(N=Nc2ccc(O)c(C(=O)O)c2)cc1,1,1,0.9270512726686556
full_coverage_descriptor_fp_meta_v4,challenger_proxy_meta_logreg_knn_plus_lgbm__cal_none__thr_f1,external,O=C(O)Cc1ccccc1Oc1ccc(Cl)cc1Cl,1,1,0.7083270417934551
full_coverage_descriptor_fp_meta_v4,challenger_proxy_meta_logreg_knn_plus_lgbm__cal_none__thr_f1,external,O=C(O)c1cc(-c2ccc(F)cc2F)ccc1O,1,1,0.9303876594546562
full_coverage_descriptor_fp_meta_v4,challenger_proxy_meta_logreg_knn_plus_lgbm__cal_none__thr_f1,external,O=C(O)c1cc(N=Nc2ccc([O-])c(C(=O)O)c2)ccc1[O-],1,0,0.4289109700320598
full_coverage_descriptor_fp_meta_v4,challenger_proxy_meta_logreg_knn_plus_lgbm__cal_none__thr_f1,external,O=C(O)c1ccc(-n2nc(-c3ccccc3O)nc2-c2ccccc2O)cc1,1,1,0.9207296573428524
full_coverage_descriptor_fp_meta_v4,challenger_proxy_meta_logreg_knn_plus_lgbm__cal_none__thr_f1,external,O=C(O)c1cccc(-c2noc(-c3ccccc3F)n2)c1,1,1,0.6078751311852553
full_coverage_descriptor_fp_meta_v4,challenger_proxy_meta_logreg_knn_plus_lgbm__cal_none__thr_f1,external,O=C(O)c1ccccc1Nc1cccc(C(F)(F)F)c1,1,0,0.4809851184427982
full_coverage_descriptor_fp_meta_v4,challenger_proxy_meta_logreg_knn_plus_lgbm__cal_none__thr_f1,external,O=C(O)c1cccnc1Nc1cccc(C(F)(F)F)c1,1,1,0.5072497656042884
full_coverage_descriptor_fp_meta_v4,challenger_proxy_meta_logreg_knn_plus_lgbm__cal_none__thr_f1,external,O=C(O)c1cn(C2CC2)c2cc(N3CCNCC3)c(F)cc2c1=O,1,1,0.9342656416108908
full_coverage_descriptor_fp_meta_v4,challenger_proxy_meta_logreg_knn_plus_lgbm__cal_none__thr_f1,external,O=C(OC1CC2CCC(C1)[N+]21CCCC1)C(O)(c1ccccc1)c1ccccc1,1,1,0.927390461210689
full_coverage_descriptor_fp_meta_v4,challenger_proxy_meta_logreg_knn_plus_lgbm__cal_none__thr_f1,external,O=C(OCCN1CCOCC1)c1cccnc1Nc1cccc(C(F)(F)F)c1,0,0,0.3566542498014184
full_coverage_descriptor_fp_meta_v4,challenger_proxy_meta_logreg_knn_plus_lgbm__cal_none__thr_f1,external,O=C(OCc1ccccc1)c1ccccc1,0,0,0.2894783243299634
full_coverage_descriptor_fp_meta_v4,challenger_proxy_meta_logreg_knn_plus_lgbm__cal_none__thr_f1,external,O=C(OOC(=O)c1ccccc1)c1ccccc1,0,0,0.0561320902268466
full_coverage_descriptor_fp_meta_v4,challenger_proxy_meta_logreg_knn_plus_lgbm__cal_none__thr_f1,external,O=C([O-])C1=NN(c2ccc(S(=O)(=O)[O-])cc2)C(=O)C1N=Nc1ccc(S(=O)(=O)[O-])cc1,0,0,0.4363486436482722
full_coverage_descriptor_fp_meta_v4,challenger_proxy_meta_logreg_knn_plus_lgbm__cal_none__thr_f1,external,O=C([O-])C1C(=CCO)OC2CC(=O)N21,0,0,0.1840211339835751
full_coverage_descriptor_fp_meta_v4,challenger_proxy_meta_logreg_knn_plus_lgbm__cal_none__thr_f1,external,O=C([O-])CCCc1ccccc1,1,0,0.2159264946402694
full_coverage_descriptor_fp_meta_v4,challenger_proxy_meta_logreg_knn_plus_lgbm__cal_none__thr_f1,external,O=C([O-])P(=O)([O-])[O-],1,1,0.6809423093673653
full_coverage_descriptor_fp_meta_v4,challenger_proxy_meta_logreg_knn_plus_lgbm__cal_none__thr_f1,external,O=C([O-])[C](O)[C](O)[C](O)[C](O)CO,0,0,0.3167233152496559
full_coverage_descriptor_fp_meta_v4,challenger_proxy_meta_logreg_knn_plus_lgbm__cal_none__thr_f1,external,O=C(c1cc(O)c(O)c(O)c1)c1ccc(O)c(O)c1O,0,0,0.3278601664084596
full_coverage_descriptor_fp_meta_v4,challenger_proxy_meta_logreg_knn_plus_lgbm__cal_none__thr_f1,external,O=C1NCCN1c1ncc([N+](=O)[O-])s1,0,0,0.1287595239090173
full_coverage_descriptor_fp_meta_v4,challenger_proxy_meta_logreg_knn_plus_lgbm__cal_none__thr_f1,external,O=C1Nc2ccc(Cl)cc2[C@@](C#CC2CC2)(C(F)(F)F)O1,1,1,0.929991890582196
full_coverage_descriptor_fp_meta_v4,challenger_proxy_meta_logreg_knn_plus_lgbm__cal_none__thr_f1,external,O=C1OC(OC(=O)c2cccnc2Nc2cccc(C(F)(F)F)c2)c2ccccc21,1,1,0.7618763378968918
full_coverage_descriptor_fp_meta_v4,challenger_proxy_meta_logreg_knn_plus_lgbm__cal_none__thr_f1,external,O=C1OC2(c3ccc(O)cc3Oc3cc(O)ccc32)c2ccc(N=C=S)cc21,0,1,0.5351442443654357
full_coverage_descriptor_fp_meta_v4,challenger_proxy_meta_logreg_knn_plus_lgbm__cal_none__thr_f1,external,O=CC(O)C(O)C(O)C(O)CO,0,1,0.5627726802945344
full_coverage_descriptor_fp_meta_v4,challenger_proxy_meta_logreg_knn_plus_lgbm__cal_none__thr_f1,external,O=C[C](O)[C](O)[C](O)[C](O)CO,0,0,0.285906820759064
full_coverage_descriptor_fp_meta_v4,challenger_proxy_meta_logreg_knn_plus_lgbm__cal_none__thr_f1,external,O=P([O-])(O)C(Sc1ccc(Cl)cc1)P(=O)([O-])O,1,1,0.5837771471027681
full_coverage_descriptor_fp_meta_v4,challenger_proxy_meta_logreg_knn_plus_lgbm__cal_none__thr_f1,external,O=P1(N(CCCl)CCCl)NCCCO1,1,1,0.5436819545878653
full_coverage_descriptor_fp_meta_v4,challenger_proxy_meta_logreg_knn_plus_lgbm__cal_none__thr_f1,external,O=P1(NCCCl)OCCCN1CCCl,1,0,0.4360830355186845
full_coverage_descriptor_fp_meta_v4,challenger_proxy_meta_logreg_knn_plus_lgbm__cal_none__thr_f1,external,O=S(=O)(O)c1ccccc1,0,0,0.184481875376152
full_coverage_descriptor_fp_meta_v4,challenger_proxy_meta_logreg_knn_plus_lgbm__cal_none__thr_f1,external,O=[N+]([O-])c1ccc(S(=O)(=O)O)c([N+](=O)[O-])c1,0,0,0.2358764718366226
full_coverage_descriptor_fp_meta_v4,challenger_proxy_meta_logreg_knn_plus_lgbm__cal_none__thr_f1,external,O=[N+]([O-])c1cncn1CCN1CCOCC1,1,0,0.1823589493462316
full_coverage_descriptor_fp_meta_v4,challenger_proxy_meta_logreg_knn_plus_lgbm__cal_none__thr_f1,external,O=c1[nH]cnc2[nH]ncc12,1,0,0.2052030636753586
full_coverage_descriptor_fp_meta_v4,challenger_proxy_meta_logreg_knn_plus_lgbm__cal_none__thr_f1,external,O=c1[nH]cnc2c1ncn2[C]1CC[C](CO)O1,1,0,0.4570457737143453
full_coverage_descriptor_fp_meta_v4,challenger_proxy_meta_logreg_knn_plus_lgbm__cal_none__thr_f1,external,O=c1nc([O-])n(Cl)c(=O)n1Cl,0,1,0.6962800456472198
full_coverage_descriptor_fp_meta_v4,challenger_proxy_meta_logreg_knn_plus_lgbm__cal_none__thr_f1,external,OC(CCCN1CCCCC1)(c1ccccc1)c1ccccc1,0,0,0.0647426211594343
full_coverage_descriptor_fp_meta_v4,challenger_proxy_meta_logreg_knn_plus_lgbm__cal_none__thr_f1,external,OC(O)C(Cl)(Cl)Cl,1,1,0.5554025504437479
full_coverage_descriptor_fp_meta_v4,challenger_proxy_meta_logreg_knn_plus_lgbm__cal_none__thr_f1,external,OCC1OC(OC2C(CO)OC(O)(CO)C2O)C(O)C(O)C1O,0,0,0.059643059335749
full_coverage_descriptor_fp_meta_v4,challenger_proxy_meta_logreg_knn_plus_lgbm__cal_none__thr_f1,external,OCC1OC(OC2C(CO)OC(O)C(O)C2O)C(O)C(O)C1O,0,1,0.5628596829801233
full_coverage_descriptor_fp_meta_v4,challenger_proxy_meta_logreg_knn_plus_lgbm__cal_none__thr_f1,external,OCCN1CCN(CCCN2c3ccccc3C=Cc3ccccc32)CC1,0,0,0.0498490346719657
full_coverage_descriptor_fp_meta_v4,challenger_proxy_meta_logreg_knn_plus_lgbm__cal_none__thr_f1,external,OC[C](O)[C](O)[C](O[C]1O[C](CO)[C](O)[C](O)[C]1O)[C](O)CO,0,0,0.2904229743757191
full_coverage_descriptor_fp_meta_v4,challenger_proxy_meta_logreg_knn_plus_lgbm__cal_none__thr_f1,external,OC[C](O)[C]1O[C]2O[C](C(Cl)(Cl)Cl)O[C]2[C]1O,1,1,0.5452709784414063
full_coverage_descriptor_fp_meta_v4,challenger_proxy_meta_logreg_knn_plus_lgbm__cal_none__thr_f1,external,Oc1c(Cl)cc(Cl)c(Cl)c1Cc1c(O)c(Cl)cc(Cl)c1Cl,0,0,0.0657767335904374
full_coverage_descriptor_fp_meta_v4,challenger_proxy_meta_logreg_knn_plus_lgbm__cal_none__thr_f1,external,Oc1ccc(OCc2ccccc2)cc1,0,0,0.0487483191520341
full_coverage_descriptor_fp_meta_v4,challenger_proxy_meta_logreg_knn_plus_lgbm__cal_none__thr_f1,external,Oc1ccccc1N=Nc1ccccc1O,0,1,0.5693994407338755
full_coverage_descriptor_fp_meta_v4,challenger_proxy_meta_logreg_knn_plus_lgbm__cal_none__thr_f1,external,S=C(S)N1CCCCC1,0,0,0.1313189921105668
full_coverage_descriptor_fp_meta_v4,challenger_proxy_meta_logreg_knn_plus_lgbm__cal_none__thr_f1,external,c1ccc(CC2=NCCN2)cc1,1,0,0.0864551225598495
full_coverage_descriptor_fp_meta_v4,challenger_proxy_meta_logreg_knn_plus_lgbm__cal_none__thr_f1,external,c1ccc2c(c1)CCCC2C1=NCCN1,0,0,0.0563215896683399
full_coverage_improvements,meta_logreg_knn_plus_lgbm__cal_none__thr_f1,external,C#CC(O)(/C=C/Cl)CC,1,0,0.486732003707006
full_coverage_improvements,meta_logreg_knn_plus_lgbm__cal_none__thr_f1,external,C#CCC(Cc1cnc2nc(N)nc(N)c2n1)c1ccc(C(=O)N[C](CCC(=O)O)C(=O)O)cc1,1,0,0.2599942969726858
full_coverage_improvements,meta_logreg_knn_plus_lgbm__cal_none__thr_f1,external,C#C[C@]1(OC(=O)CCCCCC)CC[C]2[C]3CCC4=CC(=O)CC[C]4[C]3CC[C@@]21C,0,0,0.0470470134543601
full_coverage_improvements,meta_logreg_knn_plus_lgbm__cal_none__thr_f1,external,C/C=C(C(=C/C)/c1ccc(O)cc1)\c1ccc(O)cc1,0,0,0.1747525260308103
full_coverage_improvements,meta_logreg_knn_plus_lgbm__cal_none__thr_f1,external,C/C=C/C(=O)C1=C(C)C=CCC1(C)C,0,0,0.1772807312317876
full_coverage_improvements,meta_logreg_knn_plus_lgbm__cal_none__thr_f1,external,C/C=C/C(=O)C1=C(C)CCCC1(C)C,0,0,0.1064698100717193
full_coverage_improvements,meta_logreg_knn_plus_lgbm__cal_none__thr_f1,external,C/C=C/C(=O)C1C(C)=CCCC1(C)C,0,0,0.3372150913197032
full_coverage_improvements,meta_logreg_knn_plus_lgbm__cal_none__thr_f1,external,C/C=C/C(=O)C1C(C)C=CCC1(C)C,0,1,0.6442409751084112
full_coverage_improvements,meta_logreg_knn_plus_lgbm__cal_none__thr_f1,external,C/C=C/C[C](C)[C](O)[C]1C(=O)N[C](CC)C(=O)N(C)CC(=O)N(C)[C](CC(C)C)C(=O)N[C](C(C)C)C(=O)N(C)[C](CC(C)C)C(=O)N[C](C)C(=O)N[C](C)C(=O)N(C)[C](CC(C)C)C(=O)N(C)[C](CC(C)C)C(=O)N(C)[C](C(C)C)C(=O)N1C,1,1,0.8488235382609227
full_coverage_improvements,meta_logreg_knn_plus_lgbm__cal_none__thr_f1,external,C1=Nc2ccccc2Oc2ccccc21,0,0,0.1272934744850015
full_coverage_improvements,meta_logreg_knn_plus_lgbm__cal_none__thr_f1,external,C1CCC(C(CC2CCCCN2)C2CCCCC2)CC1,0,0,0.0476310501137483
full_coverage_improvements,meta_logreg_knn_plus_lgbm__cal_none__thr_f1,external,C=C(c1ccc(C(=O)O)cc1)c1cc2c(cc1C)C(C)(C)CCC2(C)C,1,0,0.3848087311440417
full_coverage_improvements,meta_logreg_knn_plus_lgbm__cal_none__thr_f1,external,C=C1C(CO)C(O)CC1n1cnc2c(=O)[nH]c(N)nc21,1,1,0.7455826112863282
full_coverage_improvements,meta_logreg_knn_plus_lgbm__cal_none__thr_f1,external,C=CC(N)CCC(=O)O,1,0,0.1365027599259927
full_coverage_improvements,meta_logreg_knn_plus_lgbm__cal_none__thr_f1,external,C=CC1=C(C(=O)O)N2[C](SC1)[C](NC(=O)/C(=N\OCC(=O)O)c1csc(N)n1)C2=O,1,1,0.9368011377396992
full_coverage_improvements,meta_logreg_knn_plus_lgbm__cal_none__thr_f1,external,C=CC1CN2CCC1CC2C(O)c1ccnc2ccc(OC)cc12,0,1,0.76249281828295
full_coverage_improvements,meta_logreg_knn_plus_lgbm__cal_none__thr_f1,external,CC(=O)C1(O)CCC2C3CC(C)C4=CC(=O)CCC4(C)C3CCC21C,0,0,0.0469981083181762
full_coverage_improvements,meta_logreg_knn_plus_lgbm__cal_none__thr_f1,external,CC(=O)C1CCC2C3CC(C)C4=CC(=O)CCC4(C)C3C(O)CC12C,0,0,0.0581208741201597
full_coverage_improvements,meta_logreg_knn_plus_lgbm__cal_none__thr_f1,external,CC(=O)CC(c1ccccc1)c1c(O)c2ccccc2oc1=O,0,0,0.0470233677925183
full_coverage_improvements,meta_logreg_knn_plus_lgbm__cal_none__thr_f1,external,CC(=O)CCCCn1c(=O)c2c(ncn2C)n(C)c1=O,0,0,0.0470365079570017
full_coverage_improvements,meta_logreg_knn_plus_lgbm__cal_none__thr_f1,external,CC(=O)N(CC(O)CO)c1c(I)c(C(=O)NCCO)c(I)c(C(=O)NCC(O)CO)c1I,1,1,0.9370342340669268
full_coverage_improvements,meta_logreg_knn_plus_lgbm__cal_none__thr_f1,external,CC(=O)N(O)CCCCCNC(=O)CCC(=O)N(O)CCCCCNC(=O)CCC(=O)N(O)CCCCCN,1,1,0.9363976645897956
full_coverage_improvements,meta_logreg_knn_plus_lgbm__cal_none__thr_f1,external,CC(=O)NC(CS)C(=O)O,1,0,0.1606964892872627
full_coverage_improvements,meta_logreg_knn_plus_lgbm__cal_none__thr_f1,external,CC(=O)NS(=O)(=O)c1ccc(N)cc1,0,0,0.1317746358940795
full_coverage_improvements,meta_logreg_knn_plus_lgbm__cal_none__thr_f1,external,CC(=O)Nc1c(I)c(NC(C)=O)c(I)c(C(=O)[O-])c1I,0,1,0.6772601799171359
full_coverage_improvements,meta_logreg_knn_plus_lgbm__cal_none__thr_f1,external,CC(=O)Nc1ccc(O)cc1,1,1,0.6357945098174849
full_coverage_improvements,meta_logreg_knn_plus_lgbm__cal_none__thr_f1,external,CC(=O)Nc1ccccc1,1,1,0.9358237092815564
full_coverage_improvements,meta_logreg_knn_plus_lgbm__cal_none__thr_f1,external,CC(=O)OC/C=C(\C)CCC=C(C)C,0,0,0.4655112013424392
full_coverage_improvements,meta_logreg_knn_plus_lgbm__cal_none__thr_f1,external,CC(=O)OCCCc1ccccc1,0,0,0.1733742138005687
full_coverage_improvements,meta_logreg_knn_plus_lgbm__cal_none__thr_f1,external,CC(=O)OC[C]1O[C](n2ncc(=O)[nH]c2=O)[C](OC(C)=O)[C]1OC(C)=O,0,0,0.2088273706980481
full_coverage_improvements,meta_logreg_knn_plus_lgbm__cal_none__thr_f1,external,CC(=O)OCc1ccccc1,1,0,0.1801454846621427
full_coverage_improvements,meta_logreg_knn_plus_lgbm__cal_none__thr_f1,external,CC(=O)Oc1c(C)cc(OCC(O)CNC(C)C)c(C)c1C,0,0,0.0786749238371906
full_coverage_improvements,meta_logreg_knn_plus_lgbm__cal_none__thr_f1,external,CC(=O)Oc1cc(C(C)C)c(OCCN(C)C)cc1C,0,0,0.2246841818032975
full_coverage_improvements,meta_logreg_knn_plus_lgbm__cal_none__thr_f1,external,CC(C(=O)O)c1ccc2c(c1)[nH]c1ccc(Cl)cc12,1,0,0.3951847728374247
full_coverage_improvements,meta_logreg_knn_plus_lgbm__cal_none__thr_f1,external,CC(C(=O)c1ccccc1)N(C)C,0,0,0.1431601857157431
full_coverage_improvements,meta_logreg_knn_plus_lgbm__cal_none__thr_f1,external,CC(C)(C)C(=O)OCOP(=O)(COCCn1cnc2c(N)ncnc21)OCOC(=O)C(C)(C)C,1,1,0.9374053915661902
full_coverage_improvements,meta_logreg_knn_plus_lgbm__cal_none__thr_f1,external,CC(C)(C)NCC(O)COc1cccc2c1CC(O)C(O)C2,0,0,0.0470084969297558
full_coverage_improvements,meta_logreg_knn_plus_lgbm__cal_none__thr_f1,external,CC(C)(C)NCC(O)c1cc(Cl)c(N)c(Cl)c1,0,0,0.1122545958538126
full_coverage_improvements,meta_logreg_knn_plus_lgbm__cal_none__thr_f1,external,CC(C)(CO)C(O)C(=O)NCCCO,0,0,0.0472205153124771
full_coverage_improvements,meta_logreg_knn_plus_lgbm__cal_none__thr_f1,external,CC(C)(O)c1ccccc1CC[C](SCC1(CC(=O)[O-])CC1)c1cccc(/C=C/c2ccc3ccc(Cl)cc3n2)c1,1,1,0.6756539829862109
full_coverage_improvements,meta_logreg_knn_plus_lgbm__cal_none__thr_f1,external,CC(C)(O/N=C(\C(=O)N[C]1[C]2SCC(C[n+]3ccccc3)=C(C(=O)[O-])N2C1=O)c1csc(N)n1)C(=O)[O-],1,1,0.8570736558486397
full_coverage_improvements,meta_logreg_knn_plus_lgbm__cal_none__thr_f1,external,CC(C)(Oc1ccc(C2CC2(Cl)Cl)cc1)C(=O)O,1,1,0.7538859944580618
full_coverage_improvements,meta_logreg_knn_plus_lgbm__cal_none__thr_f1,external,CC(C)C(N)C(=O)OCC(CO)OCn1cnc2c(=O)[nH]c(N)nc21,1,1,0.9372511851041034
full_coverage_improvements,meta_logreg_knn_plus_lgbm__cal_none__thr_f1,external,CC(C)C(N)C(=O)OCCOCn1cnc2c(=O)[nH]c(N)nc21,1,1,0.8679057884997347
full_coverage_improvements,meta_logreg_knn_plus_lgbm__cal_none__thr_f1,external,CC(C)NCC(O)c1ccc(O)c(O)c1,0,0,0.0469781767566293
full_coverage_improvements,meta_logreg_knn_plus_lgbm__cal_none__thr_f1,external,CC(C)NNC(=O)c1ccncc1,0,0,0.1493372206337025
full_coverage_improvements,meta_logreg_knn_plus_lgbm__cal_none__thr_f1,external,CC(C)OC(=O)C(C)(C)Oc1ccc(C(=O)c2ccc(Cl)cc2)cc1,1,1,0.9373957124326744
full_coverage_improvements,meta_logreg_knn_plus_lgbm__cal_none__thr_f1,external,CC(C)OC(=O)OCOP(=O)(COC(C)Cn1cnc2c(N)ncnc21)OCOC(=O)OC(C)C,1,1,0.8919229988380174
full_coverage_improvements,meta_logreg_knn_plus_lgbm__cal_none__thr_f1,external,CC(C)OP(=O)(F)OC(C)C,1,1,0.762236619591607
full_coverage_improvements,meta_logreg_knn_plus_lgbm__cal_none__thr_f1,external,CC(C)c1nc(N(C)S(C)(=O)=O)nc(-c2ccc(F)cc2)c1/C=C/[C](O)C[C](O)CC(=O)[O-],1,1,0.8387803687372638
full_coverage_improvements,meta_logreg_knn_plus_lgbm__cal_none__thr_f1,external,CC(C)n1c(C=CC(O)CC(O)CC(=O)O)c(-c2ccc(F)cc2)c2ccccc21,1,1,0.6548771603144542
full_coverage_improvements,meta_logreg_knn_plus_lgbm__cal_none__thr_f1,external,CC(C=CC=C(C)C=CC1=C(C)C(=O)CCC1(C)C)=CC=CC=C(C)C=CC=C(C)C=CC1=C(C)C(=O)CCC1(C)C,0,0,0.3056602121447673
full_coverage_improvements,meta_logreg_knn_plus_lgbm__cal_none__thr_f1,external,CC(CCC(=O)O)C1CCC2C3C(O)CC4CC(O)CCC4(C)C3CCC12C,0,0,0.0696232766212548
full_coverage_improvements,meta_logreg_knn_plus_lgbm__cal_none__thr_f1,external,CC(C[N+](C)(C)C)OC(N)=O,1,0,0.3992236851702999
full_coverage_improvements,meta_logreg_knn_plus_lgbm__cal_none__thr_f1,external,CC(Cc1ccccc1)NCCCCl,0,0,0.0720793897025485
full_coverage_improvements,meta_logreg_knn_plus_lgbm__cal_none__thr_f1,external,CC(N)(Cc1ccc(O)c(O)c1)C(=O)O,0,0,0.0470877893325108
full_coverage_improvements,meta_logreg_knn_plus_lgbm__cal_none__thr_f1,external,CC(NCCc1ccc(O)cc1)C(O)c1ccc(O)cc1,1,0,0.0943530046223438
full_coverage_improvements,meta_logreg_knn_plus_lgbm__cal_none__thr_f1,external,CC(O)(P(=O)([O-])O)P(=O)([O-])O,0,1,0.6868594046821789
full_coverage_improvements,meta_logreg_knn_plus_lgbm__cal_none__thr_f1,external,CC(O)C(CO)NC(=O)C1CSSCC(NC(=O)C(N)Cc2ccccc2)C(=O)NC(Cc2ccccc2)C(=O)NC(Cc2c[nH]c3ccccc23)C(=O)NC(CCCCN)C(=O)NC(C(C)O)C(=O)N1,1,1,0.9369290843805128
full_coverage_improvements,meta_logreg_knn_plus_lgbm__cal_none__thr_f1,external,CC12C=CC(=O)NC1CCC1C2CCC2(C)C(C(=O)Nc3cc(C(F)(F)F)ccc3C(F)(F)F)CCC12,0,0,0.104152625251919
full_coverage_improvements,meta_logreg_knn_plus_lgbm__cal_none__thr_f1,external,CC12CCC(=O)C=C1CCC1C2CCC2(C)C(O)CCC12,1,0,0.0511837393228995
full_coverage_improvements,meta_logreg_knn_plus_lgbm__cal_none__thr_f1,external,CC12CCC3c4ccc(O)cc4CCC3C1CCC2OC(=O)CCC1CCCC1,0,0,0.070385607124521
full_coverage_improvements,meta_logreg_knn_plus_lgbm__cal_none__thr_f1,external,CC12CCC3c4ccc(OC(=O)N(CCCl)CCCl)cc4CCC3C1CCC2OP(=O)(O)O,0,0,0.1309763921019454
full_coverage_improvements,meta_logreg_knn_plus_lgbm__cal_none__thr_f1,external,CC1=C(/C=C/C(C)=C\C=C\C(C)=C\C(=O)O)C(C)(C)CCC1,1,1,0.935905051620657
full_coverage_improvements,meta_logreg_knn_plus_lgbm__cal_none__thr_f1,external,CC1C=CC=CC=CC=CC=CC=CC=CC(OC2OC(C)C(O)C(N)C2O)CC2OC(O)(CC(O)CC(O)C(O)CCC(O)CC(O)CC(=O)OC(C)C(C)C1O)CC(O)C2C(=O)O,1,1,0.9372762708812536
full_coverage_improvements,meta_logreg_knn_plus_lgbm__cal_none__thr_f1,external,CC1C=CC=CCCC=CC=CC=CC=CC(OC2OC(C)C(O)C(N)C2O)CC2OC(O)(CC(O)C(O)CCC(O)CC(O)CC(O)CC(=O)OC(C)C(C)C1O)CC(O)C2C(=O)O,0,1,0.8531567592664067
full_coverage_improvements,meta_logreg_knn_plus_lgbm__cal_none__thr_f1,external,CC1CC(OC(=O)C(O)c2ccccc2)CC(C)(C)C1,0,0,0.1276045016778115
full_coverage_improvements,meta_logreg_knn_plus_lgbm__cal_none__thr_f1,external,CC1CCC(NC(=O)N(CCCl)N=O)CC1,1,0,0.4731336763916419
full_coverage_improvements,meta_logreg_knn_plus_lgbm__cal_none__thr_f1,external,CC1CN(c2cc3c(cc2F)c(=O)c(C(=O)O)cn3-c2ccc(F)cc2F)CCN1,0,1,0.5559182035984755
full_coverage_improvements,meta_logreg_knn_plus_lgbm__cal_none__thr_f1,external,CC1COc2c(C3(N)CC3)c(F)cc3c(=O)c(C(=O)O)cn1c23,1,1,0.6977209158001891
full_coverage_improvements,meta_logreg_knn_plus_lgbm__cal_none__thr_f1,external,CC1COc2c(N3CCN(C)CC3)c(F)cc3c(=O)c(C(=O)O)cn1c23,1,1,0.936762175448008
full_coverage_improvements,meta_logreg_knn_plus_lgbm__cal_none__thr_f1,external,CC1OC(n2cc(F)c(=O)[nH]c2=O)C(O)C1O,0,0,0.2878194172277682
full_coverage_improvements,meta_logreg_knn_plus_lgbm__cal_none__thr_f1,external,CC1OC1P(=O)([O-])[O-],1,1,0.5484256247983967
full_coverage_improvements,meta_logreg_knn_plus_lgbm__cal_none__thr_f1,external,CCC(=C(CC)c1ccc(OP(=O)(O)O)cc1)c1ccc(OP(=O)(O)O)cc1,0,0,0.3401192522342615
full_coverage_improvements,meta_logreg_knn_plus_lgbm__cal_none__thr_f1,external,CCC(=O)C=Cc1ccc(OC)cc1,0,0,0.4928594945922532
full_coverage_improvements,meta_logreg_knn_plus_lgbm__cal_none__thr_f1,external,CCC(=O)OCC(=O)C1(OC(=O)CC)C(C)CC2C3CCC4=CC(=O)C=CC4(C)C3(F)C(O)CC21C,0,0,0.0496469691755007
full_coverage_improvements,meta_logreg_knn_plus_lgbm__cal_none__thr_f1,external,CCC(=O)OCC(=O)[C@@]1(OC(=O)CC)[C](C)C[C]2[C]3[C](Cl)CC4=CC(=O)C=C[C@]4(C)[C]3[C](O)C[C@@]21C,0,0,0.1285401451439958
full_coverage_improvements,meta_logreg_knn_plus_lgbm__cal_none__thr_f1,external,CCC(C(C)O)n1ncn(-c2ccc(N3CCN(c4ccc(OCC5COC(Cn6cncn6)(c6ccc(F)cc6F)C5)cc4)CC3)cc2)c1=O,1,1,0.6138870866189785
full_coverage_improvements,meta_logreg_knn_plus_lgbm__cal_none__thr_f1,external,CCC(C)C(C)(COC(N)=O)COC(N)=O,1,0,0.1285437436667964
full_coverage_improvements,meta_logreg_knn_plus_lgbm__cal_none__thr_f1,external,CCC1(C)CC(=O)NC(=O)C1,0,0,0.1316507818390239
full_coverage_improvements,meta_logreg_knn_plus_lgbm__cal_none__thr_f1,external,CCC1CN2CCc3cc(OC)c(OC)cc3C2CC1CC1NCCc2cc(OC)c(OC)cc21,0,0,0.2643369889629072
full_coverage_improvements,meta_logreg_knn_plus_lgbm__cal_none__thr_f1,external,CCCC(=O)O[C@]1(C(=O)COC(C)=O)CC[C]2[C]3C[C](F)C4=CC(=O)C=C[C@]4(C)[C@@]3(F)[C](O)C[C@@]21C,0,0,0.047014433256143
full_coverage_improvements,meta_logreg_knn_plus_lgbm__cal_none__thr_f1,external,CCCC(C)C1(CC)C(=O)[N-]C(=S)NC1=O,1,0,0.2663404070034791
full_coverage_improvements,meta_logreg_knn_plus_lgbm__cal_none__thr_f1,external,CCCCC(=O)N(Cc1ccc(-c2ccccc2-c2nnn[nH]2)cc1)[C](C(=O)O)C(C)C,1,1,0.838723587502928
full_coverage_improvements,meta_logreg_knn_plus_lgbm__cal_none__thr_f1,external,CCCCC(CC)COC(=O)C=Cc1ccc(OC)cc1,0,1,0.6728927335937608
full_coverage_improvements,meta_logreg_knn_plus_lgbm__cal_none__thr_f1,external,CCCCC(CC)COC(=O)c1ccc(C(=O)OCC(CC)CCCC)cc1,0,0,0.2350326191633142
full_coverage_improvements,meta_logreg_knn_plus_lgbm__cal_none__thr_f1,external,CCCCC(CC)COC(=O)c1ccccc1C(=O)OCC(CC)CCCC,0,0,0.3895719664423129
full_coverage_improvements,meta_logreg_knn_plus_lgbm__cal_none__thr_f1,external,CCCCC1=NC2(CCCC2)C(=O)N1Cc1ccc(-c2ccccc2-c2nnn[nH]2)cc1,1,1,0.8467573478650668
full_coverage_improvements,meta_logreg_knn_plus_lgbm__cal_none__thr_f1,external,CCCCC1C(=O)N(c2ccccc2)N(c2ccccc2)C1=O,1,1,0.936275148746412
full_coverage_improvements,meta_logreg_knn_plus_lgbm__cal_none__thr_f1,external,CCCCCCCCCCCCCCCCO,0,0,0.0514370314474045
full_coverage_improvements,meta_logreg_knn_plus_lgbm__cal_none__thr_f1,external,CCCCCCCCCCCC[N+](C)(C)C,0,1,0.5506770977756233
full_coverage_improvements,meta_logreg_knn_plus_lgbm__cal_none__thr_f1,external,CCCCCCCCCC[N+](C)(C)Cc1ccccc1,0,0,0.3435280691800286
full_coverage_improvements,meta_logreg_knn_plus_lgbm__cal_none__thr_f1,external,CCCCCCCCCS(=O)(=O)[O-],0,1,0.5399986179820102
full_coverage_improvements,meta_logreg_knn_plus_lgbm__cal_none__thr_f1,external,CCCCCCCCOC(=O)c1ccc(N(C)C)cc1,0,0,0.4932116732362974
full_coverage_improvements,meta_logreg_knn_plus_lgbm__cal_none__thr_f1,external,CCCCCCCCn1sccc1=O,0,1,0.5289229590645043
full_coverage_improvements,meta_logreg_knn_plus_lgbm__cal_none__thr_f1,external,CCCCCCNC(=O)n1cc(F)c(=O)[nH]c1=O,0,0,0.2800444465695162
full_coverage_improvements,meta_logreg_knn_plus_lgbm__cal_none__thr_f1,external,CCCCCN(C)CCC(O)(P(=O)([O-])O)P(=O)(O)O,1,1,0.7095166498320544
full_coverage_improvements,meta_logreg_knn_plus_lgbm__cal_none__thr_f1,external,CCCCOC(=O)c1ccc(N)cc1,0,0,0.2652331143911544
full_coverage_improvements,meta_logreg_knn_plus_lgbm__cal_none__thr_f1,external,CCCCOP(=O)(OCCCC)OCCCC,0,1,0.8436321212908356
full_coverage_improvements,meta_logreg_knn_plus_lgbm__cal_none__thr_f1,external,CCCCOc1cc(C(=O)NCCN(CC)CC)c2ccccc2n1,0,0,0.1520804624192609
full_coverage_improvements,meta_logreg_knn_plus_lgbm__cal_none__thr_f1,external,CCCCOc1cc(C(=O)OCCN(CC)CC)ccc1N,0,0,0.3541948798784354
full_coverage_improvements,meta_logreg_knn_plus_lgbm__cal_none__thr_f1,external,CCCCc1nc(Cl)c(CO)n1Cc1ccc(-c2ccccc2-c2nnn[nH]2)cc1,1,1,0.8693148075708909
full_coverage_improvements,meta_logreg_knn_plus_lgbm__cal_none__thr_f1,external,CCCN(CCC)C(=O)C(CCC(=O)OCCCN1CCN(CCOC(=O)Cc2c(C)n(C(=O)c3ccc(Cl)cc3)c3ccc(OC)cc23)CC1)NC(=O)c1ccccc1,1,0,0.3140541961571064
full_coverage_improvements,meta_logreg_knn_plus_lgbm__cal_none__thr_f1,external,CCCOC(=O)c1cc(O)c(O)c(O)c1,0,0,0.2104091169502412
full_coverage_improvements,meta_logreg_knn_plus_lgbm__cal_none__thr_f1,external,CCCOC(=O)c1ccc(O)cc1,0,0,0.2137408490104847
full_coverage_improvements,meta_logreg_knn_plus_lgbm__cal_none__thr_f1,external,CCCSP(=O)(OCC)Oc1ccc(Br)cc1Cl,0,1,0.8622234735666506
full_coverage_improvements,meta_logreg_knn_plus_lgbm__cal_none__thr_f1,external,CCCSc1ccc2nc(NC(=O)OC)[nH]c2c1,1,1,0.7223467193116964
full_coverage_improvements,meta_logreg_knn_plus_lgbm__cal_none__thr_f1,external,CCCc1nc(C(C)(C)O)c(C(=O)OCc2oc(=O)oc2C)n1Cc1ccc(-c2ccccc2-c2nnn[nH]2)cc1,0,1,0.9241824098404484
full_coverage_improvements,meta_logreg_knn_plus_lgbm__cal_none__thr_f1,external,CCCc1nc(C)c2c(=O)[nH]c(-c3cc(S(=O)(=O)N4CCN(CC)CC4)ccc3OCC)nn12,1,1,0.5967562612588453
full_coverage_improvements,meta_logreg_knn_plus_lgbm__cal_none__thr_f1,external,CCCc1nn(C)c2c(=O)[nH]c(-c3cc(S(=O)(=O)N4CCN(C)CC4)ccc3OCC)nc12,1,1,0.6396293206138013
full_coverage_improvements,meta_logreg_knn_plus_lgbm__cal_none__thr_f1,external,CCCn1c(=O)[nH]c(=O)c2nc[nH]c21,0,0,0.2458695014758495
full_coverage_improvements,meta_logreg_knn_plus_lgbm__cal_none__thr_f1,external,CCN(CC)CCNC(=O)c1ccc(NC(C)=O)cc1,0,0,0.3330159190908642
full_coverage_improvements,meta_logreg_knn_plus_lgbm__cal_none__thr_f1,external,CCN1C(=O)NC(c2ccccc2)C1=O,0,0,0.047083632793447
full_coverage_improvements,meta_logreg_knn_plus_lgbm__cal_none__thr_f1,external,CCN[C](C)Cc1cccc(C(F)(F)F)c1,1,0,0.4729181887483502
full_coverage_improvements,meta_logreg_knn_plus_lgbm__cal_none__thr_f1,external,CCOC(=O)C(C)(C)Oc1ccc(Cl)cc1,1,1,0.7499460228724827
full_coverage_improvements,meta_logreg_knn_plus_lgbm__cal_none__thr_f1,external,CCOC(=O)C1=CC(OC(CC)CC)C(NC(C)=O)C(N)C1,1,0,0.4468538008919159
full_coverage_improvements,meta_logreg_knn_plus_lgbm__cal_none__thr_f1,external,CCOC(=O)C=CC(=O)O,1,0,0.2735126706601304
full_coverage_improvements,meta_logreg_knn_plus_lgbm__cal_none__thr_f1,external,CCOC(=O)Nc1ccc2c(c1)N(C(=O)NC)c1ccccc1CC2,0,0,0.2277188793725288
full_coverage_improvements,meta_logreg_knn_plus_lgbm__cal_none__thr_f1,external,CCOC(=O)c1ccc(N)cc1,0,0,0.047555555414029
full_coverage_improvements,meta_logreg_knn_plus_lgbm__cal_none__thr_f1,external,CCOC(=O)c1cncn1[C](C)c1ccccc1,0,0,0.0473082952293039
full_coverage_improvements,meta_logreg_knn_plus_lgbm__cal_none__thr_f1,external,CCOCCOC(=O)/C=C/c1ccc(OC)cc1,0,1,0.5598795268218704
full_coverage_improvements,meta_logreg_knn_plus_lgbm__cal_none__thr_f1,external,CCOP(=O)(OCC)Oc1ccc([N+](=O)[O-])cc1,0,1,0.6805439119528714
full_coverage_improvements,meta_logreg_knn_plus_lgbm__cal_none__thr_f1,external,CCOP(=S)(OCC)SCSP(=S)(OCC)OCC,0,1,0.7571230261855199
full_coverage_improvements,meta_logreg_knn_plus_lgbm__cal_none__thr_f1,external,CCOc1nc2cccc(C(=O)OC(C)OC(=O)OC3CCCCC3)c2n1Cc1ccc(-c2ccccc2-c2nnn[nH]2)cc1,1,1,0.9021842698647696
full_coverage_improvements,meta_logreg_knn_plus_lgbm__cal_none__thr_f1,external,CC[C](C)[C]1O[C@]2(CC[C]1C)C[C]1C[C](C/C=C(\C)[C](O[C]3C[C](OC)[C](O[C]4C[C](OC)[C](O)[C](C)O4)[C](C)O3)[C](C)/C=C/C=C3\CO[C]4[C](O)C(C)=C[C](C(=O)O1)[C@@]43O)O2,1,1,0.590280337600935
full_coverage_improvements,meta_logreg_knn_plus_lgbm__cal_none__thr_f1,external,CCc1c2c(nc3ccc(OC(=O)N4CCC(N5CCCCC5)CC4)cc13)-c1cc3c(c(=O)n1C2)COC(=O)[C@]3(O)CC,1,1,0.9368870439501508
full_coverage_improvements,meta_logreg_knn_plus_lgbm__cal_none__thr_f1,external,CCc1cccc2c3c([nH]c12)C(CC)(CC(=O)O)OCC3,1,0,0.2134985630134716
full_coverage_improvements,meta_logreg_knn_plus_lgbm__cal_none__thr_f1,external,CCn1cc(C(=O)O)c(=O)c2cc(F)c(N3CCN(C)CC3)cc21,1,1,0.6078928057647336
full_coverage_improvements,meta_logreg_knn_plus_lgbm__cal_none__thr_f1,external,CCn1cc(C(=O)O)c(=O)c2cc(F)c(N3CCNC(C)C3)c(F)c21,1,1,0.6946765168410483
full_coverage_improvements,meta_logreg_knn_plus_lgbm__cal_none__thr_f1,external,CCn1cc(C(=O)O)c(=O)c2cc(F)c(N3CCNCC3)cc21,1,1,0.9368436145541906
full_coverage_improvements,meta_logreg_knn_plus_lgbm__cal_none__thr_f1,external,CCn1cc(C(=O)O)c(=O)c2cc(F)c(N3CCNCC3)nc21,1,1,0.7276129196983687
full_coverage_improvements,meta_logreg_knn_plus_lgbm__cal_none__thr_f1,external,CN(C)C(=S)SSC(=S)N(C)C,0,0,0.2039017382531039
full_coverage_improvements,meta_logreg_knn_plus_lgbm__cal_none__thr_f1,external,CN(C)CCCC1(c2ccc(F)cc2)OCc2cc(C#N)ccc21,1,1,0.9369517307213728
full_coverage_improvements,meta_logreg_knn_plus_lgbm__cal_none__thr_f1,external,CN(C)CCCN1c2ccccc2Sc2ccccc21,1,0,0.0469796275410496
full_coverage_improvements,meta_logreg_knn_plus_lgbm__cal_none__thr_f1,external,CN(C)CCCOc1nn(Cc2ccccc2)c2ccccc12,0,0,0.0471801971659063
full_coverage_improvements,meta_logreg_knn_plus_lgbm__cal_none__thr_f1,external,CN(C)CCc1c[nH]c2ccc(O)cc12,0,0,0.1030275334806128
full_coverage_improvements,meta_logreg_knn_plus_lgbm__cal_none__thr_f1,external,CN(C)CCn1nnnc1SCC1=C(C(=O)O)N2[C](SC1)[C](NC(=O)Cc1csc(N)n1)C2=O,0,1,0.591000690916061
full_coverage_improvements,meta_logreg_knn_plus_lgbm__cal_none__thr_f1,external,CN(Cc1cnc2nc(N)nc(N)c2n1)c1ccc(C(=O)N[C](CCC(=O)O)C(=O)O)cc1,1,1,0.5016604316258956
full_coverage_improvements,meta_logreg_knn_plus_lgbm__cal_none__thr_f1,external,CN1C(=O)C(O)N=C(c2ccccc2)c2cc(Cl)ccc21,0,0,0.047125481526349
full_coverage_improvements,meta_logreg_knn_plus_lgbm__cal_none__thr_f1,external,CN1CCCC1c1cccnc1,0,0,0.0470825460580852
full_coverage_improvements,meta_logreg_knn_plus_lgbm__cal_none__thr_f1,external,CN1CCN(C(=O)O[C]2c3nccnc3C(=O)N2c2ccc(Cl)cn2)CC1,1,1,0.9355972398636316
full_coverage_improvements,meta_logreg_knn_plus_lgbm__cal_none__thr_f1,external,CN1CCN(CC(=O)N2c3ccccc3C(=O)Nc3cccnc32)CC1,0,0,0.1278915715134796
full_coverage_improvements,meta_logreg_knn_plus_lgbm__cal_none__thr_f1,external,CN1CSC(=S)N(C)C1,0,0,0.0901666318139779
full_coverage_improvements,meta_logreg_knn_plus_lgbm__cal_none__thr_f1,external,CNC(=O)CSP(=S)(OC)OC,1,1,0.6983001417485654
full_coverage_improvements,meta_logreg_knn_plus_lgbm__cal_none__thr_f1,external,CNC(=O)Oc1ccc2c(c1)[C@]1(C)CCN(C)[C]1N2C,0,0,0.0472786083985745
full_coverage_improvements,meta_logreg_knn_plus_lgbm__cal_none__thr_f1,external,CNC(=O)c1cc(Oc2ccc(NC(=O)Nc3ccc(Cl)c(C(F)(F)F)c3)cc2)ccn1,1,1,0.8140228500896751
full_coverage_improvements,meta_logreg_knn_plus_lgbm__cal_none__thr_f1,external,CNC(C)(C)Cc1ccccc1,0,0,0.1524107453227131
full_coverage_improvements,meta_logreg_knn_plus_lgbm__cal_none__thr_f1,external,CNC(C)CC1CCCCC1,0,0,0.1156107679646274
full_coverage_improvements,meta_logreg_knn_plus_lgbm__cal_none__thr_f1,external,CNC(C)Cc1ccccc1OC,0,0,0.3174589764018851
full_coverage_improvements,meta_logreg_knn_plus_lgbm__cal_none__thr_f1,external,CNC1=Nc2ccc(Cl)cc2C(c2ccccc2)=[N+]([O-])C1,0,0,0.0473933691616586
full_coverage_improvements,meta_logreg_knn_plus_lgbm__cal_none__thr_f1,external,CNCC(O)c1ccc(OC(=O)C(C)(C)C)c(OC(=O)C(C)(C)C)c1,0,0,0.1286316415433489
full_coverage_improvements,meta_logreg_knn_plus_lgbm__cal_none__thr_f1,external,CN[C@@]1(C)[C]2CC[C](C2)C1(C)C,1,0,0.2003143774759384
full_coverage_improvements,meta_logreg_knn_plus_lgbm__cal_none__thr_f1,external,CO/N=C(\C(=O)N[C]1[C]2SCC(/C=C\c3scnc3C)=C(C(=O)OCOC(=O)C(C)(C)C)N2C1=O)c1csc(N)n1,1,1,0.9373525914608682
full_coverage_improvements,meta_logreg_knn_plus_lgbm__cal_none__thr_f1,external,CO/N=C(\C(=O)N[C]1[C]2SCC(C)=C(C(=O)OCOC(=O)C(C)(C)C)N2C1=O)c1csc(N)n1,1,1,0.8429806964577231
full_coverage_improvements,meta_logreg_knn_plus_lgbm__cal_none__thr_f1,external,CO/N=C(\C(=O)N[C]1[C]2SCC(COC(N)=O)=C(C(=O)O)N2C1=O)c1ccco1,1,1,0.7152506181647599
full_coverage_improvements,meta_logreg_knn_plus_lgbm__cal_none__thr_f1,external,COC(=O)/C=C\C(=O)OC,1,1,0.5877834422226422
full_coverage_improvements,meta_logreg_knn_plus_lgbm__cal_none__thr_f1,external,COC(=O)C(N)Cc1cnc[nH]1,1,0,0.1573569327644272
full_coverage_improvements,meta_logreg_knn_plus_lgbm__cal_none__thr_f1,external,COC(=O)C=C(C)OP(=O)(OC)OC,0,1,0.6750241581455324
full_coverage_improvements,meta_logreg_knn_plus_lgbm__cal_none__thr_f1,external,COC(=O)c1ccc(O)cc1,0,0,0.3286827803220686
full_coverage_improvements,meta_logreg_knn_plus_lgbm__cal_none__thr_f1,external,COC(F)(F)C(Cl)Cl,1,1,0.9371828871870602
full_coverage_improvements,meta_logreg_knn_plus_lgbm__cal_none__thr_f1,external,COC1C(OC(C)=O)CC(=O)OC(C)CC=CC=CC(O)C(C)CC(CC=O)C1OC1OC(C)C(OC2CC(C)(O)C(OC(=O)CC(C)C)C(C)O2)C(N(C)C)C1O,1,1,0.8238463217367974
full_coverage_improvements,meta_logreg_knn_plus_lgbm__cal_none__thr_f1,external,COCC(=O)Nc1c(I)c(C(=O)NCC(O)CO)c(I)c(C(=O)N(C)CC(O)CO)c1I,1,1,0.6739648964122834
full_coverage_improvements,meta_logreg_knn_plus_lgbm__cal_none__thr_f1,external,COCC1=C(C(=O)OC(C)OC(=O)OC(C)C)N2[C](SC1)[C](NC(=O)/C(=N\OC)c1csc(N)n1)C2=O,1,1,0.8287350198302096
full_coverage_improvements,meta_logreg_knn_plus_lgbm__cal_none__thr_f1,external,COCCCOc1ccnc(CS(=O)c2nc3ccccc3[n-]2)c1C,1,1,0.7269173230757433
full_coverage_improvements,meta_logreg_knn_plus_lgbm__cal_none__thr_f1,external,COCc1c(C(C)C)nc(C(C)C)c(C=CC(O)CC(O)CC(=O)[O-])c1-c1ccc(F)cc1,1,1,0.9041465056448346
full_coverage_improvements,meta_logreg_knn_plus_lgbm__cal_none__thr_f1,external,CON=C(C(=O)NC1C(=O)N2C(C(=O)[O-])=C(CSc3nc(=O)c(=O)[nH]n3C)CSC12)c1csc(N)n1,1,1,0.9199970552415124
full_coverage_improvements,meta_logreg_knn_plus_lgbm__cal_none__thr_f1,external,CON=C1CN(c2nc3c(cc2F)c(=O)c(C(=O)O)cn3C2CC2)CC1CN,1,1,0.9373575836717126
full_coverage_improvements,meta_logreg_knn_plus_lgbm__cal_none__thr_f1,external,COP(=S)(OC)Oc1ccc(SC)c(C)c1,1,1,0.9366995697286128
full_coverage_improvements,meta_logreg_knn_plus_lgbm__cal_none__thr_f1,external,CO[C@]1(NC(=O)CSCC#N)[C]2SCC(CSc3nnnn3C)=C(C(=O)[O-])N2C1=O,0,1,0.7669769521192888
full_coverage_improvements,meta_logreg_knn_plus_lgbm__cal_none__thr_f1,external,CO[C]1C[C](C[C](C)[C]2CC(=O)[C](C)/C=C(\C)[C](O)[C](OC)C(=O)[C](C)C[C](C)/C=C/C=C/C=C(\C)[C](OC)C[C]3CC[C](C)[C@@](O)(O3)C(=O)C(=O)N3CCCC[C]3C(=O)O2)CC[C]1O,1,1,0.9029500882333068
full_coverage_improvements,meta_logreg_knn_plus_lgbm__cal_none__thr_f1,external,CO[C]1C[C](C[C](C)[C]2CC(=O)[C](C)/C=C(\C)[C](O)[C](OC)C(=O)[C](C)C[C](C)/C=C/C=C/C=C(\C)[C](OC)C[C]3CC[C](C)[C@@](O)(O3)C(=O)C(=O)N3CCCC[C]3C(=O)O2)CC[C]1OCCO,1,1,0.9371476152958148
full_coverage_improvements,meta_logreg_knn_plus_lgbm__cal_none__thr_f1,external,COc1c(N2CCNC(C)C2)c(F)cc2c(=O)c(C(=O)O)cn(C3CC3)c12,1,1,0.9371501491006938
full_coverage_improvements,meta_logreg_knn_plus_lgbm__cal_none__thr_f1,external,COc1cc(C=O)ccc1O,0,0,0.3788772211877134
full_coverage_improvements,meta_logreg_knn_plus_lgbm__cal_none__thr_f1,external,COc1cc(NS(C)(=O)=O)ccc1Nc1c2ccccc2nc2ccccc12,0,0,0.0471354901667202
full_coverage_improvements,meta_logreg_knn_plus_lgbm__cal_none__thr_f1,external,COc1cc(OC)c(C(=O)CCCN2CCCC2)c(OC)c1,0,0,0.096613767268806
full_coverage_improvements,meta_logreg_knn_plus_lgbm__cal_none__thr_f1,external,COc1cc([C]2[C]3[C](COC3=O)[C](O[C]3O[C]4CO[C](C)O[C]4[C](O)[C]3O)c3cc4c(cc32)OCO4)cc(OC)c1OP(=O)(O)O,0,1,0.7386226872084314
full_coverage_improvements,meta_logreg_knn_plus_lgbm__cal_none__thr_f1,external,COc1cc2c(cc1OC)[C](Cc1cc(OC)c(OC)c(OC)c1)[N+](C)(CCCOC(=O)CC/C=C/CCC(=O)OCCC[N+]1(C)CCc3cc(OC)c(OC)cc3[C]1Cc1cc(OC)c(OC)c(OC)c1)CC2,0,0,0.1849791187091027
full_coverage_improvements,meta_logreg_knn_plus_lgbm__cal_none__thr_f1,external,COc1ccc(CCNCC(O)COc2cccc(C)c2)cc1OC,0,0,0.0861949762140951
full_coverage_improvements,meta_logreg_knn_plus_lgbm__cal_none__thr_f1,external,COc1ccc2[nH]c(S(=O)Cc3ncc(C)c(OC)c3C)nc2c1,1,1,0.9368484804425056
full_coverage_improvements,meta_logreg_knn_plus_lgbm__cal_none__thr_f1,external,COc1ccc2c3c1O[C]1C[C](O)C=C[C@]13CCN(C)C2,1,0,0.0564744322530982
full_coverage_improvements,meta_logreg_knn_plus_lgbm__cal_none__thr_f1,external,COc1ccc2cc(CCC(C)=O)ccc2c1,1,0,0.4033629042365061
full_coverage_improvements,meta_logreg_knn_plus_lgbm__cal_none__thr_f1,external,COc1ccc2cccc(CCNC(C)=O)c2c1,0,0,0.0482150866128381
full_coverage_improvements,meta_logreg_knn_plus_lgbm__cal_none__thr_f1,external,COc1ccccc1OCC(O)CN1CCN(CC(=O)Nc2c(C)cccc2C)CC1,1,1,0.9358394620605802
full_coverage_improvements,meta_logreg_knn_plus_lgbm__cal_none__thr_f1,external,COc1ccnc(CS(=O)c2nc3ccc(OC(F)F)cc3[n-]2)c1OC,0,1,0.5821101059004429
full_coverage_improvements,meta_logreg_knn_plus_lgbm__cal_none__thr_f1,external,COc1ccnc(CS(=O)c2nc3ccc(OC(F)F)cc3[nH]2)c1OC,0,1,0.5978905680119653
full_coverage_improvements,meta_logreg_knn_plus_lgbm__cal_none__thr_f1,external,CS(=O)(=O)CCNCc1ccc(-c2ccc3ncnc(Nc4ccc(OCc5cccc(F)c5)c(Cl)c4)c3c2)o1,1,1,0.8356872653597305
full_coverage_improvements,meta_logreg_knn_plus_lgbm__cal_none__thr_f1,external,C[C@]12CC[C]3[C](CCc4cc(OS(=O)(=O)O)ccc43)[C]1CCC2=O,0,0,0.0473567927221042
full_coverage_improvements,meta_logreg_knn_plus_lgbm__cal_none__thr_f1,external,C[C](CS)C(=O)N1CCC[C]1C(=O)O,1,1,0.9362687011376531
full_coverage_improvements,meta_logreg_knn_plus_lgbm__cal_none__thr_f1,external,C[C](CSC(C)=O)C(=O)N1CCC[C]1C(=O)N[C](Cc1ccccc1)C(=O)O,0,1,0.8225322843888956
full_coverage_improvements,meta_logreg_knn_plus_lgbm__cal_none__thr_f1,external,C[C](O)C(=O)Nc1c(I)c(C(=O)NC(CO)CO)c(I)c(C(=O)NC(CO)CO)c1I,1,1,0.6978391311246884
full_coverage_improvements,meta_logreg_knn_plus_lgbm__cal_none__thr_f1,external,C[C](c1ncncc1F)[C@](O)(Cn1cncn1)c1ccc(F)cc1F,1,1,0.6708124829622092
full_coverage_improvements,meta_logreg_knn_plus_lgbm__cal_none__thr_f1,external,C[C]1CC[C]2C(C)(C)[C]3C[C@@]12CC(C(C)=O)=C3C,0,1,0.5330065680502176
full_coverage_improvements,meta_logreg_knn_plus_lgbm__cal_none__thr_f1,external,C[C]1CN(c2c(F)c(N)c3c(=O)c(C(=O)O)cn(C4CC4)c3c2F)C[C](C)N1,1,1,0.9370662331045506
full_coverage_improvements,meta_logreg_knn_plus_lgbm__cal_none__thr_f1,external,C[N+](C)(C)CCOC(=O)CCC(=O)OCC[N+](C)(C)C,1,0,0.3908759023294356
full_coverage_improvements,meta_logreg_knn_plus_lgbm__cal_none__thr_f1,external,C[N+]1(C)C2CCC1CC(OC(=O)C(CO)c1ccccc1)C2,0,0,0.0797217936164401
full_coverage_improvements,meta_logreg_knn_plus_lgbm__cal_none__thr_f1,external,C[N+]1(C)[C]2CC[C]1CC(OC(=O)C(CO)c1ccccc1)C2,0,0,0.0799753827527469
full_coverage_improvements,meta_logreg_knn_plus_lgbm__cal_none__thr_f1,external,Cc1c(F)c(N2CCNC(C)C2)cc2c1c(=O)c(C(=O)O)cn2C1CC1,1,1,0.7087485287079911
full_coverage_improvements,meta_logreg_knn_plus_lgbm__cal_none__thr_f1,external,Cc1c(OCC(F)(F)F)ccnc1CS(=O)c1nc2ccccc2[nH]1,1,1,0.9370076100955672
full_coverage_improvements,meta_logreg_knn_plus_lgbm__cal_none__thr_f1,external,Cc1cc(C(C)(C)C)cc(C)c1CC1=NCCN1,0,0,0.1335784913436034
full_coverage_improvements,meta_logreg_knn_plus_lgbm__cal_none__thr_f1,external,Cc1cc(NC(=O)C2=C(O)c3ccccc3S(=O)(=O)N2C)no1,1,0,0.368650724818603
full_coverage_improvements,meta_logreg_knn_plus_lgbm__cal_none__thr_f1,external,Cc1cc(O)cc(C)c1Cl,1,1,0.6858110576867329
full_coverage_improvements,meta_logreg_knn_plus_lgbm__cal_none__thr_f1,external,Cc1cc2cc3c(C)cc(=O)oc3c(C)c2o1,1,0,0.2741046345285117
full_coverage_improvements,meta_logreg_knn_plus_lgbm__cal_none__thr_f1,external,Cc1ccc(C(=CCN2CCCC2)c2ccccn2)cc1,0,0,0.0761092455487389
full_coverage_improvements,meta_logreg_knn_plus_lgbm__cal_none__thr_f1,external,Cc1ccc(NC(=O)c2ccc(CN3CCN(C)CC3)cc2)cc1Nc1nccc(-c2cccnc2)n1,1,1,0.5322727705441141
full_coverage_improvements,meta_logreg_knn_plus_lgbm__cal_none__thr_f1,external,Cc1cccc(CC(C)(C)CO)c1,0,0,0.1578460848377211
full_coverage_improvements,meta_logreg_knn_plus_lgbm__cal_none__thr_f1,external,Cc1cccc(N(C)C(=S)Oc2ccc3ccccc3c2)c1,0,0,0.4464272705602652
full_coverage_improvements,meta_logreg_knn_plus_lgbm__cal_none__thr_f1,external,Cc1cn([C]2C[C](N=[N+]=[N-])[C](CO)O2)c(=O)[nH]c1=O,1,0,0.2232630302230524
full_coverage_improvements,meta_logreg_knn_plus_lgbm__cal_none__thr_f1,external,Cc1cnc(C(=O)O)c[n+]1[O-],0,0,0.0475826459174139
full_coverage_improvements,meta_logreg_knn_plus_lgbm__cal_none__thr_f1,external,Cc1cnc(NC(=O)C2=C(O)c3ccccc3S(=O)(=O)N2C)s1,1,1,0.935801528928384
full_coverage_improvements,meta_logreg_knn_plus_lgbm__cal_none__thr_f1,external,Cc1nc(-c2ccc(Cl)cc2)oc1COC(C)(C)C(=O)O,1,1,0.7221461795649423
full_coverage_improvements,meta_logreg_knn_plus_lgbm__cal_none__thr_f1,external,Cc1nc(-c2ccc(OCC(C)C)c(C#N)c2)sc1C(=O)O,1,1,0.8206455726993458
full_coverage_improvements,meta_logreg_knn_plus_lgbm__cal_none__thr_f1,external,Cc1nnc(C(=O)NC(C)(C)c2nc(C(=O)NCc3ccc(F)cc3)c(O)c(=O)n2C)o1,1,1,0.8724979258000992
full_coverage_improvements,meta_logreg_knn_plus_lgbm__cal_none__thr_f1,external,Cc1nnc(SCC2=C(C(=O)O)N3C(=O)C(NC(=O)Cn4cnnn4)C3SC2)s1,1,1,0.9372535442283092
full_coverage_improvements,meta_logreg_knn_plus_lgbm__cal_none__thr_f1,external,ClC(Cl)(Cl)Cl,1,1,0.8867515917610181
full_coverage_improvements,meta_logreg_knn_plus_lgbm__cal_none__thr_f1,external,ClC(Cl)=C(Cl)Cl,1,1,0.8702144406710995
full_coverage_improvements,meta_logreg_knn_plus_lgbm__cal_none__thr_f1,external,ClC1C(Cl)C(Cl)C(Cl)C(Cl)C1Cl,1,1,0.9373694232046924
full_coverage_improvements,meta_logreg_knn_plus_lgbm__cal_none__thr_f1,external,ClC=C(Cl)Cl,1,1,0.865859567148344
full_coverage_improvements,meta_logreg_knn_plus_lgbm__cal_none__thr_f1,external,Clc1ccc(CSC(Cn2ccnc2)c2ccc(Cl)cc2Cl)cc1,0,0,0.1885548678740199
full_coverage_improvements,meta_logreg_knn_plus_lgbm__cal_none__thr_f1,external,Cn1cnc2c1c(=O)[nH]c(=O)n2C,0,0,0.2194892192305015
full_coverage_improvements,meta_logreg_knn_plus_lgbm__cal_none__thr_f1,external,FC(F)OC(Cl)C(F)(F)F,1,1,0.875359581101758
full_coverage_improvements,meta_logreg_knn_plus_lgbm__cal_none__thr_f1,external,FCOC(C(F)(F)F)C(F)(F)F,1,1,0.937112282844902
full_coverage_improvements,meta_logreg_knn_plus_lgbm__cal_none__thr_f1,external,N=C(N)NCCC[C](N)C(=O)O,0,0,0.0474132895657601
full_coverage_improvements,meta_logreg_knn_plus_lgbm__cal_none__thr_f1,external,NC(=NCCCCCCN=C(N)N=C(N)Nc1ccc(Cl)cc1)N=C(N)Nc1ccc(Cl)cc1,0,0,0.3944831909870128
full_coverage_improvements,meta_logreg_knn_plus_lgbm__cal_none__thr_f1,external,NC(=O)CCC(NC(=O)OCc1ccccc1)C(=O)O,0,0,0.1084618932289722
full_coverage_improvements,meta_logreg_knn_plus_lgbm__cal_none__thr_f1,external,NC(N)=NC(N)=NCCc1ccccc1,0,0,0.1624590357169153
full_coverage_improvements,meta_logreg_knn_plus_lgbm__cal_none__thr_f1,external,NC1=CC(=Nc2ccc(N)cc2)C(N)=CC1=Nc1ccc(N)cc1,0,0,0.2477059528638616
full_coverage_improvements,meta_logreg_knn_plus_lgbm__cal_none__thr_f1,external,NC1=NC(=O)C(c2ccccc2)O1,0,0,0.1813236323518593
full_coverage_improvements,meta_logreg_knn_plus_lgbm__cal_none__thr_f1,external,NC1CCN(c2nc3c(cc2F)c(=O)c(C(=O)O)cn3-c2ccc(F)cc2F)C1,1,1,0.7616683928538703
full_coverage_improvements,meta_logreg_knn_plus_lgbm__cal_none__thr_f1,external,NC1CN(c2c(F)cc3c(=O)c(C(=O)O)cn(C4CC4F)c3c2Cl)CC12CC2,1,1,0.8147613501009827
full_coverage_improvements,meta_logreg_knn_plus_lgbm__cal_none__thr_f1,external,NCC1(CC(=O)O)CCCCC1,1,0,0.24501692243056
full_coverage_improvements,meta_logreg_knn_plus_lgbm__cal_none__thr_f1,external,NCC1CCC(C(=O)O)CC1,1,0,0.2732061740472556
full_coverage_improvements,meta_logreg_knn_plus_lgbm__cal_none__thr_f1,external,NCCC(O)(P(=O)(O)O)P(=O)(O)O,1,1,0.9341768377838556
full_coverage_improvements,meta_logreg_knn_plus_lgbm__cal_none__thr_f1,external,NCCCC(O)(P(=O)([O-])O)P(=O)(O)O,1,0,0.3788948618653887
full_coverage_improvements,meta_logreg_knn_plus_lgbm__cal_none__thr_f1,external,NCCCCCC(=O)O,1,1,0.9347967286699234
full_coverage_improvements,meta_logreg_knn_plus_lgbm__cal_none__thr_f1,external,NS(=O)(=O)c1cc(Cl)c(Cl)c(S(N)(=O)=O)c1,0,0,0.0476028406683611
full_coverage_improvements,meta_logreg_knn_plus_lgbm__cal_none__thr_f1,external,N[C]([C](O)c1ccc(O)c(O)c1)C(=O)O,0,0,0.0472007120353397
full_coverage_improvements,meta_logreg_knn_plus_lgbm__cal_none__thr_f1,external,Nc1ccc(C(=O)OCC(O)CO)cc1,0,0,0.0881086595796021
full_coverage_improvements,meta_logreg_knn_plus_lgbm__cal_none__thr_f1,external,Nc1ccc(Cc2ccc(N)cc2)cc1,0,0,0.0883962952410341
full_coverage_improvements,meta_logreg_knn_plus_lgbm__cal_none__thr_f1,external,Nc1ccc(O)cc1[N+](=O)[O-],0,0,0.3379549061769267
full_coverage_improvements,meta_logreg_knn_plus_lgbm__cal_none__thr_f1,external,Nc1ccn(C[C](CO)OCP(=O)(O)O)c(=O)n1,1,1,0.9369318753903496
full_coverage_improvements,meta_logreg_knn_plus_lgbm__cal_none__thr_f1,external,Nc1nc(=O)n(C2CSC(CO)O2)cc1F,1,1,0.7419456702999041
full_coverage_improvements,meta_logreg_knn_plus_lgbm__cal_none__thr_f1,external,Nc1nc(C(=CCC(=O)O)C(=O)NC2C(=O)N3C(C(=O)O)=CCSC23)cs1,1,1,0.9373215722129874
full_coverage_improvements,meta_logreg_knn_plus_lgbm__cal_none__thr_f1,external,Nc1nc(Cl)nc2c1ncn2C1OC(CO)C(O)C1F,1,1,0.9372786470097704
full_coverage_improvements,meta_logreg_knn_plus_lgbm__cal_none__thr_f1,external,Nc1nc(Cl)nc2c1ncn2[C]1C[C](O)[C](CO)O1,1,1,0.9356071347108226
full_coverage_improvements,meta_logreg_knn_plus_lgbm__cal_none__thr_f1,external,Nc1nc(N)c2nc(CNc3ccc(C(=O)NC(CCC(=O)O)C(=O)O)cc3)cnc2n1,0,0,0.1563483550029637
full_coverage_improvements,meta_logreg_knn_plus_lgbm__cal_none__thr_f1,external,Nc1nc2c(ncn2COC(CO)CO)c(=O)[nH]1,1,1,0.9372818013967512
full_coverage_improvements,meta_logreg_knn_plus_lgbm__cal_none__thr_f1,external,Nc1nc2c(ncn2COCCO)c(=O)[nH]1,1,1,0.8859647452596265
full_coverage_improvements,meta_logreg_knn_plus_lgbm__cal_none__thr_f1,external,Nc1nc2ccc(OC(F)(F)F)cc2s1,1,1,0.5408745854746883
full_coverage_improvements,meta_logreg_knn_plus_lgbm__cal_none__thr_f1,external,O=C(CCCCC(=O)Nc1c(I)cc(I)c(C(=O)O)c1I)Nc1c(I)cc(I)c(C(=O)O)c1I,1,0,0.2902048323272257
full_coverage_improvements,meta_logreg_knn_plus_lgbm__cal_none__thr_f1,external,O=C(CCOCCOCCOCCOCCC(=O)Nc1c(I)cc(I)c(C(=O)O)c1I)Nc1c(I)cc(I)c(C(=O)O)c1I,0,0,0.3777386972817326
full_coverage_improvements,meta_logreg_knn_plus_lgbm__cal_none__thr_f1,external,O=C(NCCO[N+](=O)[O-])c1cccnc1,0,0,0.0470019321916359
full_coverage_improvements,meta_logreg_knn_plus_lgbm__cal_none__thr_f1,external,O=C(Nc1ccc(C(=O)[O-])cc1)[C](Cc1ccc(O)cc1)NC(=O)c1ccccc1,0,1,0.7768167313685271
full_coverage_improvements,meta_logreg_knn_plus_lgbm__cal_none__thr_f1,external,O=C(Nc1ccc(Cl)c(Cl)c1)c1cc(Cl)cc(Cl)c1O,0,1,0.7711053399916985
full_coverage_improvements,meta_logreg_knn_plus_lgbm__cal_none__thr_f1,external,O=C(Nc1cccc2c(=O)cc(-c3nnn[nH]3)oc12)c1ccc(OCCCCc2ccccc2)cc1,0,1,0.7404879534526341
full_coverage_improvements,meta_logreg_knn_plus_lgbm__cal_none__thr_f1,external,O=C(O)CCCC[C]1SC[C]2NC(=O)N[C]21,0,0,0.1057676347452618
full_coverage_improvements,meta_logreg_knn_plus_lgbm__cal_none__thr_f1,external,O=C(O)CCNC(=O)c1ccc(N=Nc2ccc(O)c(C(=O)O)c2)cc1,1,1,0.9359000962928844
full_coverage_improvements,meta_logreg_knn_plus_lgbm__cal_none__thr_f1,external,O=C(O)Cc1ccccc1Oc1ccc(Cl)cc1Cl,1,1,0.72017142028333
full_coverage_improvements,meta_logreg_knn_plus_lgbm__cal_none__thr_f1,external,O=C(O)c1cc(-c2ccc(F)cc2F)ccc1O,1,1,0.9365755925570436
full_coverage_improvements,meta_logreg_knn_plus_lgbm__cal_none__thr_f1,external,O=C(O)c1cc(N=Nc2ccc([O-])c(C(=O)O)c2)ccc1[O-],1,0,0.4057079776440664
full_coverage_improvements,meta_logreg_knn_plus_lgbm__cal_none__thr_f1,external,O=C(O)c1ccc(-n2nc(-c3ccccc3O)nc2-c2ccccc2O)cc1,1,1,0.9366900552450949
full_coverage_improvements,meta_logreg_knn_plus_lgbm__cal_none__thr_f1,external,O=C(O)c1cccc(-c2noc(-c3ccccc3F)n2)c1,1,1,0.5931934227818624
full_coverage_improvements,meta_logreg_knn_plus_lgbm__cal_none__thr_f1,external,O=C(O)c1ccccc1Nc1cccc(C(F)(F)F)c1,1,0,0.4935196731552216
full_coverage_improvements,meta_logreg_knn_plus_lgbm__cal_none__thr_f1,external,O=C(O)c1cccnc1Nc1cccc(C(F)(F)F)c1,1,1,0.5055598366948552
full_coverage_improvements,meta_logreg_knn_plus_lgbm__cal_none__thr_f1,external,O=C(O)c1cn(C2CC2)c2cc(N3CCNCC3)c(F)cc2c1=O,1,1,0.9373067212632112
full_coverage_improvements,meta_logreg_knn_plus_lgbm__cal_none__thr_f1,external,O=C(OC1CC2CCC(C1)[N+]21CCCC1)C(O)(c1ccccc1)c1ccccc1,1,1,0.9368942492636074
full_coverage_improvements,meta_logreg_knn_plus_lgbm__cal_none__thr_f1,external,O=C(OCCN1CCOCC1)c1cccnc1Nc1cccc(C(F)(F)F)c1,0,0,0.4310933796635824
full_coverage_improvements,meta_logreg_knn_plus_lgbm__cal_none__thr_f1,external,O=C(OCc1ccccc1)c1ccccc1,0,0,0.2691811690816618
full_coverage_improvements,meta_logreg_knn_plus_lgbm__cal_none__thr_f1,external,O=C(OOC(=O)c1ccccc1)c1ccccc1,0,0,0.0484096925978615
full_coverage_improvements,meta_logreg_knn_plus_lgbm__cal_none__thr_f1,external,O=C([O-])C1=NN(c2ccc(S(=O)(=O)[O-])cc2)C(=O)C1N=Nc1ccc(S(=O)(=O)[O-])cc1,0,1,0.5184508809184687
full_coverage_improvements,meta_logreg_knn_plus_lgbm__cal_none__thr_f1,external,O=C([O-])C1C(=CCO)OC2CC(=O)N21,0,0,0.2230190566373336
full_coverage_improvements,meta_logreg_knn_plus_lgbm__cal_none__thr_f1,external,O=C([O-])CCCc1ccccc1,1,0,0.2358265401302882
full_coverage_improvements,meta_logreg_knn_plus_lgbm__cal_none__thr_f1,external,O=C([O-])P(=O)([O-])[O-],1,1,0.697261196059518
full_coverage_improvements,meta_logreg_knn_plus_lgbm__cal_none__thr_f1,external,O=C([O-])[C](O)[C](O)[C](O)[C](O)CO,0,0,0.2763373202695388
full_coverage_improvements,meta_logreg_knn_plus_lgbm__cal_none__thr_f1,external,O=C(c1cc(O)c(O)c(O)c1)c1ccc(O)c(O)c1O,0,0,0.2389875685958365
full_coverage_improvements,meta_logreg_knn_plus_lgbm__cal_none__thr_f1,external,O=C1NCCN1c1ncc([N+](=O)[O-])s1,0,0,0.1425804500171678
full_coverage_improvements,meta_logreg_knn_plus_lgbm__cal_none__thr_f1,external,O=C1Nc2ccc(Cl)cc2[C@@](C#CC2CC2)(C(F)(F)F)O1,1,1,0.9363637760061227
full_coverage_improvements,meta_logreg_knn_plus_lgbm__cal_none__thr_f1,external,O=C1OC(OC(=O)c2cccnc2Nc2cccc(C(F)(F)F)c2)c2ccccc21,1,1,0.7583348673810973
full_coverage_improvements,meta_logreg_knn_plus_lgbm__cal_none__thr_f1,external,O=C1OC2(c3ccc(O)cc3Oc3cc(O)ccc32)c2ccc(N=C=S)cc21,0,0,0.3787511124922058
full_coverage_improvements,meta_logreg_knn_plus_lgbm__cal_none__thr_f1,external,O=CC(O)C(O)C(O)C(O)CO,0,1,0.5665965843784406
full_coverage_improvements,meta_logreg_knn_plus_lgbm__cal_none__thr_f1,external,O=C[C](O)[C](O)[C](O)[C](O)CO,0,0,0.2523118740291269
full_coverage_improvements,meta_logreg_knn_plus_lgbm__cal_none__thr_f1,external,O=P([O-])(O)C(Sc1ccc(Cl)cc1)P(=O)([O-])O,1,1,0.5655258539407202
full_coverage_improvements,meta_logreg_knn_plus_lgbm__cal_none__thr_f1,external,O=P1(N(CCCl)CCCl)NCCCO1,1,1,0.6763078122404854
full_coverage_improvements,meta_logreg_knn_plus_lgbm__cal_none__thr_f1,external,O=P1(NCCCl)OCCCN1CCCl,1,0,0.4377203544608049
full_coverage_improvements,meta_logreg_knn_plus_lgbm__cal_none__thr_f1,external,O=S(=O)(O)c1ccccc1,0,0,0.1894298937055655
full_coverage_improvements,meta_logreg_knn_plus_lgbm__cal_none__thr_f1,external,O=[N+]([O-])c1ccc(S(=O)(=O)O)c([N+](=O)[O-])c1,0,0,0.2566631973423216
full_coverage_improvements,meta_logreg_knn_plus_lgbm__cal_none__thr_f1,external,O=[N+]([O-])c1cncn1CCN1CCOCC1,1,0,0.2017475684379973
full_coverage_improvements,meta_logreg_knn_plus_lgbm__cal_none__thr_f1,external,O=c1[nH]cnc2[nH]ncc12,1,0,0.2143569489197649
full_coverage_improvements,meta_logreg_knn_plus_lgbm__cal_none__thr_f1,external,O=c1[nH]cnc2c1ncn2[C]1CC[C](CO)O1,1,1,0.5747181749927948
full_coverage_improvements,meta_logreg_knn_plus_lgbm__cal_none__thr_f1,external,O=c1nc([O-])n(Cl)c(=O)n1Cl,0,1,0.6832151618239051
full_coverage_improvements,meta_logreg_knn_plus_lgbm__cal_none__thr_f1,external,OC(CCCN1CCCCC1)(c1ccccc1)c1ccccc1,0,0,0.0727317909082089
full_coverage_improvements,meta_logreg_knn_plus_lgbm__cal_none__thr_f1,external,OC(O)C(Cl)(Cl)Cl,1,1,0.5702232008829189
full_coverage_improvements,meta_logreg_knn_plus_lgbm__cal_none__thr_f1,external,OCC1OC(OC2C(CO)OC(O)(CO)C2O)C(O)C(O)C1O,0,0,0.0486567591070243
full_coverage_improvements,meta_logreg_knn_plus_lgbm__cal_none__thr_f1,external,OCC1OC(OC2C(CO)OC(O)C(O)C2O)C(O)C(O)C1O,0,1,0.6868243396446707
full_coverage_improvements,meta_logreg_knn_plus_lgbm__cal_none__thr_f1,external,OCCN1CCN(CCCN2c3ccccc3C=Cc3ccccc32)CC1,0,0,0.0555273875420602
full_coverage_improvements,meta_logreg_knn_plus_lgbm__cal_none__thr_f1,external,OC[C](O)[C](O)[C](O[C]1O[C](CO)[C](O)[C](O)[C]1O)[C](O)CO,0,0,0.3157078037502283
full_coverage_improvements,meta_logreg_knn_plus_lgbm__cal_none__thr_f1,external,OC[C](O)[C]1O[C]2O[C](C(Cl)(Cl)Cl)O[C]2[C]1O,1,1,0.6372694463938005
full_coverage_improvements,meta_logreg_knn_plus_lgbm__cal_none__thr_f1,external,Oc1c(Cl)cc(Cl)c(Cl)c1Cc1c(O)c(Cl)cc(Cl)c1Cl,0,0,0.0483934989884556
full_coverage_improvements,meta_logreg_knn_plus_lgbm__cal_none__thr_f1,external,Oc1ccc(OCc2ccccc2)cc1,0,0,0.0473558786334202
full_coverage_improvements,meta_logreg_knn_plus_lgbm__cal_none__thr_f1,external,Oc1ccccc1N=Nc1ccccc1O,0,1,0.6048883691439876
full_coverage_improvements,meta_logreg_knn_plus_lgbm__cal_none__thr_f1,external,S=C(S)N1CCCCC1,0,0,0.1419159990670211
full_coverage_improvements,meta_logreg_knn_plus_lgbm__cal_none__thr_f1,external,c1ccc(CC2=NCCN2)cc1,1,0,0.095587036448511
full_coverage_improvements,meta_logreg_knn_plus_lgbm__cal_none__thr_f1,external,c1ccc2c(c1)CCCC2C1=NCCN1,0,0,0.0632638673476977
modular_tanimoto_gpc,TanimotoGPC,external,external_0001,0,0,0.4714224338531494
modular_tanimoto_gpc,TanimotoGPC,external,external_0002,0,1,0.539281964302063
modular_tanimoto_gpc,TanimotoGPC,external,external_0003,0,0,0.2327587604522705
modular_tanimoto_gpc,TanimotoGPC,external,external_0004,0,0,0.35114699602127075
modular_tanimoto_gpc,TanimotoGPC,external,external_0005,0,0,0.37074482440948486
modular_tanimoto_gpc,TanimotoGPC,external,external_0006,0,0,0.264559805393219
modular_tanimoto_gpc,TanimotoGPC,external,external_0007,0,0,0.3007526099681854
modular_tanimoto_gpc,TanimotoGPC,external,external_0008,0,0,0.3106810450553894
modular_tanimoto_gpc,TanimotoGPC,external,external_0009,0,0,0.1677466779947281
modular_tanimoto_gpc,TanimotoGPC,external,external_0010,0,0,0.2772754430770874
modular_tanimoto_gpc,TanimotoGPC,external,external_0011,0,0,0.28651151061058044
modular_tanimoto_gpc,TanimotoGPC,external,external_0012,0,0,0.28718331456184387
modular_tanimoto_gpc,TanimotoGPC,external,external_0013,0,0,0.21489466726779938
modular_tanimoto_gpc,TanimotoGPC,external,external_0014,0,0,0.26191383600234985
modular_tanimoto_gpc,TanimotoGPC,external,external_0015,0,0,0.3468371629714966
modular_tanimoto_gpc,TanimotoGPC,external,external_0016,0,0,0.3671831786632538
modular_tanimoto_gpc,TanimotoGPC,external,external_0017,0,0,0.27796265482902527
modular_tanimoto_gpc,TanimotoGPC,external,external_0018,0,0,0.3467080295085907
modular_tanimoto_gpc,TanimotoGPC,external,external_0019,0,0,0.4078042507171631
modular_tanimoto_gpc,TanimotoGPC,external,external_0020,0,0,0.4275203049182892
modular_tanimoto_gpc,TanimotoGPC,external,external_0021,0,1,0.5367951393127441
modular_tanimoto_gpc,TanimotoGPC,external,external_0022,0,0,0.28163889050483704
modular_tanimoto_gpc,TanimotoGPC,external,external_0023,0,0,0.4200229346752167
modular_tanimoto_gpc,TanimotoGPC,external,external_0024,0,0,0.4171808362007141
modular_tanimoto_gpc,TanimotoGPC,external,external_0025,0,0,0.44593358039855957
modular_tanimoto_gpc,TanimotoGPC,external,external_0026,0,0,0.3861348032951355
modular_tanimoto_gpc,TanimotoGPC,external,external_0027,0,0,0.4641498029232025
modular_tanimoto_gpc,TanimotoGPC,external,external_0028,0,1,0.5289182662963867
modular_tanimoto_gpc,TanimotoGPC,external,external_0029,0,0,0.39592185616493225
modular_tanimoto_gpc,TanimotoGPC,external,external_0030,0,0,0.2833244204521179
modular_tanimoto_gpc,TanimotoGPC,external,external_0031,0,1,0.506200909614563
modular_tanimoto_gpc,TanimotoGPC,external,external_0032,0,0,0.38849714398384094
modular_tanimoto_gpc,TanimotoGPC,external,external_0033,0,1,0.5386987328529358
modular_tanimoto_gpc,TanimotoGPC,external,external_0034,0,1,0.652877926826477
modular_tanimoto_gpc,TanimotoGPC,external,external_0035,0,0,0.4851139783859253
modular_tanimoto_gpc,TanimotoGPC,external,external_0036,0,0,0.23216602206230164
modular_tanimoto_gpc,TanimotoGPC,external,external_0037,0,0,0.3189302980899811
modular_tanimoto_gpc,TanimotoGPC,external,external_0038,0,0,0.14704012870788574
modular_tanimoto_gpc,TanimotoGPC,external,external_0039,0,1,0.5854870080947876
modular_tanimoto_gpc,TanimotoGPC,external,external_0040,0,0,0.18598614633083344
modular_tanimoto_gpc,TanimotoGPC,external,external_0041,0,0,0.22465158998966217
modular_tanimoto_gpc,TanimotoGPC,external,external_0042,0,0,0.20089149475097656
modular_tanimoto_gpc,TanimotoGPC,external,external_0043,0,0,0.3180064857006073
modular_tanimoto_gpc,TanimotoGPC,external,external_0044,0,0,0.4686391353607178
modular_tanimoto_gpc,TanimotoGPC,external,external_0045,0,0,0.20497727394104004
modular_tanimoto_gpc,TanimotoGPC,external,external_0046,0,0,0.29802632331848145
modular_tanimoto_gpc,TanimotoGPC,external,external_0047,0,0,0.1389404684305191
modular_tanimoto_gpc,TanimotoGPC,external,external_0048,0,0,0.11643678694963455
modular_tanimoto_gpc,TanimotoGPC,external,external_0049,0,0,0.2145291119813919
modular_tanimoto_gpc,TanimotoGPC,external,external_0050,0,0,0.4122593402862549
modular_tanimoto_gpc,TanimotoGPC,external,external_0051,0,0,0.37536269426345825
modular_tanimoto_gpc,TanimotoGPC,external,external_0052,0,0,0.1957208216190338
modular_tanimoto_gpc,TanimotoGPC,external,external_0053,0,0,0.30698248744010925
modular_tanimoto_gpc,TanimotoGPC,external,external_0054,0,0,0.3275860548019409
modular_tanimoto_gpc,TanimotoGPC,external,external_0055,0,0,0.4209670126438141
modular_tanimoto_gpc,TanimotoGPC,external,external_0056,0,0,0.3128814995288849
modular_tanimoto_gpc,TanimotoGPC,external,external_0057,0,1,0.7208840847015381
modular_tanimoto_gpc,TanimotoGPC,external,external_0058,0,0,0.43043839931488037
modular_tanimoto_gpc,TanimotoGPC,external,external_0059,0,0,0.28193145990371704
modular_tanimoto_gpc,TanimotoGPC,external,external_0060,0,0,0.3068390190601349
modular_tanimoto_gpc,TanimotoGPC,external,external_0061,0,0,0.26490849256515503
modular_tanimoto_gpc,TanimotoGPC,external,external_0062,0,0,0.23832696676254272
modular_tanimoto_gpc,TanimotoGPC,external,external_0063,0,0,0.2864808738231659
modular_tanimoto_gpc,TanimotoGPC,external,external_0064,0,0,0.26420921087265015
modular_tanimoto_gpc,TanimotoGPC,external,external_0065,0,0,0.4730197489261627
modular_tanimoto_gpc,TanimotoGPC,external,external_0066,0,0,0.45423224568367004
modular_tanimoto_gpc,TanimotoGPC,external,external_0067,0,0,0.4040926694869995
modular_tanimoto_gpc,TanimotoGPC,external,external_0068,0,0,0.3762286603450775
modular_tanimoto_gpc,TanimotoGPC,external,external_0069,0,0,0.35919201374053955
modular_tanimoto_gpc,TanimotoGPC,external,external_0070,0,1,0.6258450746536255
modular_tanimoto_gpc,TanimotoGPC,external,external_0071,0,0,0.4920220375061035
modular_tanimoto_gpc,TanimotoGPC,external,external_0072,0,1,0.5100881457328796
modular_tanimoto_gpc,TanimotoGPC,external,external_0073,0,0,0.22840245068073273
modular_tanimoto_gpc,TanimotoGPC,external,external_0074,0,0,0.4222118556499481
modular_tanimoto_gpc,TanimotoGPC,external,external_0075,0,1,0.5544866323471069
modular_tanimoto_gpc,TanimotoGPC,external,external_0076,0,0,0.335445761680603
modular_tanimoto_gpc,TanimotoGPC,external,external_0077,0,0,0.3793468475341797
modular_tanimoto_gpc,TanimotoGPC,external,external_0078,0,0,0.48403412103652954
modular_tanimoto_gpc,TanimotoGPC,external,external_0079,0,0,0.1890602558851242
modular_tanimoto_gpc,TanimotoGPC,external,external_0080,0,0,0.3520705997943878
modular_tanimoto_gpc,TanimotoGPC,external,external_0081,0,0,0.17434406280517578
modular_tanimoto_gpc,TanimotoGPC,external,external_0082,0,0,0.2986295819282532
modular_tanimoto_gpc,TanimotoGPC,external,external_0083,0,0,0.396470844745636
modular_tanimoto_gpc,TanimotoGPC,external,external_0084,0,0,0.26151809096336365
modular_tanimoto_gpc,TanimotoGPC,external,external_0085,0,1,0.6017444133758545
modular_tanimoto_gpc,TanimotoGPC,external,external_0086,0,0,0.28552427887916565
modular_tanimoto_gpc,TanimotoGPC,external,external_0087,0,0,0.1748448759317398
modular_tanimoto_gpc,TanimotoGPC,external,external_0088,0,0,0.3144310712814331
modular_tanimoto_gpc,TanimotoGPC,external,external_0089,0,0,0.2555112838745117
modular_tanimoto_gpc,TanimotoGPC,external,external_0090,0,0,0.24249401688575745
modular_tanimoto_gpc,TanimotoGPC,external,external_0091,0,0,0.26342710852622986
modular_tanimoto_gpc,TanimotoGPC,external,external_0092,0,0,0.43297624588012695
modular_tanimoto_gpc,TanimotoGPC,external,external_0093,0,0,0.18733124434947968
modular_tanimoto_gpc,TanimotoGPC,external,external_0094,0,1,0.5508456230163574
modular_tanimoto_gpc,TanimotoGPC,external,external_0095,0,0,0.33995988965034485
modular_tanimoto_gpc,TanimotoGPC,external,external_0096,0,0,0.31690943241119385
modular_tanimoto_gpc,TanimotoGPC,external,external_0097,0,0,0.11132393777370453
modular_tanimoto_gpc,TanimotoGPC,external,external_0098,0,0,0.20902013778686523
modular_tanimoto_gpc,TanimotoGPC,external,external_0099,0,0,0.12344669550657272
modular_tanimoto_gpc,TanimotoGPC,external,external_0100,0,0,0.35420548915863037
modular_tanimoto_gpc,TanimotoGPC,external,external_0101,0,0,0.46716946363449097
modular_tanimoto_gpc,TanimotoGPC,external,external_0102,0,0,0.3060758411884308
modular_tanimoto_gpc,TanimotoGPC,external,external_0103,0,1,0.5125113725662231
modular_tanimoto_gpc,TanimotoGPC,external,external_0104,0,0,0.3634983003139496
modular_tanimoto_gpc,TanimotoGPC,external,external_0105,0,1,0.5465326905250549
modular_tanimoto_gpc,TanimotoGPC,external,external_0106,0,0,0.4283410310745239
modular_tanimoto_gpc,TanimotoGPC,external,external_0107,0,0,0.17865605652332306
modular_tanimoto_gpc,TanimotoGPC,external,external_0108,0,0,0.35468345880508423
modular_tanimoto_gpc,TanimotoGPC,external,external_0109,0,0,0.18348291516304016
modular_tanimoto_gpc,TanimotoGPC,external,external_0110,0,1,0.703604519367218
modular_tanimoto_gpc,TanimotoGPC,external,external_0111,0,0,0.29267293214797974
modular_tanimoto_gpc,TanimotoGPC,external,external_0112,0,0,0.4532695412635803
modular_tanimoto_gpc,TanimotoGPC,external,external_0113,0,0,0.1753716766834259
modular_tanimoto_gpc,TanimotoGPC,external,external_0114,0,1,0.502037525177002
modular_tanimoto_gpc,TanimotoGPC,external,external_0115,0,1,0.5325811505317688
modular_tanimoto_gpc,TanimotoGPC,external,external_0116,0,1,0.644336998462677
modular_tanimoto_gpc,TanimotoGPC,external,external_0117,0,1,0.5879145264625549
modular_tanimoto_gpc,TanimotoGPC,external,external_0118,0,1,0.560888946056366
modular_tanimoto_gpc,TanimotoGPC,external,external_0119,0,0,0.44710418581962585
modular_tanimoto_gpc,TanimotoGPC,external,external_0120,0,1,0.5147891640663147
modular_tanimoto_gpc,TanimotoGPC,external,external_0121,0,0,0.4694620668888092
modular_tanimoto_gpc,TanimotoGPC,external,external_0122,0,0,0.28680163621902466
modular_tanimoto_gpc,TanimotoGPC,external,external_0123,0,0,0.3028917908668518
modular_tanimoto_gpc,TanimotoGPC,external,external_0124,0,1,0.5405488610267639
modular_tanimoto_gpc,TanimotoGPC,external,external_0125,0,0,0.1510353982448578
modular_tanimoto_gpc,TanimotoGPC,external,external_0126,0,0,0.377810001373291
modular_tanimoto_gpc,TanimotoGPC,external,external_0127,0,1,0.5041232705116272
modular_tanimoto_gpc,TanimotoGPC,external,external_0128,0,1,0.6904143691062927
modular_tanimoto_gpc,TanimotoGPC,external,external_0129,0,1,0.6328322291374207
modular_tanimoto_gpc,TanimotoGPC,external,external_0130,0,0,0.26802000403404236
modular_tanimoto_gpc,TanimotoGPC,external,external_0131,0,0,0.2769552171230316
modular_tanimoto_gpc,TanimotoGPC,external,external_0132,0,0,0.42391452193260193
modular_tanimoto_gpc,TanimotoGPC,external,external_0133,0,0,0.34074875712394714
modular_tanimoto_gpc,TanimotoGPC,external,external_0134,0,0,0.3954118490219116
modular_tanimoto_gpc,TanimotoGPC,external,external_0135,0,1,0.6118074059486389
modular_tanimoto_gpc,TanimotoGPC,external,external_0136,0,1,0.568895697593689
modular_tanimoto_gpc,TanimotoGPC,external,external_0137,0,1,0.5578639507293701
modular_tanimoto_gpc,TanimotoGPC,external,external_0138,0,0,0.3310488760471344
modular_tanimoto_gpc,TanimotoGPC,external,external_0139,0,1,0.5191627144813538
modular_tanimoto_gpc,TanimotoGPC,external,external_0140,0,0,0.30358317494392395
modular_tanimoto_gpc,TanimotoGPC,external,external_0141,0,0,0.28603366017341614
modular_tanimoto_gpc,TanimotoGPC,external,external_0142,0,0,0.4287320077419281
modular_tanimoto_gpc,TanimotoGPC,external,external_0143,0,0,0.4743456542491913
modular_tanimoto_gpc,TanimotoGPC,external,external_0144,0,0,0.42878127098083496
modular_tanimoto_gpc,TanimotoGPC,external,external_0145,0,0,0.34250062704086304
modular_tanimoto_gpc,TanimotoGPC,external,external_0146,0,1,0.7465768456459045
modular_tanimoto_gpc,TanimotoGPC,external,external_0147,0,0,0.4773452579975128
modular_tanimoto_gpc,TanimotoGPC,external,external_0148,0,1,0.6133424639701843
modular_tanimoto_gpc,TanimotoGPC,external,external_0149,0,1,0.7301347255706787
modular_tanimoto_gpc,TanimotoGPC,external,external_0150,0,1,0.7836101055145264
modular_tanimoto_gpc,TanimotoGPC,external,external_0151,0,0,0.4801585078239441
modular_tanimoto_gpc,TanimotoGPC,external,external_0152,0,1,0.5069665312767029
modular_tanimoto_gpc,TanimotoGPC,external,external_0153,1,1,0.772299587726593
modular_tanimoto_gpc,TanimotoGPC,external,external_0154,1,0,0.2961403429508209
modular_tanimoto_gpc,TanimotoGPC,external,external_0155,1,1,0.7013369798660278
modular_tanimoto_gpc,TanimotoGPC,external,external_0156,1,1,0.6365862488746643
modular_tanimoto_gpc,TanimotoGPC,external,external_0157,1,1,0.705007016658783
modular_tanimoto_gpc,TanimotoGPC,external,external_0158,1,1,0.5923817753791809
modular_tanimoto_gpc,TanimotoGPC,external,external_0159,1,0,0.42047443985939026
modular_tanimoto_gpc,TanimotoGPC,external,external_0160,1,1,0.5848644971847534
modular_tanimoto_gpc,TanimotoGPC,external,external_0161,1,1,0.6908248066902161
modular_tanimoto_gpc,TanimotoGPC,external,external_0162,1,1,0.519745409488678
modular_tanimoto_gpc,TanimotoGPC,external,external_0163,1,0,0.35105806589126587
modular_tanimoto_gpc,TanimotoGPC,external,external_0164,1,1,0.5267605185508728
modular_tanimoto_gpc,TanimotoGPC,external,external_0165,1,1,0.7265125513076782
modular_tanimoto_gpc,TanimotoGPC,external,external_0166,1,1,0.6043054461479187
modular_tanimoto_gpc,TanimotoGPC,external,external_0167,1,0,0.43651288747787476
modular_tanimoto_gpc,TanimotoGPC,external,external_0168,1,0,0.2503173351287842
modular_tanimoto_gpc,TanimotoGPC,external,external_0169,1,1,0.5733084678649902
modular_tanimoto_gpc,TanimotoGPC,external,external_0170,1,0,0.29002460837364197
modular_tanimoto_gpc,TanimotoGPC,external,external_0171,1,0,0.2648325562477112
modular_tanimoto_gpc,TanimotoGPC,external,external_0172,1,1,0.7935858368873596
modular_tanimoto_gpc,TanimotoGPC,external,external_0173,1,1,0.6238173246383667
modular_tanimoto_gpc,TanimotoGPC,external,external_0174,1,1,0.6216976642608643
modular_tanimoto_gpc,TanimotoGPC,external,external_0175,1,0,0.2199501246213913
modular_tanimoto_gpc,TanimotoGPC,external,external_0176,1,0,0.17238624393939972
modular_tanimoto_gpc,TanimotoGPC,external,external_0177,1,0,0.24016249179840088
modular_tanimoto_gpc,TanimotoGPC,external,external_0178,1,1,0.6048564314842224
modular_tanimoto_gpc,TanimotoGPC,external,external_0179,1,1,0.7591191530227661
modular_tanimoto_gpc,TanimotoGPC,external,external_0180,1,1,0.7655922174453735
modular_tanimoto_gpc,TanimotoGPC,external,external_0181,1,1,0.677229106426239
modular_tanimoto_gpc,TanimotoGPC,external,external_0182,1,1,0.752833902835846
modular_tanimoto_gpc,TanimotoGPC,external,external_0183,1,0,0.2967603802680969
modular_tanimoto_gpc,TanimotoGPC,external,external_0184,1,1,0.5420193672180176
modular_tanimoto_gpc,TanimotoGPC,external,external_0185,1,0,0.3505585789680481
modular_tanimoto_gpc,TanimotoGPC,external,external_0186,1,0,0.49743029475212097
modular_tanimoto_gpc,TanimotoGPC,external,external_0187,1,0,0.29625433683395386
modular_tanimoto_gpc,TanimotoGPC,external,external_0188,1,1,0.5009924173355103
modular_tanimoto_gpc,TanimotoGPC,external,external_0189,1,1,0.5642079710960388
modular_tanimoto_gpc,TanimotoGPC,external,external_0190,1,1,0.7069506645202637
modular_tanimoto_gpc,TanimotoGPC,external,external_0191,1,0,0.45095622539520264
modular_tanimoto_gpc,TanimotoGPC,external,external_0192,1,0,0.35535305738449097
modular_tanimoto_gpc,TanimotoGPC,external,external_0193,1,1,0.6376621723175049
modular_tanimoto_gpc,TanimotoGPC,external,external_0194,1,1,0.5077193975448608
modular_tanimoto_gpc,TanimotoGPC,external,external_0195,1,1,0.5294827818870544
modular_tanimoto_gpc,TanimotoGPC,external,external_0196,1,1,0.5916703343391418
modular_tanimoto_gpc,TanimotoGPC,external,external_0197,1,1,0.7327638268470764
modular_tanimoto_gpc,TanimotoGPC,external,external_0198,1,1,0.7970162630081177
modular_tanimoto_gpc,TanimotoGPC,external,external_0199,1,0,0.4458619952201843
modular_tanimoto_gpc,TanimotoGPC,external,external_0200,1,1,0.5508350133895874
modular_tanimoto_gpc,TanimotoGPC,external,external_0201,1,0,0.35560065507888794
modular_tanimoto_gpc,TanimotoGPC,external,external_0202,1,0,0.39189207553863525
modular_tanimoto_gpc,TanimotoGPC,external,external_0203,1,0,0.3802909851074219
modular_tanimoto_gpc,TanimotoGPC,external,external_0204,1,1,0.5679560303688049
modular_tanimoto_gpc,TanimotoGPC,external,external_0205,1,1,0.7245528101921082
modular_tanimoto_gpc,TanimotoGPC,external,external_0206,1,1,0.7494948506355286
modular_tanimoto_gpc,TanimotoGPC,external,external_0207,1,1,0.5319971442222595
modular_tanimoto_gpc,TanimotoGPC,external,external_0208,1,1,0.5050690174102783
modular_tanimoto_gpc,TanimotoGPC,external,external_0209,1,1,0.565471351146698
modular_tanimoto_gpc,TanimotoGPC,external,external_0210,1,0,0.12477525323629379
modular_tanimoto_gpc,TanimotoGPC,external,external_0211,1,1,0.731049120426178
modular_tanimoto_gpc,TanimotoGPC,external,external_0212,1,0,0.35062459111213684
modular_tanimoto_gpc,TanimotoGPC,external,external_0213,1,0,0.31084221601486206
modular_tanimoto_gpc,TanimotoGPC,external,external_0214,1,0,0.22197461128234863
modular_tanimoto_gpc,TanimotoGPC,external,external_0215,1,0,0.16209039092063904
modular_tanimoto_gpc,TanimotoGPC,external,external_0216,1,1,0.6817362308502197
modular_tanimoto_gpc,TanimotoGPC,external,external_0217,1,0,0.4738421142101288
modular_tanimoto_gpc,TanimotoGPC,external,external_0218,1,1,0.7838955521583557
modular_tanimoto_gpc,TanimotoGPC,external,external_0219,1,1,0.8161487579345703
modular_tanimoto_gpc,TanimotoGPC,external,external_0220,1,1,0.5216248631477356
modular_tanimoto_gpc,TanimotoGPC,external,external_0221,1,1,0.6661049723625183
modular_tanimoto_gpc,TanimotoGPC,external,external_0222,1,1,0.7963758111000061
modular_tanimoto_gpc,TanimotoGPC,external,external_0223,1,1,0.6184237003326416
modular_tanimoto_gpc,TanimotoGPC,external,external_0224,1,1,0.503380537033081
modular_tanimoto_gpc,TanimotoGPC,external,external_0225,1,1,0.6653127074241638
modular_tanimoto_gpc,TanimotoGPC,external,external_0226,1,0,0.3954392969608307
modular_tanimoto_gpc,TanimotoGPC,external,external_0227,1,1,0.7155801653862
modular_tanimoto_gpc,TanimotoGPC,external,external_0228,1,1,0.6301149725914001
modular_tanimoto_gpc,TanimotoGPC,external,external_0229,1,1,0.5164294242858887
modular_tanimoto_gpc,TanimotoGPC,external,external_0230,1,1,0.7028493285179138
modular_tanimoto_gpc,TanimotoGPC,external,external_0231,1,1,0.539222002029419
modular_tanimoto_gpc,TanimotoGPC,external,external_0232,1,1,0.67946857213974
modular_tanimoto_gpc,TanimotoGPC,external,external_0233,1,1,0.6381279826164246
modular_tanimoto_gpc,TanimotoGPC,external,external_0234,1,1,0.7506081461906433
modular_tanimoto_gpc,TanimotoGPC,external,external_0235,1,1,0.6449949145317078
modular_tanimoto_gpc,TanimotoGPC,external,external_0236,1,1,0.750812828540802
modular_tanimoto_gpc,TanimotoGPC,external,external_0237,1,1,0.5004567503929138
modular_tanimoto_gpc,TanimotoGPC,external,external_0238,1,0,0.4767110347747803
modular_tanimoto_gpc,TanimotoGPC,external,external_0239,1,1,0.7844322323799133
modular_tanimoto_gpc,TanimotoGPC,external,external_0240,1,0,0.3661957383155823
modular_tanimoto_gpc,TanimotoGPC,external,external_0241,1,0,0.4964258372783661
modular_tanimoto_gpc,TanimotoGPC,external,external_0242,1,0,0.44857051968574524
modular_tanimoto_gpc,TanimotoGPC,external,external_0243,1,1,0.6547505855560303
modular_tanimoto_gpc,TanimotoGPC,external,external_0244,1,1,0.7821065783500671
modular_tanimoto_gpc,TanimotoGPC,external,external_0245,1,1,0.6579696536064148
modular_tanimoto_gpc,TanimotoGPC,external,external_0246,1,1,0.5972577929496765
modular_tanimoto_gpc,TanimotoGPC,external,external_0247,1,1,0.5599307417869568
modular_tanimoto_gpc,TanimotoGPC,external,external_0248,1,1,0.7764667868614197
modular_tanimoto_gpc,TanimotoGPC,external,external_0249,1,1,0.6716760396957397
modular_tanimoto_gpc,TanimotoGPC,external,external_0250,1,1,0.7690439820289612
modular_tanimoto_gpc,TanimotoGPC,external,external_0251,1,1,0.7101625800132751
modular_tanimoto_gpc,TanimotoGPC,external,external_0252,1,1,0.79889976978302
modular_tanimoto_gpc,TanimotoGPC,external,external_0253,1,1,0.6164659261703491
modular_tanimoto_gpc,TanimotoGPC,external,external_0254,1,1,0.8418905735015869
modular_tanimoto_gpc,TanimotoGPC,external,external_0255,1,1,0.7744576930999756
modular_tanimoto_gpc,TanimotoGPC,external,external_0256,1,1,0.6692052483558655
modular_tanimoto_gpc,TanimotoGPC,external,external_0257,1,1,0.7622131109237671
modular_tanimoto_gpc,TanimotoGPC,external,external_0258,1,1,0.6162696480751038
modular_tanimoto_gpc,TanimotoGPC,external,external_0259,1,1,0.7291339635848999
modular_tanimoto_gpc,TanimotoGPC,external,external_0260,1,1,0.57207852602005
modular_tanimoto_gpc,TanimotoGPC,external,external_0261,1,1,0.7195748090744019
modular_tanimoto_gpc,TanimotoGPC,external,external_0262,1,1,0.7870147228240967
modular_tanimoto_gpc,TanimotoGPC,external,external_0263,1,1,0.660417377948761
modular_tanimoto_gpc,TanimotoGPC,external,external_0264,1,1,0.6464092135429382
modular_tanimoto_gpc,TanimotoGPC,external,external_0265,1,1,0.6283074021339417
modular_tanimoto_gpc,TanimotoGPC,external,external_0266,1,1,0.7638483047485352
modular_tanimoto_gpc,TanimotoGPC,external,external_0267,1,1,0.5098728537559509
modular_tanimoto_gpc,TanimotoGPC,external,external_0268,1,1,0.784290611743927
modular_tanimoto_gpc,TanimotoGPC,external,external_0269,1,1,0.5225085020065308
modular_tanimoto_gpc,TanimotoGPC,external,external_0270,1,1,0.7701312899589539
modular_tanimoto_gpc,TanimotoGPC,external,external_0271,1,1,0.787369966506958
modular_tanimoto_gpc,TanimotoGPC,external,external_0272,1,1,0.5838053822517395
modular_tanimoto_gpc,TanimotoGPC,external,external_0273,1,0,0.3705713152885437
modular_tanimoto_gpc,TanimotoGPC,external,external_0274,1,0,0.4562813639640808
modular_tanimoto_gpc,TanimotoGPC,external,external_0275,1,1,0.7239653468132019
modular_tanimoto_gpc,TanimotoGPC,external,external_0276,1,1,0.5256600975990295
modular_tanimoto_gpc,TanimotoGPC,external,external_0277,1,0,0.4392164945602417
modular_tanimoto_gpc,TanimotoGPC,external,external_0278,1,1,0.8370193839073181
modular_tanimoto_gpc,TanimotoGPC,external,external_0279,1,1,0.7013813257217407
modular_tanimoto_gpc,TanimotoGPC,external,external_0280,1,1,0.8387030959129333
modular_tanimoto_gpc,TanimotoGPC,external,external_0281,1,1,0.7746853828430176
modular_tanimoto_gpc,TanimotoGPC,external,external_0282,1,1,0.8529161214828491
modular_tanimoto_gpc,TanimotoGPC,external,external_0283,1,1,0.7824281454086304
modular_tanimoto_gpc,TanimotoGPC,external,external_0284,1,1,0.7370924353599548
modular_tanimoto_gpc,TanimotoGPC,external,external_0285,1,1,0.6410394906997681
modular_tanimoto_gpc,TanimotoGPC,external,external_0286,1,1,0.540850043296814
modular_tanimoto_gpc,TanimotoGPC,external,external_0287,1,1,0.7791772484779358
modular_tanimoto_gpc,TanimotoGPC,external,external_0288,1,1,0.8364441990852356
modular_tanimoto_gpc,TanimotoGPC,external,external_0289,1,1,0.8379303216934204
modular_tanimoto_gpc,TanimotoGPC,external,external_0290,1,1,0.6750448346138
modular_tanimoto_gpc,TanimotoGPC,external,external_0291,1,1,0.5726466178894043
modular_tanimoto_gpc,TanimotoGPC,external,external_0292,1,1,0.7825592160224915
modular_tanimoto_gpc,TanimotoGPC,external,external_0293,1,1,0.7475970387458801
modular_tanimoto_gpc,TanimotoGPC,external,external_0294,1,1,0.6808653473854065
modular_tanimoto_gpc,TanimotoGPC,external,external_0295,1,1,0.5601577758789062
modular_tanimoto_gpc,TanimotoGPC,external,external_0296,1,1,0.6932259798049927
modular_tanimoto_gpc,TanimotoGPC,external,external_0297,1,1,0.7676814794540405
modular_tanimoto_gpc,TanimotoGPC,external,external_0298,1,1,0.8354964852333069
modular_tanimoto_gpc,TanimotoGPC,external,external_0299,1,1,0.8166221976280212
modular_tanimoto_gpc,TanimotoGPC,external,external_0300,1,1,0.7647063136100769
modular_tanimoto_gpc,TanimotoGPC,external,external_0301,1,0,0.43662315607070923
modular_tanimoto_gpc,TanimotoGPC,external,external_0302,1,1,0.6192116737365723
nephro_chemberta,chemberta_hybrid_cb_lgbm,external,C#CCC(Cc1c[n]c2[n]c(N)[n]c(N)c2[n]1)c1ccc(cc1)C(=O)N[C@@](CCC(O)=O)C(O)=O |^1:26|,1,1,0.957852851730453
nephro_chemberta,chemberta_hybrid_cb_lgbm,external,C(C(C1CCCCC1)C1CCCCC1)C1CCCCN1,0,0,0.0227616211216053
nephro_chemberta,chemberta_hybrid_cb_lgbm,external,C(C1NCCN=1)c1ccccc1,1,0,0.0365771137879744
nephro_chemberta,chemberta_hybrid_cb_lgbm,external,C/C=C(/C(=C/C)/c1ccc(O)cc1)\c1ccc(O)cc1,0,0,0.0917536547003325
nephro_chemberta,chemberta_hybrid_cb_lgbm,external,"C/C=C/C[C@@](C)[C@@](O)[C@]1C(=O)N[C@@](CC)C(=O)N(C)CC(=O)N(C)[C@@](CC(C)C)C(=O)N[C@@](C(C)C)C(=O)N(C)[C@@](CC(C)C)C(=O)N[C@@](C)C(=O)N[C@](C)C(=O)N(C)[C@@](CC(C)C)C(=O)N(C)[C@@](CC(C)C)C(=O)N(C)[C@@](C(C)C)C(=O)N1C |^1:4,6,8,12,24,32,40,48,53,59,68,77|",1,1,0.9895934556033972
nephro_chemberta,chemberta_hybrid_cb_lgbm,external,C1=Nc2ccccc2Oc2ccccc21,0,0,0.2171916598659111
nephro_chemberta,chemberta_hybrid_cb_lgbm,external,C1CCC(c2ccccc21)C1NCCN=1,0,0,0.0370203538088625
nephro_chemberta,chemberta_hybrid_cb_lgbm,external,C=C1C(CO)C(O)CC1[n]1c[n]c2C(=O)NC(N)=Nc12,1,0,0.140989758456582
nephro_chemberta,chemberta_hybrid_cb_lgbm,external,C=CC(N)CCC(O)=O,1,0,0.0710440868760317
nephro_chemberta,chemberta_hybrid_cb_lgbm,external,"C=CC1CS[C@@]2[C@](NC(=O)/C(=N\OCC(O)=O)/c3c[s]c(N)[n]3)C(=O)N2C=1C(O)=O |^1:5,6|",1,1,0.9537718339637504
nephro_chemberta,chemberta_hybrid_cb_lgbm,external,CC(=CC(=O)OC)OP(=O)(OC)OC,0,1,0.8317171616339428
nephro_chemberta,chemberta_hybrid_cb_lgbm,external,CC(=O)C1(O)CCC2C3CC(C)C4=CC(=O)CCC4(C)C3CCC12C,0,0,0.0075987991654461
nephro_chemberta,chemberta_hybrid_cb_lgbm,external,CC(=O)C1CCC2C3CC(C)C4=CC(=O)CCC4(C)C3C(O)CC21C,0,0,0.0160790616856799
nephro_chemberta,chemberta_hybrid_cb_lgbm,external,CC(=O)CC(C1=C(O)c2ccccc2OC1=O)c1ccccc1,0,0,0.071742721434268
nephro_chemberta,chemberta_hybrid_cb_lgbm,external,CC(=O)CCCCN1C(=O)N(C)c2[n]c[n](C)c2C1=O,0,0,0.051412447879087
nephro_chemberta,chemberta_hybrid_cb_lgbm,external,CC(=O)CCc1cc2ccc(cc2cc1)OC,1,0,0.1800294044539064
nephro_chemberta,chemberta_hybrid_cb_lgbm,external,CC(=O)N(CC(O)CO)c1c(I)c(c(I)c(c1I)C(=O)NCC(O)CO)C(=O)NCCO,1,1,0.9725806967687944
nephro_chemberta,chemberta_hybrid_cb_lgbm,external,CC(=O)N(O)CCCCCNC(=O)CCC(=O)N(O)CCCCCNC(=O)CCC(=O)N(O)CCCCCN,1,1,0.9682669488044616
nephro_chemberta,chemberta_hybrid_cb_lgbm,external,CC(=O)NC(CS)C(O)=O,1,0,0.0480148888472947
nephro_chemberta,chemberta_hybrid_cb_lgbm,external,CC(=O)NC1C(N)CC(=CC1OC(CC)CC)C(=O)OCC,1,0,0.3350358162783036
nephro_chemberta,chemberta_hybrid_cb_lgbm,external,CC(=O)NCCc1cccc2ccc(cc12)OC,0,0,0.0543531016447477
nephro_chemberta,chemberta_hybrid_cb_lgbm,external,CC(=O)NS(=O)(=O)c1ccc(N)cc1,0,0,0.0739507105076385
nephro_chemberta,chemberta_hybrid_cb_lgbm,external,CC(=O)Nc1c(I)c(C([O-])=O)c(I)c(NC(C)=O)c1I,0,1,0.9245954258953586
nephro_chemberta,chemberta_hybrid_cb_lgbm,external,CC(=O)Nc1ccc(O)cc1,1,0,0.3738710315371721
nephro_chemberta,chemberta_hybrid_cb_lgbm,external,CC(=O)Nc1ccc(cc1)C(=O)NCCN(CC)CC,0,0,0.0799036475187109
nephro_chemberta,chemberta_hybrid_cb_lgbm,external,CC(=O)Nc1ccccc1,1,1,0.9474591559140312
nephro_chemberta,chemberta_hybrid_cb_lgbm,external,CC(=O)OC1CC(=O)OC(C)CC=CC=CC(O)C(C)CC(CC=O)C(OC2OC(C)C(OC3CC(C)(O)C(OC(=O)CC(C)C)C(C)O3)C(C2O)N(C)C)C1OC,1,1,0.9917886595590903
nephro_chemberta,chemberta_hybrid_cb_lgbm,external,"CC(=O)OCC(=O)[C@]1(CC[C@]2[C@@]3C[C@](F)C4=CC(=O)C=C[C@]4(C)[C@@]3(F)[C@@](O)C[C@]12C)OC(=O)CCC |^1:10,11,13,25|",0,1,0.9283072627673272
nephro_chemberta,chemberta_hybrid_cb_lgbm,external,CC(=O)OCCCc1ccccc1,0,0,0.2356054253021478
nephro_chemberta,chemberta_hybrid_cb_lgbm,external,"CC(=O)OC[C@]1O[C@]([C@](OC(C)=O)[C@@]1OC(C)=O)N1N=CC(=O)NC1=O |^1:5,7,8,13|",0,1,0.8270524694012733
nephro_chemberta,chemberta_hybrid_cb_lgbm,external,CC(=O)OCc1ccccc1,1,1,0.6605847014272439
nephro_chemberta,chemberta_hybrid_cb_lgbm,external,CC(C(O)=O)c1cc2[nH]c3ccc(Cl)cc3c2cc1,1,0,0.1575991299921217
nephro_chemberta,chemberta_hybrid_cb_lgbm,external,CC(C)(C)C(=O)OCOP(=O)(COCC[n]1c[n]c2c(N)[n]c[n]c12)OCOC(=O)C(C)(C)C,1,1,0.9956297273264724
nephro_chemberta,chemberta_hybrid_cb_lgbm,external,CC(C)(C)C(=O)Oc1ccc(cc1OC(=O)C(C)(C)C)C(O)CNC,0,0,0.4323676885631242
nephro_chemberta,chemberta_hybrid_cb_lgbm,external,CC(C)(C)NCC(O)COc1cccc2CC(O)C(O)Cc21,0,0,0.0489093301393618
nephro_chemberta,chemberta_hybrid_cb_lgbm,external,CC(C)(C)NCC(O)c1cc(Cl)c(N)c(Cl)c1,0,0,0.0978028267853392
nephro_chemberta,chemberta_hybrid_cb_lgbm,external,CC(C)(C)c1cc(C)c(CC2NCCN=2)c(C)c1,0,0,0.0537365071340866
nephro_chemberta,chemberta_hybrid_cb_lgbm,external,CC(C)(CO)C(O)C(=O)NCCCO,0,0,0.0734399516145428
nephro_chemberta,chemberta_hybrid_cb_lgbm,external,CC(C)(O)c1ccccc1CC[C@@](SCC1(CC([O-])=O)CC1)c1cc(ccc1)/C=C/c1ccc2ccc(Cl)cc2[n]1 |^1:12|,1,1,0.8224075434029057
nephro_chemberta,chemberta_hybrid_cb_lgbm,external,"CC(C)(O/N=C(/c1c[s]c(N)[n]1)\C(=O)N[C@@]1C(=O)N2C(=C(CS[C@@]21)C[n+]1ccccc1)C([O-])=O)C([O-])=O |^1:15,23|",1,1,0.9727006014031856
nephro_chemberta,chemberta_hybrid_cb_lgbm,external,CC(C)(Oc1ccc(Cl)cc1)C(=O)OCC,1,1,0.9021276834183238
nephro_chemberta,chemberta_hybrid_cb_lgbm,external,CC(C)(Oc1ccc(cc1)C1CC1(Cl)Cl)C(O)=O,1,0,0.4439137857325987
nephro_chemberta,chemberta_hybrid_cb_lgbm,external,CC(C)=CCC/C(/C)=C/COC(C)=O,0,1,0.7385953802291628
nephro_chemberta,chemberta_hybrid_cb_lgbm,external,CC(C)C(N)C(=O)OCC(CO)OC[n]1c[n]c2c1N=C(N)NC2=O,1,1,0.9715568122135022
nephro_chemberta,chemberta_hybrid_cb_lgbm,external,CC(C)C(N)C(=O)OCCOC[n]1c[n]c2c1N=C(N)NC2=O,1,1,0.9645204635314448
nephro_chemberta,chemberta_hybrid_cb_lgbm,external,CC(C)NCC(O)COc1cc(C)c(OC(C)=O)c(C)c1C,0,1,0.6651582177138378
nephro_chemberta,chemberta_hybrid_cb_lgbm,external,CC(C)NCC(O)c1ccc(O)c(O)c1,0,0,0.0216240933290113
nephro_chemberta,chemberta_hybrid_cb_lgbm,external,CC(C)NNC(=O)c1cc[n]cc1,0,0,0.1089974591069777
nephro_chemberta,chemberta_hybrid_cb_lgbm,external,CC(C)OC(=O)C(C)(C)Oc1ccc(cc1)C(=O)c1ccc(Cl)cc1,1,1,0.9206521108173068
nephro_chemberta,chemberta_hybrid_cb_lgbm,external,"CC(C)OC(=O)OC(C)OC(=O)C1=C(CS[C@@]2[C@](NC(=O)/C(=N\OC)/c3c[s]c(N)[n]3)C(=O)N21)COC |^1:16,17|",1,1,0.9790054326075598
nephro_chemberta,chemberta_hybrid_cb_lgbm,external,CC(C)OP(=O)(F)OC(C)C,1,1,0.9265881254894938
nephro_chemberta,chemberta_hybrid_cb_lgbm,external,CC(C)[n]1c2ccccc2c(c1C=CC(O)CC(O)CC(O)=O)-c1ccc(F)cc1,1,1,0.5654846462555798
nephro_chemberta,chemberta_hybrid_cb_lgbm,external,CC(C)c1[n]c(C(C)C)c(COC)c(c1C=CC(O)CC(O)CC([O-])=O)-c1ccc(F)cc1,1,1,0.9179125789303396
nephro_chemberta,chemberta_hybrid_cb_lgbm,external,CC(CC1CCCCC1)NC,0,0,0.0807334477371972
nephro_chemberta,chemberta_hybrid_cb_lgbm,external,CC(CCC(O)=O)C1CCC2C3C(CCC21C)C1(C)CCC(O)CC1CC3O,0,0,0.0383932866841814
nephro_chemberta,chemberta_hybrid_cb_lgbm,external,CC(C[N+](C)(C)C)OC(N)=O,1,0,0.2576650962991501
nephro_chemberta,chemberta_hybrid_cb_lgbm,external,CC(C[n]1c[n]c2c(N)[n]c[n]c12)OCP(=O)(OCOC(=O)OC(C)C)OCOC(=O)OC(C)C,1,1,0.9938878153574964
nephro_chemberta,chemberta_hybrid_cb_lgbm,external,CC(Cc1ccccc1)NCCCCl,0,0,0.0771046514240592
nephro_chemberta,chemberta_hybrid_cb_lgbm,external,CC(N)(Cc1cc(O)c(O)cc1)C(O)=O,0,0,0.0218312439997505
nephro_chemberta,chemberta_hybrid_cb_lgbm,external,CC(NCCc1ccc(O)cc1)C(O)c1ccc(O)cc1,1,0,0.0380583375834736
nephro_chemberta,chemberta_hybrid_cb_lgbm,external,CC(O)(P([O-])(O)=O)P([O-])(O)=O,0,1,0.8840915374303082
nephro_chemberta,chemberta_hybrid_cb_lgbm,external,CC(O)C(CC)N1N=CN(C1=O)c1ccc(cc1)N1CCN(CC1)c1ccc(cc1)OCC1CC(C[n]2c[n]c[n]2)(OC1)c1ccc(F)cc1F,1,1,0.9774100006990528
nephro_chemberta,chemberta_hybrid_cb_lgbm,external,CC(O)C1NC(=O)C(CCCCN)NC(=O)C(Cc2c[nH]c3ccccc23)NC(=O)C(Cc2ccccc2)NC(=O)C(CSSCC(NC1=O)C(=O)NC(CO)C(C)O)NC(=O)C(N)Cc1ccccc1,1,1,0.9912058976770032
nephro_chemberta,chemberta_hybrid_cb_lgbm,external,CC(OC(=O)OC1CCCCC1)OC(=O)c1cccc2[n]c(OCC)[n](Cc3ccc(cc3)-c3ccccc3-c3[nH][n][n][n]3)c12,1,1,0.9961213758298062
nephro_chemberta,chemberta_hybrid_cb_lgbm,external,CC1(C)CCC(=O)C(C)=C1C=CC(C)=CC=CC(C)=CC=CC=C(C)C=CC=C(C)C=CC1=C(C)C(=O)CCC1(C)C,0,1,0.8513222729130345
nephro_chemberta,chemberta_hybrid_cb_lgbm,external,"CC1(C)[C@@]2C[C@@](CC2)[C@]1(C)NC |^1:3,5|",1,0,0.0394099311678754
nephro_chemberta,chemberta_hybrid_cb_lgbm,external,"CC1(C)[C@]2C[C@]3(CC(C(C)=O)=C2C)[C@]1CC[C@]3C |^1:3,13,16|",0,0,0.0465952373392845
nephro_chemberta,chemberta_hybrid_cb_lgbm,external,CC12CCC3C(CCC4=CC(=O)CCC43C)C1CCC2O,1,0,0.0187051984512388
nephro_chemberta,chemberta_hybrid_cb_lgbm,external,CC12CCC3C(CCC4NC(=O)C=CC43C)C1CCC2C(=O)Nc1cc(ccc1C(F)(F)F)C(F)(F)F,0,1,0.9597157591950568
nephro_chemberta,chemberta_hybrid_cb_lgbm,external,CC12CCC3C(CCc4cc(O)ccc43)C1CCC2OC(=O)CCC1CCCC1,0,0,0.0651007971599603
nephro_chemberta,chemberta_hybrid_cb_lgbm,external,CC12CCC3C(CCc4cc(ccc43)OC(=O)N(CCCl)CCCl)C1CCC2OP(O)(O)=O,0,1,0.9627316853347316
nephro_chemberta,chemberta_hybrid_cb_lgbm,external,CC1=CC(=O)Oc2c1cc1cc(C)oc1c2C,1,1,0.5000040435637232
nephro_chemberta,chemberta_hybrid_cb_lgbm,external,"CC1=CC=CC=C[C@@](C)C[C@@](C)C(=O)[C@](OC)[C@](O)C(C)=C[C@@](C)C(=O)C[C@](OC(=O)[C@@]2CCCCN2C(=O)C(=O)[C@]2(O)O[C@](C[C@@]1OC)CC[C@]2C)[C@](C)C[C@]1C[C@@](OC)[C@@](CC1)OCCO |c:1,t:3,5,20,^1:7,10,14,17,22,27,31,44,46,51,53,56,58,61|",1,1,0.9935787534231278
nephro_chemberta,chemberta_hybrid_cb_lgbm,external,CC1=CCCC(C)(C)C1C(=O)/C=C/C,0,1,0.5899092354495595
nephro_chemberta,chemberta_hybrid_cb_lgbm,external,"CC1=CN(C(=O)NC1=O)[C@]1C[C@](N=[N+]=[N-])[C@@](CO)O1 |^1:9,11,15|",1,0,0.2464711225552588
nephro_chemberta,chemberta_hybrid_cb_lgbm,external,"CC1=C[C@@](C)C(=O)C[C@](OC(=O)[C@@]2CCCCN2C(=O)C(=O)[C@]2(O)O[C@](C[C@](OC)C(C)=CC=CC=C[C@@](C)C[C@@](C)C(=O)[C@](OC)[C@@]1O)CC[C@]2C)[C@](C)C[C@]1C[C@@](OC)[C@](O)CC1 |c:1,t:32,34,36,^1:3,8,12,25,27,37,40,44,47,51,53,56,58,61|",1,1,0.9913919333242228
nephro_chemberta,chemberta_hybrid_cb_lgbm,external,CC1C=CC=CC=CC=CC=CC=CC=CC(CC2OC(O)(CC(O)C2C(O)=O)CC(O)CC(O)C(O)CCC(O)CC(O)CC(=O)OC(C)C(C)C1O)OC1OC(C)C(O)C(N)C1O,1,1,0.9889043961686076
nephro_chemberta,chemberta_hybrid_cb_lgbm,external,CC1C=CC=CCCC=CC=CC=CC=CC(CC2OC(O)(CC(O)C(O)CCC(O)CC(O)CC(O)CC(=O)OC(C)C(C)C1O)CC(O)C2C(O)=O)OC1OC(C)C(O)C(N)C1O,0,1,0.9860235632145165
nephro_chemberta,chemberta_hybrid_cb_lgbm,external,CC1C=CCC(C)(C)C1C(=O)/C=C/C,0,1,0.8061367226159581
nephro_chemberta,chemberta_hybrid_cb_lgbm,external,CC1C=CCC(C)(C)C=1C(=O)/C=C/C,0,1,0.878312728113316
nephro_chemberta,chemberta_hybrid_cb_lgbm,external,CC1CC(C)(C)CC(C1)OC(=O)C(O)c1ccccc1,0,0,0.1217664926065397
nephro_chemberta,chemberta_hybrid_cb_lgbm,external,CC1CC2C3CCC4=CC(=O)C=CC4(C)C3(F)C(O)CC2(C)C1(OC(=O)CC)C(=O)COC(=O)CC,0,1,0.9327667522505994
nephro_chemberta,chemberta_hybrid_cb_lgbm,external,CC1CCC(CC1)NC(=O)N(CCCl)N=O,1,1,0.7847999161686677
nephro_chemberta,chemberta_hybrid_cb_lgbm,external,CC1CCCC(C)(C)C=1/C=C/C(/C)=C\C=C\C(\C)=C\C(O)=O,1,1,0.8197858239497503
nephro_chemberta,chemberta_hybrid_cb_lgbm,external,CC1CCCC(C)(C)C=1C(=O)/C=C/C,0,1,0.7454787735839634
nephro_chemberta,chemberta_hybrid_cb_lgbm,external,CC1CN(CCN1)c1c(F)cc2c(c1OC)N(C=C(C(O)=O)C2=O)C1CC1,1,1,0.9302913994948592
nephro_chemberta,chemberta_hybrid_cb_lgbm,external,CC1CN(CCN1)c1cc2c(cc1F)C(=O)C(=CN2c1ccc(F)cc1F)C(O)=O,0,1,0.7755015027614289
nephro_chemberta,chemberta_hybrid_cb_lgbm,external,CC1COc2c3c(cc(F)c2C2(N)CC2)C(=O)C(=CN31)C(O)=O,1,1,0.7439048158843028
nephro_chemberta,chemberta_hybrid_cb_lgbm,external,"CC1CS[C@@]2[C@](NC(=O)/C(=N\OC)/c3c[s]c(N)[n]3)C(=O)N2C=1C(=O)OCOC(=O)C(C)(C)C |^1:4,5|",1,1,0.9741651816462328
nephro_chemberta,chemberta_hybrid_cb_lgbm,external,CC1OC(=O)OC=1COC(=O)c1c([n]c(CCC)[n]1Cc1ccc(cc1)-c1ccccc1-c1[nH][n][n][n]1)C(C)(C)O,0,1,0.9799636045006256
nephro_chemberta,chemberta_hybrid_cb_lgbm,external,CC1OC(C(O)C1O)N1C=C(F)C(=O)NC1=O,0,0,0.1543420744208649
nephro_chemberta,chemberta_hybrid_cb_lgbm,external,CC1OC1P([O-])([O-])=O,1,0,0.1509446551339735
nephro_chemberta,chemberta_hybrid_cb_lgbm,external,CCC(=O)C=Cc1ccc(cc1)OC,0,1,0.8006404527373827
nephro_chemberta,chemberta_hybrid_cb_lgbm,external,CCC(C)C(C)(COC(N)=O)COC(N)=O,1,0,0.0574402529376057
nephro_chemberta,chemberta_hybrid_cb_lgbm,external,CCC(O)(/C=C/Cl)C#C,1,1,0.6884711065392333
nephro_chemberta,chemberta_hybrid_cb_lgbm,external,CCC(c1ccc(cc1)OP(O)(O)=O)=C(CC)c1ccc(cc1)OP(O)(O)=O,0,0,0.2593629097588606
nephro_chemberta,chemberta_hybrid_cb_lgbm,external,CCC1(C(C)CCC)C(=O)[N-]C(=S)NC1=O,1,0,0.2210084433285466
nephro_chemberta,chemberta_hybrid_cb_lgbm,external,CCC1(C)CC(=O)NC(=O)C1,0,0,0.0863669588163311
nephro_chemberta,chemberta_hybrid_cb_lgbm,external,CCC1(CC(O)=O)OCCc2c3cccc(CC)c3[nH]c12,1,0,0.108611554627236
nephro_chemberta,chemberta_hybrid_cb_lgbm,external,CCC1CN2CCc3cc(OC)c(cc3C2CC1CC1NCCc2cc(OC)c(cc21)OC)OC,0,1,0.9210382204554146
nephro_chemberta,chemberta_hybrid_cb_lgbm,external,CCCCC(=O)N(Cc1ccc(cc1)-c1ccccc1-c1[nH][n][n][n]1)[C@@](C(C)C)C(O)=O |^1:25|,1,1,0.9406925141408152
nephro_chemberta,chemberta_hybrid_cb_lgbm,external,CCCCC(COC(=O)c1ccc(cc1)C(=O)OCC(CCCC)CC)CC,0,0,0.3436058949957518
nephro_chemberta,chemberta_hybrid_cb_lgbm,external,CCCCC(COC(=O)c1ccccc1C(=O)OCC(CCCC)CC)CC,0,0,0.1322833211726511
nephro_chemberta,chemberta_hybrid_cb_lgbm,external,CCCCC1=NC2(CCCC2)C(=O)N1Cc1ccc(cc1)-c1ccccc1-c1[nH][n][n][n]1,1,1,0.9476502811575818
nephro_chemberta,chemberta_hybrid_cb_lgbm,external,CCCCC1C(=O)N(c2ccccc2)N(c2ccccc2)C1=O,1,1,0.8840576001731065
nephro_chemberta,chemberta_hybrid_cb_lgbm,external,CCCCCCCCCCCCCCCCO,0,0,0.1814371837975368
nephro_chemberta,chemberta_hybrid_cb_lgbm,external,CCCCCCCCCCCC[N+](C)(C)C,0,0,0.1298710045777866
nephro_chemberta,chemberta_hybrid_cb_lgbm,external,CCCCCCCCCC[N+](C)(C)Cc1ccccc1,0,0,0.0630277496241402
nephro_chemberta,chemberta_hybrid_cb_lgbm,external,CCCCCCCCCS([O-])(=O)=O,0,1,0.7651028361635355
nephro_chemberta,chemberta_hybrid_cb_lgbm,external,CCCCCCCCN1SC=CC1=O,0,1,0.6206085041913749
nephro_chemberta,chemberta_hybrid_cb_lgbm,external,CCCCCCCCOC(=O)c1ccc(cc1)N(C)C,0,0,0.1249414160859924
nephro_chemberta,chemberta_hybrid_cb_lgbm,external,CCCCCCNC(=O)N1C=C(F)C(=O)NC1=O,0,0,0.1492592677194548
nephro_chemberta,chemberta_hybrid_cb_lgbm,external,CCCCCN(C)CCC(O)(P([O-])(O)=O)P(O)(O)=O,1,1,0.8338382813922179
nephro_chemberta,chemberta_hybrid_cb_lgbm,external,CCCCOC(=O)c1ccc(N)cc1,0,0,0.0989745968034467
nephro_chemberta,chemberta_hybrid_cb_lgbm,external,CCCCOP(=O)(OCCCC)OCCCC,0,0,0.3206540747957464
nephro_chemberta,chemberta_hybrid_cb_lgbm,external,CCCCOc1cc(C(=O)NCCN(CC)CC)c2ccccc2[n]1,0,0,0.0355386581908566
nephro_chemberta,chemberta_hybrid_cb_lgbm,external,CCCCOc1cc(ccc1N)C(=O)OCCN(CC)CC,0,0,0.0594738700286073
nephro_chemberta,chemberta_hybrid_cb_lgbm,external,CCCCc1[n]c(Cl)c(CO)[n]1Cc1ccc(cc1)-c1ccccc1-c1[nH][n][n][n]1,1,1,0.9092220248969254
nephro_chemberta,chemberta_hybrid_cb_lgbm,external,CCCN1C(=O)NC(=O)c2[n]c[nH]c12,0,0,0.1328897451229395
nephro_chemberta,chemberta_hybrid_cb_lgbm,external,CCCOC(=O)c1cc(O)c(O)c(O)c1,0,0,0.08790879097643
nephro_chemberta,chemberta_hybrid_cb_lgbm,external,CCCOC(=O)c1ccc(O)cc1,0,0,0.1431736910449622
nephro_chemberta,chemberta_hybrid_cb_lgbm,external,CCCSP(=O)(Oc1ccc(Br)cc1Cl)OCC,0,1,0.8408620906396507
nephro_chemberta,chemberta_hybrid_cb_lgbm,external,CCCSc1cc2[nH]c(NC(=O)OC)[n]c2cc1,1,0,0.2142357826258329
nephro_chemberta,chemberta_hybrid_cb_lgbm,external,CCN1C(=O)NC(c2ccccc2)C1=O,0,0,0.0613611982644041
nephro_chemberta,chemberta_hybrid_cb_lgbm,external,CCN1C=C(C(=O)c2cc(F)c(c(F)c12)N1CCNC(C)C1)C(O)=O,1,1,0.830004109148625
nephro_chemberta,chemberta_hybrid_cb_lgbm,external,CCN1C=C(C(O)=O)C(=O)c2cc(F)c([n]c12)N1CCNCC1,1,1,0.7782324363547595
nephro_chemberta,chemberta_hybrid_cb_lgbm,external,CCN1C=C(C(O)=O)C(=O)c2cc(F)c(cc12)N1CCNCC1,1,1,0.8792657605377818
nephro_chemberta,chemberta_hybrid_cb_lgbm,external,CCN[C@@](C)Cc1cc(ccc1)C(F)(F)F |^1:3|,1,0,0.3661823592865701
nephro_chemberta,chemberta_hybrid_cb_lgbm,external,CCOC(=O)C=CC(O)=O,1,0,0.1963941009620955
nephro_chemberta,chemberta_hybrid_cb_lgbm,external,CCOC(=O)c1c[n]c[n]1[C@](C)c1ccccc1 |^1:10|,0,0,0.0527065751855654
nephro_chemberta,chemberta_hybrid_cb_lgbm,external,CCOC(=O)c1ccc(N)cc1,0,0,0.0646241940011859
nephro_chemberta,chemberta_hybrid_cb_lgbm,external,CCOP(=O)(Oc1ccc(cc1)[N+]([O-])=O)OCC,0,0,0.2650106070406031
nephro_chemberta,chemberta_hybrid_cb_lgbm,external,CCOP(=S)(OCC)SCSP(=S)(OCC)OCC,0,1,0.8310089316334546
nephro_chemberta,chemberta_hybrid_cb_lgbm,external,"CC[C@](C)[C@]1O[C@@]2(C[C@@]3C[C@@](CC=C(C)[C@@](O[C@]4C[C@](OC)[C@@](O[C@]5C[C@](OC)[C@@](O)[C@](C)O5)[C@](C)O4)[C@@](C)C=CC=C4CO[C@@]5[C@](O)C(C)=C[C@@](C(=O)O3)[C@@]54O)O2)CC[C@@]1C |c:12,43,t:41,^1:2,4,8,10,15,17,19,22,24,26,29,31,34,37,45,46,51,60|",1,1,0.995871727869069
nephro_chemberta,chemberta_hybrid_cb_lgbm,external,CCc1c2cc(ccc2[n]c2C3=CC4=C(COC(=O)[C@]4(O)CC)C(=O)N3Cc21)OC(=O)N1CCC(CC1)N1CCCCC1,1,1,0.9872368229006416
nephro_chemberta,chemberta_hybrid_cb_lgbm,external,CN(C)C(=S)SSC(=S)N(C)C,0,0,0.1409915007360439
nephro_chemberta,chemberta_hybrid_cb_lgbm,external,CN(C)C(C)C(=O)c1ccccc1,0,0,0.1846605475677724
nephro_chemberta,chemberta_hybrid_cb_lgbm,external,CN(C)CCCC1(OCc2cc(ccc12)C#N)c1ccc(F)cc1,1,1,0.808774081135146
nephro_chemberta,chemberta_hybrid_cb_lgbm,external,CN(C)CCCN1c2ccccc2Sc2ccccc12,1,0,0.0135386275388293
nephro_chemberta,chemberta_hybrid_cb_lgbm,external,CN(C)CCCOc1[n][n](Cc2ccccc2)c2ccccc21,0,0,0.0169514818638764
nephro_chemberta,chemberta_hybrid_cb_lgbm,external,"CN(C)CC[n]1[n][n][n]c1SCC1CS[C@@]2[C@](NC(=O)Cc3c[s]c(N)[n]3)C(=O)N2C=1C(O)=O |^1:15,16|",0,1,0.9366094992850278
nephro_chemberta,chemberta_hybrid_cb_lgbm,external,CN(C)CCc1c[nH]c2ccc(O)cc12,0,0,0.0138347614039367
nephro_chemberta,chemberta_hybrid_cb_lgbm,external,CN(Cc1c[n]c2[n]c(N)[n]c(N)c2[n]1)c1ccc(cc1)C(=O)N[C@@](CCC(O)=O)C(O)=O |^1:24|,1,1,0.8879460580222925
nephro_chemberta,chemberta_hybrid_cb_lgbm,external,"CN(c1[n]c(c(/C=C/[C@@](O)C[C@@](O)CC([O-])=O)c([n]1)C(C)C)-c1ccc(F)cc1)S(C)(=O)=O |^1:8,11|",1,1,0.9570556713862524
nephro_chemberta,chemberta_hybrid_cb_lgbm,external,CN1C(=O)C(O)N=C(c2cc(Cl)ccc12)c1ccccc1,0,0,0.0063946931788889
nephro_chemberta,chemberta_hybrid_cb_lgbm,external,CN1CCCC1c1c[n]ccc1,0,0,0.0247082373983305
nephro_chemberta,chemberta_hybrid_cb_lgbm,external,CN1CCN(CC(=O)N2c3[n]cccc3NC(=O)c3ccccc23)CC1,0,0,0.0642464854106918
nephro_chemberta,chemberta_hybrid_cb_lgbm,external,CN1CCN(CC1)C(=O)O[C@]1c2[n]cc[n]c2C(=O)N1c1ccc(Cl)c[n]1 |^1:10|,1,1,0.8617443591924445
nephro_chemberta,chemberta_hybrid_cb_lgbm,external,CN1CCN(CC1)S(=O)(=O)c1cc(C2NC(=O)c3c(N=2)c(CCC)[n][n]3C)c(cc1)OCC,1,1,0.9535238441158664
nephro_chemberta,chemberta_hybrid_cb_lgbm,external,CN1CCN(CC1)c1c(F)cc2c3c1OCC(C)N3C=C(C(O)=O)C2=O,1,1,0.9370182051587876
nephro_chemberta,chemberta_hybrid_cb_lgbm,external,CN1CCN(CC1)c1cc2c(cc1F)C(=O)C(=CN2CC)C(O)=O,1,1,0.657572844436871
nephro_chemberta,chemberta_hybrid_cb_lgbm,external,CN1CCN(Cc2ccc(cc2)C(=O)Nc2cc(Nc3[n]c(cc[n]3)-c3c[n]ccc3)c(C)cc2)CC1,1,1,0.7809668990333009
nephro_chemberta,chemberta_hybrid_cb_lgbm,external,CN1CC[C@@]2(C)c3cc(ccc3N(C)[C@]21)OC(=O)NC |^1:14|,0,0,0.0343020079437295
nephro_chemberta,chemberta_hybrid_cb_lgbm,external,CN1CSC(=S)N(C)C1,0,0,0.0639716677110288
nephro_chemberta,chemberta_hybrid_cb_lgbm,external,CN1NC(=O)C(=O)N=C1SCC1CSC2C(NC(=O)C(=NOC)c3c[s]c(N)[n]3)C(=O)N2C=1C([O-])=O,1,1,0.9931779337116644
nephro_chemberta,chemberta_hybrid_cb_lgbm,external,CN1c2[n]c[n](C)c2C(=O)NC1=O,0,0,0.0968675193072149
nephro_chemberta,chemberta_hybrid_cb_lgbm,external,CNC(=O)CSP(=S)(OC)OC,1,1,0.8393202740849712
nephro_chemberta,chemberta_hybrid_cb_lgbm,external,CNC(=O)N1c2ccccc2CCc2ccc(cc12)NC(=O)OCC,0,0,0.1341425288488692
nephro_chemberta,chemberta_hybrid_cb_lgbm,external,CNC(=O)c1cc(cc[n]1)Oc1ccc(cc1)NC(=O)Nc1cc(c(Cl)cc1)C(F)(F)F,1,1,0.8707907821281756
nephro_chemberta,chemberta_hybrid_cb_lgbm,external,CNC(C)(C)Cc1ccccc1,0,0,0.0990348941206366
nephro_chemberta,chemberta_hybrid_cb_lgbm,external,CNC(C)Cc1ccccc1OC,0,0,0.1104322905941284
nephro_chemberta,chemberta_hybrid_cb_lgbm,external,CNC1C[N+]([O-])=C(c2cc(Cl)ccc2N=1)c1ccccc1,0,0,0.0379666338541309
nephro_chemberta,chemberta_hybrid_cb_lgbm,external,"CO/N=C(/c1ccco1)\C(=O)N[C@@]1C(=O)N2C(C(O)=O)=C(COC(N)=O)CS[C@@]21 |^1:12,28|",1,1,0.7848035676928463
nephro_chemberta,chemberta_hybrid_cb_lgbm,external,COC(=O)/C=C\C(=O)OC,1,1,0.837064880869838
nephro_chemberta,chemberta_hybrid_cb_lgbm,external,COC(=O)C(N)Cc1c[n]c[nH]1,1,0,0.1506592543913365
nephro_chemberta,chemberta_hybrid_cb_lgbm,external,COC(=O)c1ccc(O)cc1,0,0,0.4643016561078028
nephro_chemberta,chemberta_hybrid_cb_lgbm,external,COC(F)(F)C(Cl)Cl,1,1,0.9900886928998184
nephro_chemberta,chemberta_hybrid_cb_lgbm,external,COCC(=O)Nc1c(I)c(c(I)c(c1I)C(=O)N(C)CC(O)CO)C(=O)NCC(O)CO,1,1,0.9639946693119712
nephro_chemberta,chemberta_hybrid_cb_lgbm,external,CON=C1CN(CC1CN)c1[n]c2c(cc1F)C(=O)C(=CN2C1CC1)C(O)=O,1,1,0.8253763431555471
nephro_chemberta,chemberta_hybrid_cb_lgbm,external,COc1c(CS(=O)c2[n-]c3cc(ccc3[n]2)OC(F)F)[n]ccc1OC,0,1,0.8217162506962817
nephro_chemberta,chemberta_hybrid_cb_lgbm,external,COc1c(CS(=O)c2[nH]c3cc(ccc3[n]2)OC(F)F)[n]ccc1OC,0,1,0.8353432078490315
nephro_chemberta,chemberta_hybrid_cb_lgbm,external,COc1cc(C=O)ccc1O,0,0,0.3006495185278102
nephro_chemberta,chemberta_hybrid_cb_lgbm,external,COc1cc(OC)c(C(=O)CCCN2CCCC2)c(c1)OC,0,0,0.0545078514570334
nephro_chemberta,chemberta_hybrid_cb_lgbm,external,COc1cc(ccc1Nc1c2ccccc2[n]c2ccccc21)NS(C)(=O)=O,0,0,0.0555607617862551
nephro_chemberta,chemberta_hybrid_cb_lgbm,external,COc1ccc(/C=C/C(=O)OCCOCC)cc1,0,0,0.4212623376192204
nephro_chemberta,chemberta_hybrid_cb_lgbm,external,COc1ccc(C=CC(=O)OCC(CCCC)CC)cc1,0,1,0.5638246115969479
nephro_chemberta,chemberta_hybrid_cb_lgbm,external,"COc1ccc2CN(C)CC[C@@]34C=C[C@](O)C[C@@]3Oc1c42 |^1:14,17|",1,0,0.0224027743445646
nephro_chemberta,chemberta_hybrid_cb_lgbm,external,COc1ccc2[n]ccc(C(O)C3CC4CCN3CC4C=C)c2c1,0,0,0.1531003597241665
nephro_chemberta,chemberta_hybrid_cb_lgbm,external,COc1ccccc1OCC(O)CN1CCN(CC(=O)Nc2c(C)cccc2C)CC1,1,1,0.8624400128965579
nephro_chemberta,chemberta_hybrid_cb_lgbm,external,CS(=O)(=O)CCNCc1ccc(o1)-c1cc2c(Nc3cc(Cl)c(cc3)OCc3cccc(F)c3)[n]c[n]c2cc1,1,1,0.9781743469138744
nephro_chemberta,chemberta_hybrid_cb_lgbm,external,C[C@@](c1[n]c[n]cc1F)[C@](O)(C[n]1c[n]c[n]1)c1ccc(F)cc1F |^1:1|,1,1,0.8358769404240136
nephro_chemberta,chemberta_hybrid_cb_lgbm,external,"C[C@@]1CN(C[C@](C)N1)c1c(F)c2c(c(N)c1F)C(=O)C(=CN2C1CC1)C(O)=O |^1:1,5|",1,1,0.9306153657108516
nephro_chemberta,chemberta_hybrid_cb_lgbm,external,"C[C@@]1C[C@]2[C@@]3[C@](Cl)CC4=CC(=O)C=C[C@]4(C)[C@]3[C@@](O)C[C@]2(C)[C@@]1(OC(=O)CC)C(=O)COC(=O)CC |^1:1,3,4,5,16,17|",0,1,0.9547041991537416
nephro_chemberta,chemberta_hybrid_cb_lgbm,external,"C[C@](CS)C(=O)N1CCC[C@]1C(O)=O |^1:1,10|",1,1,0.859360620032958
nephro_chemberta,chemberta_hybrid_cb_lgbm,external,"C[C@](CSC(C)=O)C(=O)N1CCC[C@]1C(=O)N[C@@](Cc1ccccc1)C(O)=O |^1:1,13,17|",0,1,0.882451760941402
nephro_chemberta,chemberta_hybrid_cb_lgbm,external,C[C@](O)C(=O)Nc1c(I)c(c(I)c(c1I)C(=O)NC(CO)CO)C(=O)NC(CO)CO |^1:1|,1,1,0.9588196563920616
nephro_chemberta,chemberta_hybrid_cb_lgbm,external,"C[C@]12CC[C@@]3[C@]4CCC(=O)C=C4CC[C@]3[C@@]1CC[C@]2(C#C)OC(=O)CCCCCC |^1:4,5,14,15|",0,0,0.0436459017010106
nephro_chemberta,chemberta_hybrid_cb_lgbm,external,"C[C@]12CC[C@@]3c4ccc(cc4CC[C@]3[C@@]1CCC2=O)OS(O)(=O)=O |^1:4,13,14|",0,0,0.054183116614127
nephro_chemberta,chemberta_hybrid_cb_lgbm,external,"C[C@]1O[C@@]2[C@@](CO1)O[C@@](O[C@@]1c3cc4OCOc4cc3[C@@](c3cc(OC)c(OP(O)(O)=O)c(c3)OC)[C@]3C(=O)OC[C@]13)[C@](O)[C@]2O |^1:1,3,4,8,10,20,36,41,42,44|",0,1,0.9932838076466112
nephro_chemberta,chemberta_hybrid_cb_lgbm,external,C[N+](C)(C)CCOC(=O)CCC(=O)OCC[N+](C)(C)C,1,0,0.3746474003671299
nephro_chemberta,chemberta_hybrid_cb_lgbm,external,C[N+]1(C)C2CC(CC1CC2)OC(=O)C(CO)c1ccccc1,0,0,0.1190154599270909
nephro_chemberta,chemberta_hybrid_cb_lgbm,external,"C[N+]1(C)[C@@]2CC(C[C@]1CC2)OC(=O)C(CO)c1ccccc1 |^1:3,7|",0,0,0.0863036445356216
nephro_chemberta,chemberta_hybrid_cb_lgbm,external,"C[N+]1(CCc2cc(OC)c(cc2[C@]1Cc1cc(OC)c(OC)c(c1)OC)OC)CCCOC(=O)CC/C=C/CCC(=O)OCCC[N+]1(C)CCc2cc(OC)c(cc2[C@]1Cc1cc(OC)c(OC)c(c1)OC)OC |^1:12,58|",0,1,0.9807722433110372
nephro_chemberta,chemberta_hybrid_cb_lgbm,external,C[n]1[n][n][n]c1SCC1CS[C@]2N(C=1C([O-])=O)C(=O)[C@]2(NC(=O)CSCC#N)OC |^1:11|,0,1,0.939826325867116
nephro_chemberta,chemberta_hybrid_cb_lgbm,external,Cc1[n][n]c([s]1)SCC1CSC2C(NC(=O)C[n]3c[n][n][n]3)C(=O)N2C=1C(O)=O,1,1,0.9739894053785592
nephro_chemberta,chemberta_hybrid_cb_lgbm,external,Cc1[n][n]c(o1)C(=O)NC(C)(C)C1=NC(=C(O)C(=O)N1C)C(=O)NCc1ccc(F)cc1,1,1,0.8721838340433773
nephro_chemberta,chemberta_hybrid_cb_lgbm,external,Cc1[n]c(CCC)[n]2N=C(NC(=O)c21)c1cc(ccc1OCC)S(=O)(=O)N1CCN(CC1)CC,1,1,0.920673605149827
nephro_chemberta,chemberta_hybrid_cb_lgbm,external,Cc1[n]c([s]c1C(O)=O)-c1cc(C#N)c(cc1)OCC(C)C,1,0,0.3275899875613315
nephro_chemberta,chemberta_hybrid_cb_lgbm,external,Cc1[n]c(oc1COC(C)(C)C(O)=O)-c1ccc(Cl)cc1,1,1,0.7914663798378969
nephro_chemberta,chemberta_hybrid_cb_lgbm,external,"Cc1[n]c[s]c1/C=C\C1CS[C@@]2[C@](NC(=O)/C(=N\OC)/c3c[s]c(N)[n]3)C(=O)N2C=1C(=O)OCOC(=O)C(C)(C)C |^1:11,12|",1,1,0.990288999462987
nephro_chemberta,chemberta_hybrid_cb_lgbm,external,Cc1c(CC(=O)OCCN2CCN(CCCOC(=O)CCC(NC(=O)c3ccccc3)C(=O)N(CCC)CCC)CC2)c2cc(ccc2[n]1C(=O)c1ccc(Cl)cc1)OC,1,1,0.96379415234377
nephro_chemberta,chemberta_hybrid_cb_lgbm,external,Cc1c(cc[n]c1CS(=O)c1[n-]c2ccccc2[n]1)OCCCOC,1,0,0.3561099465750617
nephro_chemberta,chemberta_hybrid_cb_lgbm,external,Cc1c(cc[n]c1CS(=O)c1[nH]c2ccccc2[n]1)OCC(F)(F)F,1,1,0.921662895930382
nephro_chemberta,chemberta_hybrid_cb_lgbm,external,Cc1c2c(cc(c1F)N1CCNC(C)C1)N(C=C(C(O)=O)C2=O)C1CC1,1,1,0.8352543249274287
nephro_chemberta,chemberta_hybrid_cb_lgbm,external,Cc1c[n]c(CS(=O)c2[nH]c3ccc(cc3[n]2)OC)c(C)c1OC,1,1,0.9156047236854744
nephro_chemberta,chemberta_hybrid_cb_lgbm,external,Cc1c[n]c(NC(=O)C2=C(O)c3ccccc3S(=O)(=O)N2C)[s]1,1,1,0.8620309808915994
nephro_chemberta,chemberta_hybrid_cb_lgbm,external,Cc1c[n]c(c[n+]1[O-])C(O)=O,0,0,0.0697595189223306
nephro_chemberta,chemberta_hybrid_cb_lgbm,external,Cc1cc(NC(=O)C2=C(O)c3ccccc3S(=O)(=O)N2C)[n]o1,1,0,0.2476564558676355
nephro_chemberta,chemberta_hybrid_cb_lgbm,external,Cc1cc(O)cc(C)c1Cl,1,1,0.934413276672862
nephro_chemberta,chemberta_hybrid_cb_lgbm,external,Cc1cc(OCCN(C)C)c(cc1OC(C)=O)C(C)C,0,0,0.0842064331088334
nephro_chemberta,chemberta_hybrid_cb_lgbm,external,Cc1cc(ccc1)N(C)C(=S)Oc1cc2ccccc2cc1,0,0,0.1321971773735391
nephro_chemberta,chemberta_hybrid_cb_lgbm,external,Cc1cc(ccc1)OCC(O)CNCCc1ccc(OC)c(c1)OC,0,0,0.0581576376322704
nephro_chemberta,chemberta_hybrid_cb_lgbm,external,Cc1cc(ccc1SC)OP(=S)(OC)OC,1,1,0.9462076099984724
nephro_chemberta,chemberta_hybrid_cb_lgbm,external,Cc1cc2c(cc1C(=C)c1ccc(cc1)C(O)=O)C(C)(C)CCC2(C)C,1,0,0.1043866829812336
nephro_chemberta,chemberta_hybrid_cb_lgbm,external,Cc1ccc(cc1)C(=CCN1CCCC1)c1cccc[n]1,0,0,0.0137607376618084
nephro_chemberta,chemberta_hybrid_cb_lgbm,external,Cc1cccc(CC(C)(C)CO)c1,0,0,0.0910951063327647
nephro_chemberta,chemberta_hybrid_cb_lgbm,external,ClC(Cl)(Cl)Cl,1,1,0.976453963469069
nephro_chemberta,chemberta_hybrid_cb_lgbm,external,ClC(Cl)=C(Cl)Cl,1,1,0.9861363479800812
nephro_chemberta,chemberta_hybrid_cb_lgbm,external,ClC1C(Cl)C(Cl)C(Cl)C(Cl)C1Cl,1,1,0.9538933318174306
nephro_chemberta,chemberta_hybrid_cb_lgbm,external,ClC=C(Cl)Cl,1,1,0.9534507083615557
nephro_chemberta,chemberta_hybrid_cb_lgbm,external,Clc1cc(Cl)c(cc1)C(C[n]1c[n]cc1)SCc1ccc(Cl)cc1,0,0,0.0521879261011011
nephro_chemberta,chemberta_hybrid_cb_lgbm,external,FC(F)OC(Cl)C(F)(F)F,1,1,0.9411929355948728
nephro_chemberta,chemberta_hybrid_cb_lgbm,external,FCOC(C(F)(F)F)C(F)(F)F,1,1,0.9649429337942866
nephro_chemberta,chemberta_hybrid_cb_lgbm,external,NC(=N)NCCC[C@](N)C(O)=O |^1:7|,0,0,0.0511795987119172
nephro_chemberta,chemberta_hybrid_cb_lgbm,external,NC(=O)CCC(NC(=O)OCc1ccccc1)C(O)=O,0,0,0.1081687632642932
nephro_chemberta,chemberta_hybrid_cb_lgbm,external,NC(N)=NC(N)=NCCc1ccccc1,0,0,0.0757288309266835
nephro_chemberta,chemberta_hybrid_cb_lgbm,external,NC(Nc1ccc(Cl)cc1)=NC(N)=NCCCCCCN=C(N)N=C(N)Nc1ccc(Cl)cc1,0,1,0.946862270595199
nephro_chemberta,chemberta_hybrid_cb_lgbm,external,NC1=NC(=O)C(O1)c1ccccc1,0,0,0.3610914913476164
nephro_chemberta,chemberta_hybrid_cb_lgbm,external,NC1=NC(=O)N(C=C1F)C1CSC(CO)O1,1,1,0.9345861069730416
nephro_chemberta,chemberta_hybrid_cb_lgbm,external,NC1C=CN(C[C@@](CO)OCP(O)(O)=O)C(=O)N=1 |^1:6|,1,1,0.9377672811784472
nephro_chemberta,chemberta_hybrid_cb_lgbm,external,NC1CN(CC1)c1[n]c2c(cc1F)C(=O)C(=CN2c1ccc(F)cc1F)C(O)=O,1,1,0.802687379568747
nephro_chemberta,chemberta_hybrid_cb_lgbm,external,NC1CN(CC21CC2)c1c(Cl)c2c(cc1F)C(=O)C(=CN2C1CC1F)C(O)=O,1,1,0.784147249858727
nephro_chemberta,chemberta_hybrid_cb_lgbm,external,NC1NC(=O)c2[n]c[n](COC(CO)CO)c2N=1,1,1,0.9068833226389696
nephro_chemberta,chemberta_hybrid_cb_lgbm,external,NC1NC(=O)c2[n]c[n](COCCO)c2N=1,1,1,0.8557008873778909
nephro_chemberta,chemberta_hybrid_cb_lgbm,external,NCC1(CC(O)=O)CCCCC1,1,0,0.1209860178011484
nephro_chemberta,chemberta_hybrid_cb_lgbm,external,NCC1CCC(CC1)C(O)=O,1,0,0.1219796011026513
nephro_chemberta,chemberta_hybrid_cb_lgbm,external,NCCC(O)(P(O)(O)=O)P(O)(O)=O,1,1,0.894981678108566
nephro_chemberta,chemberta_hybrid_cb_lgbm,external,NCCCC(O)(P([O-])(O)=O)P(O)(O)=O,1,0,0.3727427017961116
nephro_chemberta,chemberta_hybrid_cb_lgbm,external,NCCCCCC(O)=O,1,1,0.8026108698419785
nephro_chemberta,chemberta_hybrid_cb_lgbm,external,NS(=O)(=O)c1cc(Cl)c(Cl)c(c1)S(N)(=O)=O,0,0,0.0345072288337187
nephro_chemberta,chemberta_hybrid_cb_lgbm,external,"N[C@](C(O)=O)[C@](O)c1cc(O)c(O)cc1 |^1:1,5|",0,0,0.0461082899809133
nephro_chemberta,chemberta_hybrid_cb_lgbm,external,Nc1[n]c(Cl)[n]c2c1[n]c[n]2C1OC(CO)C(O)C1F,1,1,0.9528389311278516
nephro_chemberta,chemberta_hybrid_cb_lgbm,external,"Nc1[n]c(Cl)[n]c2c1[n]c[n]2[C@]1C[C@](O)[C@@](CO)O1 |^1:11,13,15|",1,1,0.9017963859020516
nephro_chemberta,chemberta_hybrid_cb_lgbm,external,Nc1[n]c(c[s]1)C(=CCC(O)=O)C(=O)NC1C2SCC=C(C(O)=O)N2C1=O,1,1,0.9270201440575058
nephro_chemberta,chemberta_hybrid_cb_lgbm,external,Nc1[n]c2[n]cc(CNc3ccc(cc3)C(=O)NC(CCC(O)=O)C(O)=O)[n]c2c(N)[n]1,0,0,0.1937552587914718
nephro_chemberta,chemberta_hybrid_cb_lgbm,external,Nc1[n]c2ccc(cc2[s]1)OC(F)(F)F,1,1,0.6559583847888455
nephro_chemberta,chemberta_hybrid_cb_lgbm,external,Nc1ccc(Cc2ccc(N)cc2)cc1,0,0,0.0502058010915652
nephro_chemberta,chemberta_hybrid_cb_lgbm,external,Nc1ccc(O)cc1[N+]([O-])=O,0,0,0.1836621620853148
nephro_chemberta,chemberta_hybrid_cb_lgbm,external,Nc1ccc(cc1)C(=O)OCC(O)CO,0,0,0.0950762647040811
nephro_chemberta,chemberta_hybrid_cb_lgbm,external,Nc1ccc(cc1)N=C1C=C(N)C(C=C1N)=Nc1ccc(N)cc1,0,0,0.0687146987633923
nephro_chemberta,chemberta_hybrid_cb_lgbm,external,O=C(Nc1cccc2c1OC(=CC2=O)c1[nH][n][n][n]1)c1ccc(cc1)OCCCCc1ccccc1,0,1,0.9601370875517669
nephro_chemberta,chemberta_hybrid_cb_lgbm,external,O=C(OC1OC(=O)c2ccccc21)c1ccc[n]c1Nc1cc(ccc1)C(F)(F)F,1,0,0.3139677242161875
nephro_chemberta,chemberta_hybrid_cb_lgbm,external,O=C(OCCN1CCOCC1)c1ccc[n]c1Nc1cccc(c1)C(F)(F)F,0,0,0.251019852950008
nephro_chemberta,chemberta_hybrid_cb_lgbm,external,O=C(OCc1ccccc1)c1ccccc1,0,1,0.6986307046312945
nephro_chemberta,chemberta_hybrid_cb_lgbm,external,O=C(OOC(=O)c1ccccc1)c1ccccc1,0,0,0.0910775802150728
nephro_chemberta,chemberta_hybrid_cb_lgbm,external,O=C1NC=Nc2[nH][n]cc21,1,0,0.127596441858721
nephro_chemberta,chemberta_hybrid_cb_lgbm,external,O=C1Nc2ccc(Cl)cc2[C@](C#CC2CC2)(O1)C(F)(F)F,1,1,0.9468776717122208
nephro_chemberta,chemberta_hybrid_cb_lgbm,external,O=P1(NCCCO1)N(CCCl)CCCl,1,1,0.7939296686011262
nephro_chemberta,chemberta_hybrid_cb_lgbm,external,O=P1(NCCCl)OCCCN1CCCl,1,1,0.8418865832398554
nephro_chemberta,chemberta_hybrid_cb_lgbm,external,OC(=O)C1=CN(C2CC2)c2cc(c(F)cc2C1=O)N1CCNCC1,1,1,0.9175597289497897
nephro_chemberta,chemberta_hybrid_cb_lgbm,external,"OC(=O)CCCC[C@@]1SC[C@@]2NC(=O)N[C@@]21 |^1:7,10,15|",0,0,0.1303457201862591
nephro_chemberta,chemberta_hybrid_cb_lgbm,external,OC(=O)CCNC(=O)c1ccc(cc1)N=Nc1cc(c(O)cc1)C(O)=O,1,1,0.886944852001041
nephro_chemberta,chemberta_hybrid_cb_lgbm,external,OC(=O)Cc1ccccc1Oc1ccc(Cl)cc1Cl,1,0,0.3264403851479998
nephro_chemberta,chemberta_hybrid_cb_lgbm,external,OC(=O)c1c(I)c(NC(=O)CCCCC(=O)Nc2c(I)c(c(I)cc2I)C(O)=O)c(I)cc1I,1,1,0.967031047277893
nephro_chemberta,chemberta_hybrid_cb_lgbm,external,OC(=O)c1c(I)c(NC(=O)CCOCCOCCOCCOCCC(=O)Nc2c(I)c(c(I)cc2I)C(O)=O)c(I)cc1I,0,1,0.986640224692436
nephro_chemberta,chemberta_hybrid_cb_lgbm,external,OC(=O)c1cc(ccc1)-c1[n]oc([n]1)-c1ccccc1F,1,0,0.4230353183701497
nephro_chemberta,chemberta_hybrid_cb_lgbm,external,OC(=O)c1ccc[n]c1Nc1cc(ccc1)C(F)(F)F,1,0,0.2564616868023361
nephro_chemberta,chemberta_hybrid_cb_lgbm,external,OC(=O)c1ccccc1Nc1cc(ccc1)C(F)(F)F,1,0,0.1377341995746626
nephro_chemberta,chemberta_hybrid_cb_lgbm,external,OC(C(=O)OC1CC2CCC(C1)[N+]12CCCC1)(c1ccccc1)c1ccccc1,1,1,0.895029580924623
nephro_chemberta,chemberta_hybrid_cb_lgbm,external,OC(CCCN1CCCCC1)(c1ccccc1)c1ccccc1,0,0,0.0104935280853386
nephro_chemberta,chemberta_hybrid_cb_lgbm,external,OC(O)C(Cl)(Cl)Cl,1,1,0.9278389955408366
nephro_chemberta,chemberta_hybrid_cb_lgbm,external,OC1C(O)C(OC(CO)C1O)OC1C(CO)OC(O)(CO)C1O,0,0,0.069888272343691
nephro_chemberta,chemberta_hybrid_cb_lgbm,external,OC1OC(CO)C(OC2OC(CO)C(O)C(O)C2O)C(O)C1O,0,0,0.116110701886624
nephro_chemberta,chemberta_hybrid_cb_lgbm,external,OCC(O)C(O)C(O)C(O)C=O,0,0,0.3652071676131019
nephro_chemberta,chemberta_hybrid_cb_lgbm,external,OCCN1CCN(CCCN2c3ccccc3C=Cc3ccccc23)CC1,0,0,0.0158995282533684
nephro_chemberta,chemberta_hybrid_cb_lgbm,external,"OC[C@@](O)[C@@](O)[C@](O)[C@@](O)C=O |^1:2,4,6,8|",0,0,0.1798958545021498
nephro_chemberta,chemberta_hybrid_cb_lgbm,external,"OC[C@@](O)[C@]1O[C@@]2O[C@@](O[C@@]2[C@]1O)C(Cl)(Cl)Cl |^1:2,4,6,8,10,11|",1,1,0.7915060650677632
nephro_chemberta,chemberta_hybrid_cb_lgbm,external,"OC[C@@]1CC[C@@](O1)[n]1c[n]c2C(=O)NC=Nc12 |^1:2,5|",1,0,0.1303662645834946
nephro_chemberta,chemberta_hybrid_cb_lgbm,external,OS(=O)(=O)c1ccccc1,0,0,0.1801326277449703
nephro_chemberta,chemberta_hybrid_cb_lgbm,external,"O[C@](CO)[C@@](O[C@@]1O[C@](CO)[C@](O)[C@](O)[C@]1O)[C@](O)[C@@](O)CO |^1:1,4,6,8,11,13,15,17,19|",0,0,0.114161055680999
nephro_chemberta,chemberta_hybrid_cb_lgbm,external,Oc1c(Cc2c(Cl)c(Cl)cc(Cl)c2O)c(Cl)c(Cl)cc1Cl,0,0,0.1221394162606732
nephro_chemberta,chemberta_hybrid_cb_lgbm,external,Oc1c(cc(Cl)cc1Cl)C(=O)Nc1cc(Cl)c(Cl)cc1,0,1,0.7227196897059831
nephro_chemberta,chemberta_hybrid_cb_lgbm,external,Oc1cc2Oc3cc(O)ccc3C3(OC(=O)c4cc(ccc34)N=C=S)c2cc1,0,1,0.6942228802805808
nephro_chemberta,chemberta_hybrid_cb_lgbm,external,Oc1ccc(C(=O)c2cc(O)c(O)c(O)c2)c(O)c1O,0,0,0.0810918756776438
nephro_chemberta,chemberta_hybrid_cb_lgbm,external,Oc1ccc(cc1)OCc1ccccc1,0,0,0.1175886638429003
nephro_chemberta,chemberta_hybrid_cb_lgbm,external,Oc1ccc(cc1C(O)=O)-c1ccc(F)cc1F,1,1,0.8647425479901759
nephro_chemberta,chemberta_hybrid_cb_lgbm,external,Oc1ccccc1-c1[n]c(-c2ccccc2O)[n]([n]1)-c1ccc(cc1)C(O)=O,1,1,0.920949570215444
nephro_chemberta,chemberta_hybrid_cb_lgbm,external,Oc1ccccc1N=Nc1ccccc1O,0,0,0.2049430184271619
nephro_chemberta,chemberta_hybrid_cb_lgbm,external,SC(=S)N1CCCCC1,0,0,0.1226220413862731
nephro_chemberta,chemberta_hybrid_cb_lgbm,external,[O-]C(=O)C1=NN(c2ccc(cc2)S([O-])(=O)=O)C(=O)C1N=Nc1ccc(cc1)S([O-])(=O)=O,0,1,0.9519745619197696
nephro_chemberta,chemberta_hybrid_cb_lgbm,external,[O-]C(=O)C1C(=CCO)OC2CC(=O)N12,0,0,0.143286934811028
nephro_chemberta,chemberta_hybrid_cb_lgbm,external,[O-]C(=O)CCCc1ccccc1,1,0,0.14589443282518
nephro_chemberta,chemberta_hybrid_cb_lgbm,external,[O-]C(=O)P([O-])([O-])=O,1,1,0.9251694830320424
nephro_chemberta,chemberta_hybrid_cb_lgbm,external,"[O-]C(=O)[C@](O)[C@@](O)[C@](O)[C@](O)CO |^1:3,5,7,9|",0,0,0.0837677989834564
nephro_chemberta,chemberta_hybrid_cb_lgbm,external,[O-]C(=O)c1ccc(cc1)NC(=O)[C@](Cc1ccc(O)cc1)NC(=O)c1ccccc1 |^1:12|,0,0,0.2056899389850395
nephro_chemberta,chemberta_hybrid_cb_lgbm,external,[O-]C1=NC(=O)N(Cl)C(=O)N1Cl,0,1,0.8975165074397999
nephro_chemberta,chemberta_hybrid_cb_lgbm,external,[O-]P(O)(=O)C(Sc1ccc(Cl)cc1)P([O-])(O)=O,1,0,0.1850148083395048
nephro_chemberta,chemberta_hybrid_cb_lgbm,external,[O-][N+](=O)OCCNC(=O)c1c[n]ccc1,0,0,0.0632629162218796
nephro_chemberta,chemberta_hybrid_cb_lgbm,external,[O-][N+](=O)c1c[n]c([s]1)N1CCNC1=O,0,0,0.3497012575638896
nephro_chemberta,chemberta_hybrid_cb_lgbm,external,[O-][N+](=O)c1c[n]c[n]1CCN1CCOCC1,1,0,0.1019887602032825
nephro_chemberta,chemberta_hybrid_cb_lgbm,external,[O-][N+](=O)c1cc(ccc1S(O)(=O)=O)[N+]([O-])=O,0,0,0.2511410279112694
nephro_chemberta,chemberta_hybrid_cb_lgbm,external,[O-]c1ccc(cc1C(O)=O)N=Nc1cc(C(O)=O)c([O-])cc1,1,0,0.1758135697827627
nephro_unsupervised,Autoencoder,external,C#CCC(Cc1c[n]c2[n]c(N)[n]c(N)c2[n]1)c1ccc(cc1)C(=O)N[C@@](CCC(O)=O)C(O)=O |^1:26|,1,1,0.5281655820268146
nephro_unsupervised,Autoencoder,external,C(C(C1CCCCC1)C1CCCCC1)C1CCCCN1,0,0,0.016566094878193
nephro_unsupervised,Autoencoder,external,C(C1NCCN=1)c1ccccc1,1,0,0.0048501428593666
nephro_unsupervised,Autoencoder,external,C/C=C(/C(=C/C)/c1ccc(O)cc1)\c1ccc(O)cc1,0,1,0.55402785469204
nephro_unsupervised,Autoencoder,external,"C/C=C/C[C@@](C)[C@@](O)[C@]1C(=O)N[C@@](CC)C(=O)N(C)CC(=O)N(C)[C@@](CC(C)C)C(=O)N[C@@](C(C)C)C(=O)N(C)[C@@](CC(C)C)C(=O)N[C@@](C)C(=O)N[C@](C)C(=O)N(C)[C@@](CC(C)C)C(=O)N(C)[C@@](CC(C)C)C(=O)N(C)[C@@](C(C)C)C(=O)N1C |^1:4,6,8,12,24,32,40,48,53,59,68,77|",1,1,0.51389604458982
nephro_unsupervised,Autoencoder,external,C1=Nc2ccccc2Oc2ccccc21,0,0,0.1732382221356399
nephro_unsupervised,Autoencoder,external,C1CCC(c2ccccc21)C1NCCN=1,0,0,0.0038028616343473
nephro_unsupervised,Autoencoder,external,C=C1C(CO)C(O)CC1[n]1c[n]c2C(=O)NC(N)=Nc12,1,1,0.9377122091858678
nephro_unsupervised,Autoencoder,external,C=CC(N)CCC(O)=O,1,0,0.0617184068409562
nephro_unsupervised,Autoencoder,external,"C=CC1CS[C@@]2[C@](NC(=O)/C(=N\OCC(O)=O)/c3c[s]c(N)[n]3)C(=O)N2C=1C(O)=O |^1:5,6|",1,1,0.987202858039685
nephro_unsupervised,Autoencoder,external,CC(=CC(=O)OC)OP(=O)(OC)OC,0,1,0.8970421622671528
nephro_unsupervised,Autoencoder,external,CC(=O)C1(O)CCC2C3CC(C)C4=CC(=O)CCC4(C)C3CCC12C,0,0,0.0101865708450116
nephro_unsupervised,Autoencoder,external,CC(=O)C1CCC2C3CC(C)C4=CC(=O)CCC4(C)C3C(O)CC21C,0,0,0.0203505273836481
nephro_unsupervised,Autoencoder,external,CC(=O)CC(C1=C(O)c2ccccc2OC1=O)c1ccccc1,0,0,0.00415400068076
nephro_unsupervised,Autoencoder,external,CC(=O)CCCCN1C(=O)N(C)c2[n]c[n](C)c2C1=O,0,0,0.0041323450828873
nephro_unsupervised,Autoencoder,external,CC(=O)CCc1cc2ccc(cc2cc1)OC,1,1,0.5638591297559178
nephro_unsupervised,Autoencoder,external,CC(=O)N(CC(O)CO)c1c(I)c(c(I)c(c1I)C(=O)NCC(O)CO)C(=O)NCCO,1,1,0.9936661657697158
nephro_unsupervised,Autoencoder,external,CC(=O)N(O)CCCCCNC(=O)CCC(=O)N(O)CCCCCNC(=O)CCC(=O)N(O)CCCCCN,1,1,0.9830046940265496
nephro_unsupervised,Autoencoder,external,CC(=O)NC(CS)C(O)=O,1,0,0.0683037925821067
nephro_unsupervised,Autoencoder,external,CC(=O)NC1C(N)CC(=CC1OC(CC)CC)C(=O)OCC,1,0,0.1997484816105187
nephro_unsupervised,Autoencoder,external,CC(=O)NCCc1cccc2ccc(cc12)OC,0,0,0.0131359434442334
nephro_unsupervised,Autoencoder,external,CC(=O)NS(=O)(=O)c1ccc(N)cc1,0,0,0.0593259970421322
nephro_unsupervised,Autoencoder,external,CC(=O)Nc1c(I)c(C([O-])=O)c(I)c(NC(C)=O)c1I,0,1,0.8860660085263602
nephro_unsupervised,Autoencoder,external,CC(=O)Nc1ccc(O)cc1,1,1,0.8776776633371083
nephro_unsupervised,Autoencoder,external,CC(=O)Nc1ccc(cc1)C(=O)NCCN(CC)CC,0,0,0.2322042047578159
nephro_unsupervised,Autoencoder,external,CC(=O)Nc1ccccc1,1,1,0.9859020481452928
nephro_unsupervised,Autoencoder,external,CC(=O)OC1CC(=O)OC(C)CC=CC=CC(O)C(C)CC(CC=O)C(OC2OC(C)C(OC3CC(C)(O)C(OC(=O)CC(C)C)C(C)O3)C(C2O)N(C)C)C1OC,1,1,0.9614074933312776
nephro_unsupervised,Autoencoder,external,"CC(=O)OCC(=O)[C@]1(CC[C@]2[C@@]3C[C@](F)C4=CC(=O)C=C[C@]4(C)[C@@]3(F)[C@@](O)C[C@]12C)OC(=O)CCC |^1:10,11,13,25|",0,0,0.0105584860550346
nephro_unsupervised,Autoencoder,external,CC(=O)OCCCc1ccccc1,0,0,0.2592909191144781
nephro_unsupervised,Autoencoder,external,"CC(=O)OC[C@]1O[C@]([C@](OC(C)=O)[C@@]1OC(C)=O)N1N=CC(=O)NC1=O |^1:5,7,8,13|",0,1,0.5242840376079035
nephro_unsupervised,Autoencoder,external,CC(=O)OCc1ccccc1,1,0,0.0235443519395948
nephro_unsupervised,Autoencoder,external,CC(C(O)=O)c1cc2[nH]c3ccc(Cl)cc3c2cc1,1,1,0.5876623542046306
nephro_unsupervised,Autoencoder,external,CC(C)(C)C(=O)OCOP(=O)(COCC[n]1c[n]c2c(N)[n]c[n]c12)OCOC(=O)C(C)(C)C,1,1,0.996475555624516
nephro_unsupervised,Autoencoder,external,CC(C)(C)C(=O)Oc1ccc(cc1OC(=O)C(C)(C)C)C(O)CNC,0,0,0.3166233547914346
nephro_unsupervised,Autoencoder,external,CC(C)(C)NCC(O)COc1cccc2CC(O)C(O)Cc21,0,0,0.0029770552319554
nephro_unsupervised,Autoencoder,external,CC(C)(C)NCC(O)c1cc(Cl)c(N)c(Cl)c1,0,1,0.8568550109070786
nephro_unsupervised,Autoencoder,external,CC(C)(C)c1cc(C)c(CC2NCCN=2)c(C)c1,0,0,0.0314503242120646
nephro_unsupervised,Autoencoder,external,CC(C)(CO)C(O)C(=O)NCCCO,0,0,0.0083596038157398
nephro_unsupervised,Autoencoder,external,CC(C)(O)c1ccccc1CC[C@@](SCC1(CC([O-])=O)CC1)c1cc(ccc1)/C=C/c1ccc2ccc(Cl)cc2[n]1 |^1:12|,1,0,0.4820500534657823
nephro_unsupervised,Autoencoder,external,"CC(C)(O/N=C(/c1c[s]c(N)[n]1)\C(=O)N[C@@]1C(=O)N2C(=C(CS[C@@]21)C[n+]1ccccc1)C([O-])=O)C([O-])=O |^1:15,23|",1,1,0.9868557474128618
nephro_unsupervised,Autoencoder,external,CC(C)(Oc1ccc(Cl)cc1)C(=O)OCC,1,1,0.8401399409792598
nephro_unsupervised,Autoencoder,external,CC(C)(Oc1ccc(cc1)C1CC1(Cl)Cl)C(O)=O,1,1,0.7141613049226652
nephro_unsupervised,Autoencoder,external,CC(C)=CCC/C(/C)=C/COC(C)=O,0,0,0.3888629467471449
nephro_unsupervised,Autoencoder,external,CC(C)C(N)C(=O)OCC(CO)OC[n]1c[n]c2c1N=C(N)NC2=O,1,1,0.997161720714076
nephro_unsupervised,Autoencoder,external,CC(C)C(N)C(=O)OCCOC[n]1c[n]c2c1N=C(N)NC2=O,1,1,0.9895991479934628
nephro_unsupervised,Autoencoder,external,CC(C)NCC(O)COc1cc(C)c(OC(C)=O)c(C)c1C,0,0,0.0328830643126454
nephro_unsupervised,Autoencoder,external,CC(C)NCC(O)c1ccc(O)c(O)c1,0,0,0.0027744678631305
nephro_unsupervised,Autoencoder,external,CC(C)NNC(=O)c1cc[n]cc1,0,0,0.1208073689105426
nephro_unsupervised,Autoencoder,external,CC(C)OC(=O)C(C)(C)Oc1ccc(cc1)C(=O)c1ccc(Cl)cc1,1,1,0.9968979413540856
nephro_unsupervised,Autoencoder,external,"CC(C)OC(=O)OC(C)OC(=O)C1=C(CS[C@@]2[C@](NC(=O)/C(=N\OC)/c3c[s]c(N)[n]3)C(=O)N21)COC |^1:16,17|",1,1,0.9853280967718976
nephro_unsupervised,Autoencoder,external,CC(C)OP(=O)(F)OC(C)C,1,1,0.888229117026042
nephro_unsupervised,Autoencoder,external,CC(C)[n]1c2ccccc2c(c1C=CC(O)CC(O)CC(O)=O)-c1ccc(F)cc1,1,0,0.2212546428002142
nephro_unsupervised,Autoencoder,external,CC(C)c1[n]c(C(C)C)c(COC)c(c1C=CC(O)CC(O)CC([O-])=O)-c1ccc(F)cc1,1,1,0.9637662027700749
nephro_unsupervised,Autoencoder,external,CC(CC1CCCCC1)NC,0,0,0.1173031870490286
nephro_unsupervised,Autoencoder,external,CC(CCC(O)=O)C1CCC2C3C(CCC21C)C1(C)CCC(O)CC1CC3O,0,0,0.0529478540772459
nephro_unsupervised,Autoencoder,external,CC(C[N+](C)(C)C)OC(N)=O,1,1,0.8656826794110909
nephro_unsupervised,Autoencoder,external,CC(C[n]1c[n]c2c(N)[n]c[n]c12)OCP(=O)(OCOC(=O)OC(C)C)OCOC(=O)OC(C)C,1,1,0.9842916107888482
nephro_unsupervised,Autoencoder,external,CC(Cc1ccccc1)NCCCCl,0,0,0.0360171824915291
nephro_unsupervised,Autoencoder,external,CC(N)(Cc1cc(O)c(O)cc1)C(O)=O,0,0,0.0044922351569744
nephro_unsupervised,Autoencoder,external,CC(NCCc1ccc(O)cc1)C(O)c1ccc(O)cc1,1,0,0.0116477541926233
nephro_unsupervised,Autoencoder,external,CC(O)(P([O-])(O)=O)P([O-])(O)=O,0,1,0.9508460696999628
nephro_unsupervised,Autoencoder,external,CC(O)C(CC)N1N=CN(C1=O)c1ccc(cc1)N1CCN(CC1)c1ccc(cc1)OCC1CC(C[n]2c[n]c[n]2)(OC1)c1ccc(F)cc1F,1,1,0.9277123509100575
nephro_unsupervised,Autoencoder,external,CC(O)C1NC(=O)C(CCCCN)NC(=O)C(Cc2c[nH]c3ccccc23)NC(=O)C(Cc2ccccc2)NC(=O)C(CSSCC(NC1=O)C(=O)NC(CO)C(C)O)NC(=O)C(N)Cc1ccccc1,1,1,0.9871266385319906
nephro_unsupervised,Autoencoder,external,CC(OC(=O)OC1CCCCC1)OC(=O)c1cccc2[n]c(OCC)[n](Cc3ccc(cc3)-c3ccccc3-c3[nH][n][n][n]3)c12,1,1,0.8652764147640726
nephro_unsupervised,Autoencoder,external,CC1(C)CCC(=O)C(C)=C1C=CC(C)=CC=CC(C)=CC=CC=C(C)C=CC=C(C)C=CC1=C(C)C(=O)CCC1(C)C,0,0,0.0244535038087616
nephro_unsupervised,Autoencoder,external,"CC1(C)[C@@]2C[C@@](CC2)[C@]1(C)NC |^1:3,5|",1,0,0.2229304042377926
nephro_unsupervised,Autoencoder,external,"CC1(C)[C@]2C[C@]3(CC(C(C)=O)=C2C)[C@]1CC[C@]3C |^1:3,13,16|",0,0,0.1116757103856845
nephro_unsupervised,Autoencoder,external,CC12CCC3C(CCC4=CC(=O)CCC43C)C1CCC2O,1,0,0.0012406359306693
nephro_unsupervised,Autoencoder,external,CC12CCC3C(CCC4NC(=O)C=CC43C)C1CCC2C(=O)Nc1cc(ccc1C(F)(F)F)C(F)(F)F,0,0,0.0303398040017369
nephro_unsupervised,Autoencoder,external,CC12CCC3C(CCc4cc(O)ccc43)C1CCC2OC(=O)CCC1CCCC1,0,0,0.0010142774225589
nephro_unsupervised,Autoencoder,external,CC12CCC3C(CCc4cc(ccc43)OC(=O)N(CCCl)CCCl)C1CCC2OP(O)(O)=O,0,0,0.0659569002494542
nephro_unsupervised,Autoencoder,external,CC1=CC(=O)Oc2c1cc1cc(C)oc1c2C,1,0,0.1501362882915627
nephro_unsupervised,Autoencoder,external,"CC1=CC=CC=C[C@@](C)C[C@@](C)C(=O)[C@](OC)[C@](O)C(C)=C[C@@](C)C(=O)C[C@](OC(=O)[C@@]2CCCCN2C(=O)C(=O)[C@]2(O)O[C@](C[C@@]1OC)CC[C@]2C)[C@](C)C[C@]1C[C@@](OC)[C@@](CC1)OCCO |c:1,t:3,5,20,^1:7,10,14,17,22,27,31,44,46,51,53,56,58,61|",1,1,0.9964644810727366
nephro_unsupervised,Autoencoder,external,CC1=CCCC(C)(C)C1C(=O)/C=C/C,0,0,0.1421031012236029
nephro_unsupervised,Autoencoder,external,"CC1=CN(C(=O)NC1=O)[C@]1C[C@](N=[N+]=[N-])[C@@](CO)O1 |^1:9,11,15|",1,0,0.0353926053948396
nephro_unsupervised,Autoencoder,external,"CC1=C[C@@](C)C(=O)C[C@](OC(=O)[C@@]2CCCCN2C(=O)C(=O)[C@]2(O)O[C@](C[C@](OC)C(C)=CC=CC=C[C@@](C)C[C@@](C)C(=O)[C@](OC)[C@@]1O)CC[C@]2C)[C@](C)C[C@]1C[C@@](OC)[C@](O)CC1 |c:1,t:32,34,36,^1:3,8,12,25,27,37,40,44,47,51,53,56,58,61|",1,1,0.9942321441304656
nephro_unsupervised,Autoencoder,external,CC1C=CC=CC=CC=CC=CC=CC=CC(CC2OC(O)(CC(O)C2C(O)=O)CC(O)CC(O)C(O)CCC(O)CC(O)CC(=O)OC(C)C(C)C1O)OC1OC(C)C(O)C(N)C1O,1,1,0.9899026658614288
nephro_unsupervised,Autoencoder,external,CC1C=CC=CCCC=CC=CC=CC=CC(CC2OC(O)(CC(O)C(O)CCC(O)CC(O)CC(O)CC(=O)OC(C)C(C)C1O)CC(O)C2C(O)=O)OC1OC(C)C(O)C(N)C1O,0,1,0.9003277442715507
nephro_unsupervised,Autoencoder,external,CC1C=CCC(C)(C)C1C(=O)/C=C/C,0,0,0.4123444374844002
nephro_unsupervised,Autoencoder,external,CC1C=CCC(C)(C)C=1C(=O)/C=C/C,0,0,0.068573487533369
nephro_unsupervised,Autoencoder,external,CC1CC(C)(C)CC(C1)OC(=O)C(O)c1ccccc1,0,0,0.0651291422952342
nephro_unsupervised,Autoencoder,external,CC1CC2C3CCC4=CC(=O)C=CC4(C)C3(F)C(O)CC2(C)C1(OC(=O)CC)C(=O)COC(=O)CC,0,0,0.0011031173014192
nephro_unsupervised,Autoencoder,external,CC1CCC(CC1)NC(=O)N(CCCl)N=O,1,1,0.8585296122192779
nephro_unsupervised,Autoencoder,external,CC1CCCC(C)(C)C=1/C=C/C(/C)=C\C=C\C(\C)=C\C(O)=O,1,1,0.9867376159928392
nephro_unsupervised,Autoencoder,external,CC1CCCC(C)(C)C=1C(=O)/C=C/C,0,0,0.0761644805398348
nephro_unsupervised,Autoencoder,external,CC1CN(CCN1)c1c(F)cc2c(c1OC)N(C=C(C(O)=O)C2=O)C1CC1,1,1,0.9967715115413888
nephro_unsupervised,Autoencoder,external,CC1CN(CCN1)c1cc2c(cc1F)C(=O)C(=CN2c1ccc(F)cc1F)C(O)=O,0,1,0.9775692947626574
nephro_unsupervised,Autoencoder,external,CC1COc2c3c(cc(F)c2C2(N)CC2)C(=O)C(=CN31)C(O)=O,1,1,0.9684402547881088
nephro_unsupervised,Autoencoder,external,"CC1CS[C@@]2[C@](NC(=O)/C(=N\OC)/c3c[s]c(N)[n]3)C(=O)N2C=1C(=O)OCOC(=O)C(C)(C)C |^1:4,5|",1,1,0.993714851996198
nephro_unsupervised,Autoencoder,external,CC1OC(=O)OC=1COC(=O)c1c([n]c(CCC)[n]1Cc1ccc(cc1)-c1ccccc1-c1[nH][n][n][n]1)C(C)(C)O,0,1,0.9967511039567216
nephro_unsupervised,Autoencoder,external,CC1OC(C(O)C1O)N1C=C(F)C(=O)NC1=O,0,1,0.6191126717890066
nephro_unsupervised,Autoencoder,external,CC1OC1P([O-])([O-])=O,1,1,0.6376190345020903
nephro_unsupervised,Autoencoder,external,CCC(=O)C=Cc1ccc(cc1)OC,0,0,0.387747550535399
nephro_unsupervised,Autoencoder,external,CCC(C)C(C)(COC(N)=O)COC(N)=O,1,0,0.3133435724589815
nephro_unsupervised,Autoencoder,external,CCC(O)(/C=C/Cl)C#C,1,0,0.3279119554128201
nephro_unsupervised,Autoencoder,external,CCC(c1ccc(cc1)OP(O)(O)=O)=C(CC)c1ccc(cc1)OP(O)(O)=O,0,0,0.3075507884895654
nephro_unsupervised,Autoencoder,external,CCC1(C(C)CCC)C(=O)[N-]C(=S)NC1=O,1,0,0.2098955842139043
nephro_unsupervised,Autoencoder,external,CCC1(C)CC(=O)NC(=O)C1,0,0,0.0757555810068184
nephro_unsupervised,Autoencoder,external,CCC1(CC(O)=O)OCCc2c3cccc(CC)c3[nH]c12,1,0,0.2010237465629094
nephro_unsupervised,Autoencoder,external,CCC1CN2CCc3cc(OC)c(cc3C2CC1CC1NCCc2cc(OC)c(cc21)OC)OC,0,0,0.3402802424656956
nephro_unsupervised,Autoencoder,external,CCCCC(=O)N(Cc1ccc(cc1)-c1ccccc1-c1[nH][n][n][n]1)[C@@](C(C)C)C(O)=O |^1:25|,1,1,0.9032884629752672
nephro_unsupervised,Autoencoder,external,CCCCC(COC(=O)c1ccc(cc1)C(=O)OCC(CCCC)CC)CC,0,0,0.2717630368657372
nephro_unsupervised,Autoencoder,external,CCCCC(COC(=O)c1ccccc1C(=O)OCC(CCCC)CC)CC,0,0,0.1639785024240759
nephro_unsupervised,Autoencoder,external,CCCCC1=NC2(CCCC2)C(=O)N1Cc1ccc(cc1)-c1ccccc1-c1[nH][n][n][n]1,1,1,0.6912113129765681
nephro_unsupervised,Autoencoder,external,CCCCC1C(=O)N(c2ccccc2)N(c2ccccc2)C1=O,1,1,0.96400308020739
nephro_unsupervised,Autoencoder,external,CCCCCCCCCCCCCCCCO,0,0,0.0216248945050217
nephro_unsupervised,Autoencoder,external,CCCCCCCCCCCC[N+](C)(C)C,0,0,0.1353929189949319
nephro_unsupervised,Autoencoder,external,CCCCCCCCCC[N+](C)(C)Cc1ccccc1,0,0,0.2754631417695494
nephro_unsupervised,Autoencoder,external,CCCCCCCCCS([O-])(=O)=O,0,0,0.4826180060344284
nephro_unsupervised,Autoencoder,external,CCCCCCCCN1SC=CC1=O,0,0,0.42191951189388
nephro_unsupervised,Autoencoder,external,CCCCCCCCOC(=O)c1ccc(cc1)N(C)C,0,1,0.7265404273487969
nephro_unsupervised,Autoencoder,external,CCCCCCNC(=O)N1C=C(F)C(=O)NC1=O,0,0,0.1833443031214076
nephro_unsupervised,Autoencoder,external,CCCCCN(C)CCC(O)(P([O-])(O)=O)P(O)(O)=O,1,1,0.6058200245851602
nephro_unsupervised,Autoencoder,external,CCCCOC(=O)c1ccc(N)cc1,0,0,0.2180933298909138
nephro_unsupervised,Autoencoder,external,CCCCOP(=O)(OCCCC)OCCCC,0,1,0.7869278242808125
nephro_unsupervised,Autoencoder,external,CCCCOc1cc(C(=O)NCCN(CC)CC)c2ccccc2[n]1,0,0,0.1546541704806769
nephro_unsupervised,Autoencoder,external,CCCCOc1cc(ccc1N)C(=O)OCCN(CC)CC,0,0,0.1130194606872038
nephro_unsupervised,Autoencoder,external,CCCCc1[n]c(Cl)c(CO)[n]1Cc1ccc(cc1)-c1ccccc1-c1[nH][n][n][n]1,1,1,0.8495956706781199
nephro_unsupervised,Autoencoder,external,CCCN1C(=O)NC(=O)c2[n]c[nH]c12,0,0,0.1717968121444901
nephro_unsupervised,Autoencoder,external,CCCOC(=O)c1cc(O)c(O)c(O)c1,0,0,0.2393435660044149
nephro_unsupervised,Autoencoder,external,CCCOC(=O)c1ccc(O)cc1,0,0,0.0749774928672412
nephro_unsupervised,Autoencoder,external,CCCSP(=O)(Oc1ccc(Br)cc1Cl)OCC,0,1,0.9241383391515352
nephro_unsupervised,Autoencoder,external,CCCSc1cc2[nH]c(NC(=O)OC)[n]c2cc1,1,0,0.3932371397589047
nephro_unsupervised,Autoencoder,external,CCN1C(=O)NC(c2ccccc2)C1=O,0,0,0.0107428435912673
nephro_unsupervised,Autoencoder,external,CCN1C=C(C(=O)c2cc(F)c(c(F)c12)N1CCNC(C)C1)C(O)=O,1,1,0.9005004297851398
nephro_unsupervised,Autoencoder,external,CCN1C=C(C(O)=O)C(=O)c2cc(F)c([n]c12)N1CCNCC1,1,1,0.6802496808877126
nephro_unsupervised,Autoencoder,external,CCN1C=C(C(O)=O)C(=O)c2cc(F)c(cc12)N1CCNCC1,1,1,0.985183958356872
nephro_unsupervised,Autoencoder,external,CCN[C@@](C)Cc1cc(ccc1)C(F)(F)F |^1:3|,1,0,0.2822859692944461
nephro_unsupervised,Autoencoder,external,CCOC(=O)C=CC(O)=O,1,0,0.4448151413369717
nephro_unsupervised,Autoencoder,external,CCOC(=O)c1c[n]c[n]1[C@](C)c1ccccc1 |^1:10|,0,0,0.007035812168491
nephro_unsupervised,Autoencoder,external,CCOC(=O)c1ccc(N)cc1,0,0,0.0160633443815982
nephro_unsupervised,Autoencoder,external,CCOP(=O)(Oc1ccc(cc1)[N+]([O-])=O)OCC,0,1,0.6016458919556762
nephro_unsupervised,Autoencoder,external,CCOP(=S)(OCC)SCSP(=S)(OCC)OCC,0,0,0.3377145670631714
nephro_unsupervised,Autoencoder,external,"CC[C@](C)[C@]1O[C@@]2(C[C@@]3C[C@@](CC=C(C)[C@@](O[C@]4C[C@](OC)[C@@](O[C@]5C[C@](OC)[C@@](O)[C@](C)O5)[C@](C)O4)[C@@](C)C=CC=C4CO[C@@]5[C@](O)C(C)=C[C@@](C(=O)O3)[C@@]54O)O2)CC[C@@]1C |c:12,43,t:41,^1:2,4,8,10,15,17,19,22,24,26,29,31,34,37,45,46,51,60|",1,0,0.0339815482567077
nephro_unsupervised,Autoencoder,external,CCc1c2cc(ccc2[n]c2C3=CC4=C(COC(=O)[C@]4(O)CC)C(=O)N3Cc21)OC(=O)N1CCC(CC1)N1CCCCC1,1,1,0.9800730139526252
nephro_unsupervised,Autoencoder,external,CN(C)C(=S)SSC(=S)N(C)C,0,0,0.108281588950531
nephro_unsupervised,Autoencoder,external,CN(C)C(C)C(=O)c1ccccc1,0,0,0.0413439454890457
nephro_unsupervised,Autoencoder,external,CN(C)CCCC1(OCc2cc(ccc12)C#N)c1ccc(F)cc1,1,1,0.9565721536469084
nephro_unsupervised,Autoencoder,external,CN(C)CCCN1c2ccccc2Sc2ccccc12,1,0,0.0006539020831162
nephro_unsupervised,Autoencoder,external,CN(C)CCCOc1[n][n](Cc2ccccc2)c2ccccc21,0,0,0.0004379234498081
nephro_unsupervised,Autoencoder,external,"CN(C)CC[n]1[n][n][n]c1SCC1CS[C@@]2[C@](NC(=O)Cc3c[s]c(N)[n]3)C(=O)N2C=1C(O)=O |^1:15,16|",0,1,0.6827951606509661
nephro_unsupervised,Autoencoder,external,CN(C)CCc1c[nH]c2ccc(O)cc12,0,0,0.0565030571920798
nephro_unsupervised,Autoencoder,external,CN(Cc1c[n]c2[n]c(N)[n]c(N)c2[n]1)c1ccc(cc1)C(=O)N[C@@](CCC(O)=O)C(O)=O |^1:24|,1,0,0.3288673134097619
nephro_unsupervised,Autoencoder,external,"CN(c1[n]c(c(/C=C/[C@@](O)C[C@@](O)CC([O-])=O)c([n]1)C(C)C)-c1ccc(F)cc1)S(C)(=O)=O |^1:8,11|",1,1,0.9882117111957994
nephro_unsupervised,Autoencoder,external,CN1C(=O)C(O)N=C(c2cc(Cl)ccc12)c1ccccc1,0,0,0.008269962969169
nephro_unsupervised,Autoencoder,external,CN1CCCC1c1c[n]ccc1,0,0,0.0067308840247602
nephro_unsupervised,Autoencoder,external,CN1CCN(CC(=O)N2c3[n]cccc3NC(=O)c3ccccc23)CC1,0,0,0.0017399901346789
nephro_unsupervised,Autoencoder,external,CN1CCN(CC1)C(=O)O[C@]1c2[n]cc[n]c2C(=O)N1c1ccc(Cl)c[n]1 |^1:10|,1,1,0.967692292809469
nephro_unsupervised,Autoencoder,external,CN1CCN(CC1)S(=O)(=O)c1cc(C2NC(=O)c3c(N=2)c(CCC)[n][n]3C)c(cc1)OCC,1,0,0.0796255420667646
nephro_unsupervised,Autoencoder,external,CN1CCN(CC1)c1c(F)cc2c3c1OCC(C)N3C=C(C(O)=O)C2=O,1,1,0.993849778562106
nephro_unsupervised,Autoencoder,external,CN1CCN(CC1)c1cc2c(cc1F)C(=O)C(=CN2CC)C(O)=O,1,1,0.6028285216809983
nephro_unsupervised,Autoencoder,external,CN1CCN(Cc2ccc(cc2)C(=O)Nc2cc(Nc3[n]c(cc[n]3)-c3c[n]ccc3)c(C)cc2)CC1,1,0,0.254506599855587
nephro_unsupervised,Autoencoder,external,CN1CC[C@@]2(C)c3cc(ccc3N(C)[C@]21)OC(=O)NC |^1:14|,0,0,0.0084263136576326
nephro_unsupervised,Autoencoder,external,CN1CSC(=S)N(C)C1,0,0,0.0991705372097714
nephro_unsupervised,Autoencoder,external,CN1NC(=O)C(=O)N=C1SCC1CSC2C(NC(=O)C(=NOC)c3c[s]c(N)[n]3)C(=O)N2C=1C([O-])=O,1,1,0.9979858007077752
nephro_unsupervised,Autoencoder,external,CN1c2[n]c[n](C)c2C(=O)NC1=O,0,0,0.1239613048804796
nephro_unsupervised,Autoencoder,external,CNC(=O)CSP(=S)(OC)OC,1,0,0.3325076583458604
nephro_unsupervised,Autoencoder,external,CNC(=O)N1c2ccccc2CCc2ccc(cc12)NC(=O)OCC,0,1,0.8372948225154484
nephro_unsupervised,Autoencoder,external,CNC(=O)c1cc(cc[n]1)Oc1ccc(cc1)NC(=O)Nc1cc(c(Cl)cc1)C(F)(F)F,1,1,0.9560879473655036
nephro_unsupervised,Autoencoder,external,CNC(C)(C)Cc1ccccc1,0,0,0.1889145070163533
nephro_unsupervised,Autoencoder,external,CNC(C)Cc1ccccc1OC,0,0,0.0397521755808952
nephro_unsupervised,Autoencoder,external,CNC1C[N+]([O-])=C(c2cc(Cl)ccc2N=1)c1ccccc1,0,0,0.0099000561333901
nephro_unsupervised,Autoencoder,external,"CO/N=C(/c1ccco1)\C(=O)N[C@@]1C(=O)N2C(C(O)=O)=C(COC(N)=O)CS[C@@]21 |^1:12,28|",1,1,0.9656884636486102
nephro_unsupervised,Autoencoder,external,COC(=O)/C=C\C(=O)OC,1,1,0.6272978783592625
nephro_unsupervised,Autoencoder,external,COC(=O)C(N)Cc1c[n]c[nH]1,1,0,0.2211580299859929
nephro_unsupervised,Autoencoder,external,COC(=O)c1ccc(O)cc1,0,0,0.3286503007550293
nephro_unsupervised,Autoencoder,external,COC(F)(F)C(Cl)Cl,1,1,0.99736242057389
nephro_unsupervised,Autoencoder,external,COCC(=O)Nc1c(I)c(c(I)c(c1I)C(=O)N(C)CC(O)CO)C(=O)NCC(O)CO,1,1,0.9930156260015583
nephro_unsupervised,Autoencoder,external,CON=C1CN(CC1CN)c1[n]c2c(cc1F)C(=O)C(=CN2C1CC1)C(O)=O,1,1,0.9976607600912302
nephro_unsupervised,Autoencoder,external,COc1c(CS(=O)c2[n-]c3cc(ccc3[n]2)OC(F)F)[n]ccc1OC,0,1,0.7453381156478386
nephro_unsupervised,Autoencoder,external,COc1c(CS(=O)c2[nH]c3cc(ccc3[n]2)OC(F)F)[n]ccc1OC,0,1,0.950999617445714
nephro_unsupervised,Autoencoder,external,COc1cc(C=O)ccc1O,0,1,0.501976154223048
nephro_unsupervised,Autoencoder,external,COc1cc(OC)c(C(=O)CCCN2CCCC2)c(c1)OC,0,0,0.2832662006521009
nephro_unsupervised,Autoencoder,external,COc1cc(ccc1Nc1c2ccccc2[n]c2ccccc21)NS(C)(=O)=O,0,0,0.0088884417103654
nephro_unsupervised,Autoencoder,external,COc1ccc(/C=C/C(=O)OCCOCC)cc1,0,1,0.5715569509747339
nephro_unsupervised,Autoencoder,external,COc1ccc(C=CC(=O)OCC(CCCC)CC)cc1,0,0,0.3346097317192336
nephro_unsupervised,Autoencoder,external,"COc1ccc2CN(C)CC[C@@]34C=C[C@](O)C[C@@]3Oc1c42 |^1:14,17|",1,0,0.0893837485589958
nephro_unsupervised,Autoencoder,external,COc1ccc2[n]ccc(C(O)C3CC4CCN3CC4C=C)c2c1,0,0,0.1151279265923395
nephro_unsupervised,Autoencoder,external,COc1ccccc1OCC(O)CN1CCN(CC(=O)Nc2c(C)cccc2C)CC1,1,1,0.9740320559147684
nephro_unsupervised,Autoencoder,external,CS(=O)(=O)CCNCc1ccc(o1)-c1cc2c(Nc3cc(Cl)c(cc3)OCc3cccc(F)c3)[n]c[n]c2cc1,1,1,0.5338992818739157
nephro_unsupervised,Autoencoder,external,C[C@@](c1[n]c[n]cc1F)[C@](O)(C[n]1c[n]c[n]1)c1ccc(F)cc1F |^1:1|,1,1,0.9645015425708924
nephro_unsupervised,Autoencoder,external,"C[C@@]1CN(C[C@](C)N1)c1c(F)c2c(c(N)c1F)C(=O)C(=CN2C1CC1)C(O)=O |^1:1,5|",1,1,0.9919712737021776
nephro_unsupervised,Autoencoder,external,"C[C@@]1C[C@]2[C@@]3[C@](Cl)CC4=CC(=O)C=C[C@]4(C)[C@]3[C@@](O)C[C@]2(C)[C@@]1(OC(=O)CC)C(=O)COC(=O)CC |^1:1,3,4,5,16,17|",0,0,0.0914415884915254
nephro_unsupervised,Autoencoder,external,"C[C@](CS)C(=O)N1CCC[C@]1C(O)=O |^1:1,10|",1,1,0.9701385325993996
nephro_unsupervised,Autoencoder,external,"C[C@](CSC(C)=O)C(=O)N1CCC[C@]1C(=O)N[C@@](Cc1ccccc1)C(O)=O |^1:1,13,17|",0,0,0.4758614390951418
nephro_unsupervised,Autoencoder,external,C[C@](O)C(=O)Nc1c(I)c(c(I)c(c1I)C(=O)NC(CO)CO)C(=O)NC(CO)CO |^1:1|,1,1,0.8328502815839737
nephro_unsupervised,Autoencoder,external,"C[C@]12CC[C@@]3[C@]4CCC(=O)C=C4CC[C@]3[C@@]1CC[C@]2(C#C)OC(=O)CCCCCC |^1:4,5,14,15|",0,0,0.0052903644703816
nephro_unsupervised,Autoencoder,external,"C[C@]12CC[C@@]3c4ccc(cc4CC[C@]3[C@@]1CCC2=O)OS(O)(=O)=O |^1:4,13,14|",0,0,0.0026339025953002
nephro_unsupervised,Autoencoder,external,"C[C@]1O[C@@]2[C@@](CO1)O[C@@](O[C@@]1c3cc4OCOc4cc3[C@@](c3cc(OC)c(OP(O)(O)=O)c(c3)OC)[C@]3C(=O)OC[C@]13)[C@](O)[C@]2O |^1:1,3,4,8,10,20,36,41,42,44|",0,1,0.7101366186213787
nephro_unsupervised,Autoencoder,external,C[N+](C)(C)CCOC(=O)CCC(=O)OCC[N+](C)(C)C,1,0,0.4856159140900882
nephro_unsupervised,Autoencoder,external,C[N+]1(C)C2CC(CC1CC2)OC(=O)C(CO)c1ccccc1,0,0,0.0188235654943057
nephro_unsupervised,Autoencoder,external,"C[N+]1(C)[C@@]2CC(C[C@]1CC2)OC(=O)C(CO)c1ccccc1 |^1:3,7|",0,0,0.0317946722010349
nephro_unsupervised,Autoencoder,external,"C[N+]1(CCc2cc(OC)c(cc2[C@]1Cc1cc(OC)c(OC)c(c1)OC)OC)CCCOC(=O)CC/C=C/CCC(=O)OCCC[N+]1(C)CCc2cc(OC)c(cc2[C@]1Cc1cc(OC)c(OC)c(c1)OC)OC |^1:12,58|",0,0,0.0922656350837
nephro_unsupervised,Autoencoder,external,C[n]1[n][n][n]c1SCC1CS[C@]2N(C=1C([O-])=O)C(=O)[C@]2(NC(=O)CSCC#N)OC |^1:11|,0,0,0.3774612738488401
nephro_unsupervised,Autoencoder,external,Cc1[n][n]c([s]1)SCC1CSC2C(NC(=O)C[n]3c[n][n][n]3)C(=O)N2C=1C(O)=O,1,1,0.989624977732489
nephro_unsupervised,Autoencoder,external,Cc1[n][n]c(o1)C(=O)NC(C)(C)C1=NC(=C(O)C(=O)N1C)C(=O)NCc1ccc(F)cc1,1,1,0.8798598442607063
nephro_unsupervised,Autoencoder,external,Cc1[n]c(CCC)[n]2N=C(NC(=O)c21)c1cc(ccc1OCC)S(=O)(=O)N1CCN(CC1)CC,1,1,0.5668661925639401
nephro_unsupervised,Autoencoder,external,Cc1[n]c([s]c1C(O)=O)-c1cc(C#N)c(cc1)OCC(C)C,1,1,0.6049593267973795
nephro_unsupervised,Autoencoder,external,Cc1[n]c(oc1COC(C)(C)C(O)=O)-c1ccc(Cl)cc1,1,1,0.6409925942114576
nephro_unsupervised,Autoencoder,external,"Cc1[n]c[s]c1/C=C\C1CS[C@@]2[C@](NC(=O)/C(=N\OC)/c3c[s]c(N)[n]3)C(=O)N2C=1C(=O)OCOC(=O)C(C)(C)C |^1:11,12|",1,1,0.9990020732932352
nephro_unsupervised,Autoencoder,external,Cc1c(CC(=O)OCCN2CCN(CCCOC(=O)CCC(NC(=O)c3ccccc3)C(=O)N(CCC)CCC)CC2)c2cc(ccc2[n]1C(=O)c1ccc(Cl)cc1)OC,1,1,0.9167248549978204
nephro_unsupervised,Autoencoder,external,Cc1c(cc[n]c1CS(=O)c1[n-]c2ccccc2[n]1)OCCCOC,1,1,0.8347695381882018
nephro_unsupervised,Autoencoder,external,Cc1c(cc[n]c1CS(=O)c1[nH]c2ccccc2[n]1)OCC(F)(F)F,1,1,0.9919709164131272
nephro_unsupervised,Autoencoder,external,Cc1c2c(cc(c1F)N1CCNC(C)C1)N(C=C(C(O)=O)C2=O)C1CC1,1,1,0.9795130367556468
nephro_unsupervised,Autoencoder,external,Cc1c[n]c(CS(=O)c2[nH]c3ccc(cc3[n]2)OC)c(C)c1OC,1,1,0.9944377632469013
nephro_unsupervised,Autoencoder,external,Cc1c[n]c(NC(=O)C2=C(O)c3ccccc3S(=O)(=O)N2C)[s]1,1,1,0.9856803299118132
nephro_unsupervised,Autoencoder,external,Cc1c[n]c(c[n+]1[O-])C(O)=O,0,0,0.0216858532906859
nephro_unsupervised,Autoencoder,external,Cc1cc(NC(=O)C2=C(O)c3ccccc3S(=O)(=O)N2C)[n]o1,1,0,0.2371503969425402
nephro_unsupervised,Autoencoder,external,Cc1cc(O)cc(C)c1Cl,1,1,0.923828666137481
nephro_unsupervised,Autoencoder,external,Cc1cc(OCCN(C)C)c(cc1OC(C)=O)C(C)C,0,0,0.3181542028841285
nephro_unsupervised,Autoencoder,external,Cc1cc(ccc1)N(C)C(=S)Oc1cc2ccccc2cc1,0,0,0.0296491222914538
nephro_unsupervised,Autoencoder,external,Cc1cc(ccc1)OCC(O)CNCCc1ccc(OC)c(c1)OC,0,0,0.0292806037363369
nephro_unsupervised,Autoencoder,external,Cc1cc(ccc1SC)OP(=S)(OC)OC,1,1,0.9762587221652406
nephro_unsupervised,Autoencoder,external,Cc1cc2c(cc1C(=C)c1ccc(cc1)C(O)=O)C(C)(C)CCC2(C)C,1,0,0.3307770735362134
nephro_unsupervised,Autoencoder,external,Cc1ccc(cc1)C(=CCN1CCCC1)c1cccc[n]1,0,0,0.0181585908531738
nephro_unsupervised,Autoencoder,external,Cc1cccc(CC(C)(C)CO)c1,0,1,0.837826923932876
nephro_unsupervised,Autoencoder,external,ClC(Cl)(Cl)Cl,1,1,0.9459660605482764
nephro_unsupervised,Autoencoder,external,ClC(Cl)=C(Cl)Cl,1,1,0.8537981503545555
nephro_unsupervised,Autoencoder,external,ClC1C(Cl)C(Cl)C(Cl)C(Cl)C1Cl,1,1,0.97683177529472
nephro_unsupervised,Autoencoder,external,ClC=C(Cl)Cl,1,1,0.8257408622095892
nephro_unsupervised,Autoencoder,external,Clc1cc(Cl)c(cc1)C(C[n]1c[n]cc1)SCc1ccc(Cl)cc1,0,0,0.1178645525401551
nephro_unsupervised,Autoencoder,external,FC(F)OC(Cl)C(F)(F)F,1,1,0.9954330286957892
nephro_unsupervised,Autoencoder,external,FCOC(C(F)(F)F)C(F)(F)F,1,1,0.978988622761257
nephro_unsupervised,Autoencoder,external,NC(=N)NCCC[C@](N)C(O)=O |^1:7|,0,0,0.0136360410679584
nephro_unsupervised,Autoencoder,external,NC(=O)CCC(NC(=O)OCc1ccccc1)C(O)=O,0,0,0.0387796555507917
nephro_unsupervised,Autoencoder,external,NC(N)=NC(N)=NCCc1ccccc1,0,0,0.1062047995141835
nephro_unsupervised,Autoencoder,external,NC(Nc1ccc(Cl)cc1)=NC(N)=NCCCCCCN=C(N)N=C(N)Nc1ccc(Cl)cc1,0,1,0.9132665562250404
nephro_unsupervised,Autoencoder,external,NC1=NC(=O)C(O1)c1ccccc1,0,0,0.239132849533329
nephro_unsupervised,Autoencoder,external,NC1=NC(=O)N(C=C1F)C1CSC(CO)O1,1,1,0.8802480440323951
nephro_unsupervised,Autoencoder,external,NC1C=CN(C[C@@](CO)OCP(O)(O)=O)C(=O)N=1 |^1:6|,1,1,0.986570511714785
nephro_unsupervised,Autoencoder,external,NC1CN(CC1)c1[n]c2c(cc1F)C(=O)C(=CN2c1ccc(F)cc1F)C(O)=O,1,1,0.9865868074509496
nephro_unsupervised,Autoencoder,external,NC1CN(CC21CC2)c1c(Cl)c2c(cc1F)C(=O)C(=CN2C1CC1F)C(O)=O,1,1,0.9646710942954748
nephro_unsupervised,Autoencoder,external,NC1NC(=O)c2[n]c[n](COC(CO)CO)c2N=1,1,1,0.9946683849095552
nephro_unsupervised,Autoencoder,external,NC1NC(=O)c2[n]c[n](COCCO)c2N=1,1,1,0.9792041894198412
nephro_unsupervised,Autoencoder,external,NCC1(CC(O)=O)CCCCC1,1,0,0.1951185407403241
nephro_unsupervised,Autoencoder,external,NCC1CCC(CC1)C(O)=O,1,0,0.4071620456395491
nephro_unsupervised,Autoencoder,external,NCCC(O)(P(O)(O)=O)P(O)(O)=O,1,1,0.9714434256172958
nephro_unsupervised,Autoencoder,external,NCCCC(O)(P([O-])(O)=O)P(O)(O)=O,1,0,0.3797427057838396
nephro_unsupervised,Autoencoder,external,NCCCCCC(O)=O,1,1,0.9739735489422852
nephro_unsupervised,Autoencoder,external,NS(=O)(=O)c1cc(Cl)c(Cl)c(c1)S(N)(=O)=O,0,0,0.0242387139275496
nephro_unsupervised,Autoencoder,external,"N[C@](C(O)=O)[C@](O)c1cc(O)c(O)cc1 |^1:1,5|",0,0,0.0102786620978027
nephro_unsupervised,Autoencoder,external,Nc1[n]c(Cl)[n]c2c1[n]c[n]2C1OC(CO)C(O)C1F,1,1,0.9951542939740796
nephro_unsupervised,Autoencoder,external,"Nc1[n]c(Cl)[n]c2c1[n]c[n]2[C@]1C[C@](O)[C@@](CO)O1 |^1:11,13,15|",1,1,0.9824968005041268
nephro_unsupervised,Autoencoder,external,Nc1[n]c(c[s]1)C(=CCC(O)=O)C(=O)NC1C2SCC=C(C(O)=O)N2C1=O,1,1,0.9901040590692056
nephro_unsupervised,Autoencoder,external,Nc1[n]c2[n]cc(CNc3ccc(cc3)C(=O)NC(CCC(O)=O)C(O)=O)[n]c2c(N)[n]1,0,1,0.6506886782843803
nephro_unsupervised,Autoencoder,external,Nc1[n]c2ccc(cc2[s]1)OC(F)(F)F,1,1,0.933488544642992
nephro_unsupervised,Autoencoder,external,Nc1ccc(Cc2ccc(N)cc2)cc1,0,0,0.1821059852440833
nephro_unsupervised,Autoencoder,external,Nc1ccc(O)cc1[N+]([O-])=O,0,1,0.6394172821938839
nephro_unsupervised,Autoencoder,external,Nc1ccc(cc1)C(=O)OCC(O)CO,0,0,0.1048611989321431
nephro_unsupervised,Autoencoder,external,Nc1ccc(cc1)N=C1C=C(N)C(C=C1N)=Nc1ccc(N)cc1,0,1,0.7903906792889919
nephro_unsupervised,Autoencoder,external,O=C(Nc1cccc2c1OC(=CC2=O)c1[nH][n][n][n]1)c1ccc(cc1)OCCCCc1ccccc1,0,1,0.5622226603078955
nephro_unsupervised,Autoencoder,external,O=C(OC1OC(=O)c2ccccc21)c1ccc[n]c1Nc1cc(ccc1)C(F)(F)F,1,1,0.6623801365334604
nephro_unsupervised,Autoencoder,external,O=C(OCCN1CCOCC1)c1ccc[n]c1Nc1cccc(c1)C(F)(F)F,0,1,0.6599354172021431
nephro_unsupervised,Autoencoder,external,O=C(OCc1ccccc1)c1ccccc1,0,0,0.0375005899093568
nephro_unsupervised,Autoencoder,external,O=C(OOC(=O)c1ccccc1)c1ccccc1,0,0,0.0256198021879649
nephro_unsupervised,Autoencoder,external,O=C1NC=Nc2[nH][n]cc21,1,0,0.0218873910860535
nephro_unsupervised,Autoencoder,external,O=C1Nc2ccc(Cl)cc2[C@](C#CC2CC2)(O1)C(F)(F)F,1,1,0.9832370951236838
nephro_unsupervised,Autoencoder,external,O=P1(NCCCO1)N(CCCl)CCCl,1,0,0.0140114867138473
nephro_unsupervised,Autoencoder,external,O=P1(NCCCl)OCCCN1CCCl,1,0,0.0374179033854119
nephro_unsupervised,Autoencoder,external,OC(=O)C1=CN(C2CC2)c2cc(c(F)cc2C1=O)N1CCNCC1,1,1,0.9966442665308026
nephro_unsupervised,Autoencoder,external,"OC(=O)CCCC[C@@]1SC[C@@]2NC(=O)N[C@@]21 |^1:7,10,15|",0,0,0.0153808764700734
nephro_unsupervised,Autoencoder,external,OC(=O)CCNC(=O)c1ccc(cc1)N=Nc1cc(c(O)cc1)C(O)=O,1,1,0.9741495043915686
nephro_unsupervised,Autoencoder,external,OC(=O)Cc1ccccc1Oc1ccc(Cl)cc1Cl,1,1,0.633337403284508
nephro_unsupervised,Autoencoder,external,OC(=O)c1c(I)c(NC(=O)CCCCC(=O)Nc2c(I)c(c(I)cc2I)C(O)=O)c(I)cc1I,1,0,0.4881740556009063
nephro_unsupervised,Autoencoder,external,OC(=O)c1c(I)c(NC(=O)CCOCCOCCOCCOCCC(=O)Nc2c(I)c(c(I)cc2I)C(O)=O)c(I)cc1I,0,0,0.1987059387034435
nephro_unsupervised,Autoencoder,external,OC(=O)c1cc(ccc1)-c1[n]oc([n]1)-c1ccccc1F,1,0,0.283401324918595
nephro_unsupervised,Autoencoder,external,OC(=O)c1ccc[n]c1Nc1cc(ccc1)C(F)(F)F,1,1,0.7275807437194614
nephro_unsupervised,Autoencoder,external,OC(=O)c1ccccc1Nc1cc(ccc1)C(F)(F)F,1,1,0.9400949668765354
nephro_unsupervised,Autoencoder,external,OC(C(=O)OC1CC2CCC(C1)[N+]12CCCC1)(c1ccccc1)c1ccccc1,1,1,0.9789182636191518
nephro_unsupervised,Autoencoder,external,OC(CCCN1CCCCC1)(c1ccccc1)c1ccccc1,0,0,0.0090783162482208
nephro_unsupervised,Autoencoder,external,OC(O)C(Cl)(Cl)Cl,1,1,0.9182149610376767
nephro_unsupervised,Autoencoder,external,OC1C(O)C(OC(CO)C1O)OC1C(CO)OC(O)(CO)C1O,0,0,0.0205257410776716
nephro_unsupervised,Autoencoder,external,OC1OC(CO)C(OC2OC(CO)C(O)C(O)C2O)C(O)C1O,0,1,0.6769279179717957
nephro_unsupervised,Autoencoder,external,OCC(O)C(O)C(O)C(O)C=O,0,0,0.2292817555304898
nephro_unsupervised,Autoencoder,external,OCCN1CCN(CCCN2c3ccccc3C=Cc3ccccc23)CC1,0,0,0.0025629406415366
nephro_unsupervised,Autoencoder,external,"OC[C@@](O)[C@@](O)[C@](O)[C@@](O)C=O |^1:2,4,6,8|",0,1,0.5217804706430957
nephro_unsupervised,Autoencoder,external,"OC[C@@](O)[C@]1O[C@@]2O[C@@](O[C@@]2[C@]1O)C(Cl)(Cl)Cl |^1:2,4,6,8,10,11|",1,0,0.2291597941414234
nephro_unsupervised,Autoencoder,external,"OC[C@@]1CC[C@@](O1)[n]1c[n]c2C(=O)NC=Nc12 |^1:2,5|",1,0,0.1879099251805575
nephro_unsupervised,Autoencoder,external,OS(=O)(=O)c1ccccc1,0,0,0.4340137757665108
nephro_unsupervised,Autoencoder,external,"O[C@](CO)[C@@](O[C@@]1O[C@](CO)[C@](O)[C@](O)[C@]1O)[C@](O)[C@@](O)CO |^1:1,4,6,8,11,13,15,17,19|",0,0,0.1762711972148589
nephro_unsupervised,Autoencoder,external,Oc1c(Cc2c(Cl)c(Cl)cc(Cl)c2O)c(Cl)c(Cl)cc1Cl,0,0,0.0219661240405234
nephro_unsupervised,Autoencoder,external,Oc1c(cc(Cl)cc1Cl)C(=O)Nc1cc(Cl)c(Cl)cc1,0,1,0.9782669351664756
nephro_unsupervised,Autoencoder,external,Oc1cc2Oc3cc(O)ccc3C3(OC(=O)c4cc(ccc34)N=C=S)c2cc1,0,0,0.0466781611665027
nephro_unsupervised,Autoencoder,external,Oc1ccc(C(=O)c2cc(O)c(O)c(O)c2)c(O)c1O,0,0,0.322804022821696
nephro_unsupervised,Autoencoder,external,Oc1ccc(cc1)OCc1ccccc1,0,0,0.0207513709025724
nephro_unsupervised,Autoencoder,external,Oc1ccc(cc1C(O)=O)-c1ccc(F)cc1F,1,1,0.9855183835211836
nephro_unsupervised,Autoencoder,external,Oc1ccccc1-c1[n]c(-c2ccccc2O)[n]([n]1)-c1ccc(cc1)C(O)=O,1,1,0.9638114205552312
nephro_unsupervised,Autoencoder,external,Oc1ccccc1N=Nc1ccccc1O,0,1,0.6509454091858439
nephro_unsupervised,Autoencoder,external,SC(=S)N1CCCCC1,0,0,0.0712483160577208
nephro_unsupervised,Autoencoder,external,[O-]C(=O)C1=NN(c2ccc(cc2)S([O-])(=O)=O)C(=O)C1N=Nc1ccc(cc1)S([O-])(=O)=O,0,0,0.0862222225679575
nephro_unsupervised,Autoencoder,external,[O-]C(=O)C1C(=CCO)OC2CC(=O)N12,0,0,0.4827174373866794
nephro_unsupervised,Autoencoder,external,[O-]C(=O)CCCc1ccccc1,1,0,0.1246049081307534
nephro_unsupervised,Autoencoder,external,[O-]C(=O)P([O-])([O-])=O,1,1,0.9150568246825216
nephro_unsupervised,Autoencoder,external,"[O-]C(=O)[C@](O)[C@@](O)[C@](O)[C@](O)CO |^1:3,5,7,9|",0,1,0.6753545171461666
nephro_unsupervised,Autoencoder,external,[O-]C(=O)c1ccc(cc1)NC(=O)[C@](Cc1ccc(O)cc1)NC(=O)c1ccccc1 |^1:12|,0,1,0.9160879765789868
nephro_unsupervised,Autoencoder,external,[O-]C1=NC(=O)N(Cl)C(=O)N1Cl,0,0,0.2700307085564243
nephro_unsupervised,Autoencoder,external,[O-]P(O)(=O)C(Sc1ccc(Cl)cc1)P([O-])(O)=O,1,1,0.5166169546140797
nephro_unsupervised,Autoencoder,external,[O-][N+](=O)OCCNC(=O)c1c[n]ccc1,0,0,0.0265218461647136
nephro_unsupervised,Autoencoder,external,[O-][N+](=O)c1c[n]c([s]1)N1CCNC1=O,0,0,0.0346948443164958
nephro_unsupervised,Autoencoder,external,[O-][N+](=O)c1c[n]c[n]1CCN1CCOCC1,1,0,0.1299852099661178
nephro_unsupervised,Autoencoder,external,[O-][N+](=O)c1cc(ccc1S(O)(=O)=O)[N+]([O-])=O,0,0,0.411948617061118
nephro_unsupervised,Autoencoder,external,[O-]c1ccc(cc1C(O)=O)N=Nc1cc(C(O)=O)c([O-])cc1,1,0,0.1472641861068035
