accuracy,precision,recall,f1,kappa,auroc,specificity,sensitivity,mcc,tp,fp,tn,fn,source_csv,source_name,model_group,row_index,metric,mean,std,model_name,n_train,n_test,overlap_removed,optuna_best_cv_auroc,representation,fold,auc,acc,se,split,auprc
0.7615894039735099,0.7910447761194029,0.7066666666666667,0.7464788732394366,0.5228230337078652,0.803377192982456,0.8157894736842105,0.7066666666666667,0.5257874566132115,106.0,28.0,124.0,44.0,confirmed_models/results_full_coverage_descriptor_fp_meta_v4/summaries/external_metrics__blend_challenger_desc_logreg_50_50__cal_none__thr_f1.csv,confirmed_models__results_full_coverage_descriptor_fp_meta_v4__summaries__external_metrics__blend_challenger_desc_logreg_50_50__cal_none__thr_f1.csv,confirmed_models,0,,,,,,,,,,,,,,,
0.7682119205298014,0.8225806451612904,0.68,0.7445255474452555,0.5358742425573022,0.8428070175438598,0.8552631578947368,0.68,0.54401882954922,102.0,22.0,130.0,48.0,confirmed_models/results_full_coverage_descriptor_fp_meta_v4/summaries/external_metrics__blend_challenger_desc_logreg_valopt__cal_none__thr_f1.csv,confirmed_models__results_full_coverage_descriptor_fp_meta_v4__summaries__external_metrics__blend_challenger_desc_logreg_valopt__cal_none__thr_f1.csv,confirmed_models,0,,,,,,,,,,,,,,,
0.7350993377483444,0.7966101694915254,0.6266666666666667,0.7014925373134329,0.4694307800421644,0.8195394736842105,0.8421052631578947,0.6266666666666667,0.4803735720225674,94.0,24.0,128.0,56.0,confirmed_models/results_full_coverage_descriptor_fp_meta_v4/summaries/external_metrics__blend_challenger_fpdesc_desclogreg_valopt3__cal_isotonic__thr_f1.csv,confirmed_models__results_full_coverage_descriptor_fp_meta_v4__summaries__external_metrics__blend_challenger_fpdesc_desclogreg_valopt3__cal_isotonic__thr_f1.csv,confirmed_models,0,,,,,,,,,,,,,,,
0.7350993377483444,0.7966101694915254,0.6266666666666667,0.7014925373134329,0.4694307800421644,0.8195394736842105,0.8421052631578947,0.6266666666666667,0.4803735720225674,94.0,24.0,128.0,56.0,confirmed_models/results_full_coverage_descriptor_fp_meta_v4/summaries/external_metrics__blend_challenger_fpdesc_desclogreg_valopt3__cal_isotonic__thr_kappa.csv,confirmed_models__results_full_coverage_descriptor_fp_meta_v4__summaries__external_metrics__blend_challenger_fpdesc_desclogreg_valopt3__cal_isotonic__thr_kappa.csv,confirmed_models,0,,,,,,,,,,,,,,,
0.7350993377483444,0.7058823529411765,0.8,0.75,0.4706397896581945,0.8207456140350877,0.6710526315789473,0.8,0.4748160945778248,120.0,50.0,102.0,30.0,confirmed_models/results_full_coverage_descriptor_fp_meta_v4/summaries/external_metrics__blend_challenger_fpdesc_desclogreg_valopt3__cal_none__thr_f1.csv,confirmed_models__results_full_coverage_descriptor_fp_meta_v4__summaries__external_metrics__blend_challenger_fpdesc_desclogreg_valopt3__cal_none__thr_f1.csv,confirmed_models,0,,,,,,,,,,,,,,,
0.7317880794701986,0.7225806451612903,0.7466666666666667,0.7344262295081967,0.4636702477526858,0.8207456140350877,0.7171052631578947,0.7466666666666667,0.4639245616963339,112.0,43.0,109.0,38.0,confirmed_models/results_full_coverage_descriptor_fp_meta_v4/summaries/external_metrics__blend_challenger_fpdesc_desclogreg_valopt3__cal_none__thr_kappa.csv,confirmed_models__results_full_coverage_descriptor_fp_meta_v4__summaries__external_metrics__blend_challenger_fpdesc_desclogreg_valopt3__cal_none__thr_kappa.csv,confirmed_models,0,,,,,,,,,,,,,,,
0.7350993377483444,0.7058823529411765,0.8,0.75,0.4706397896581945,0.8207456140350877,0.6710526315789473,0.8,0.4748160945778248,120.0,50.0,102.0,30.0,confirmed_models/results_full_coverage_descriptor_fp_meta_v4/summaries/external_metrics__blend_challenger_fpdesc_desclogreg_valopt3__cal_sigmoid__thr_f1.csv,confirmed_models__results_full_coverage_descriptor_fp_meta_v4__summaries__external_metrics__blend_challenger_fpdesc_desclogreg_valopt3__cal_sigmoid__thr_f1.csv,confirmed_models,0,,,,,,,,,,,,,,,
0.7317880794701986,0.7225806451612903,0.7466666666666667,0.7344262295081967,0.4636702477526858,0.8207456140350877,0.7171052631578947,0.7466666666666667,0.4639245616963339,112.0,43.0,109.0,38.0,confirmed_models/results_full_coverage_descriptor_fp_meta_v4/summaries/external_metrics__blend_challenger_fpdesc_desclogreg_valopt3__cal_sigmoid__thr_kappa.csv,confirmed_models__results_full_coverage_descriptor_fp_meta_v4__summaries__external_metrics__blend_challenger_fpdesc_desclogreg_valopt3__cal_sigmoid__thr_kappa.csv,confirmed_models,0,,,,,,,,,,,,,,,
0.7384105960264901,0.7100591715976331,0.8,0.7523510971786834,0.4772338840439983,0.8304166666666666,0.6776315789473685,0.8,0.4810511790829873,120.0,49.0,103.0,30.0,confirmed_models/results_full_coverage_descriptor_fp_meta_v4/summaries/external_metrics__blend_challenger_fpdesc_lgbm_50_50__cal_isotonic__thr_f1.csv,confirmed_models__results_full_coverage_descriptor_fp_meta_v4__summaries__external_metrics__blend_challenger_fpdesc_lgbm_50_50__cal_isotonic__thr_f1.csv,confirmed_models,0,,,,,,,,,,,,,,,
0.7350993377483444,0.782258064516129,0.6466666666666666,0.708029197080292,0.4695705629226311,0.8304166666666666,0.8223684210526315,0.6466666666666666,0.4767074207800195,97.0,27.0,125.0,53.0,confirmed_models/results_full_coverage_descriptor_fp_meta_v4/summaries/external_metrics__blend_challenger_fpdesc_lgbm_50_50__cal_isotonic__thr_kappa.csv,confirmed_models__results_full_coverage_descriptor_fp_meta_v4__summaries__external_metrics__blend_challenger_fpdesc_lgbm_50_50__cal_isotonic__thr_kappa.csv,confirmed_models,0,,,,,,,,,,,,,,,
0.7384105960264901,0.7100591715976331,0.8,0.7523510971786834,0.4772338840439983,0.8315350877192982,0.6776315789473685,0.8,0.4810511790829873,120.0,49.0,103.0,30.0,confirmed_models/results_full_coverage_descriptor_fp_meta_v4/summaries/external_metrics__blend_challenger_fpdesc_lgbm_50_50__cal_none__thr_f1.csv,confirmed_models__results_full_coverage_descriptor_fp_meta_v4__summaries__external_metrics__blend_challenger_fpdesc_lgbm_50_50__cal_none__thr_f1.csv,confirmed_models,0,,,,,,,,,,,,,,,
0.7384105960264901,0.7100591715976331,0.8,0.7523510971786834,0.4772338840439983,0.8315350877192982,0.6776315789473685,0.8,0.4810511790829873,120.0,49.0,103.0,30.0,confirmed_models/results_full_coverage_descriptor_fp_meta_v4/summaries/external_metrics__blend_challenger_fpdesc_lgbm_50_50__cal_none__thr_kappa.csv,confirmed_models__results_full_coverage_descriptor_fp_meta_v4__summaries__external_metrics__blend_challenger_fpdesc_lgbm_50_50__cal_none__thr_kappa.csv,confirmed_models,0,,,,,,,,,,,,,,,
0.7384105960264901,0.7100591715976331,0.8,0.7523510971786834,0.4772338840439983,0.8315350877192982,0.6776315789473685,0.8,0.4810511790829873,120.0,49.0,103.0,30.0,confirmed_models/results_full_coverage_descriptor_fp_meta_v4/summaries/external_metrics__blend_challenger_fpdesc_lgbm_50_50__cal_sigmoid__thr_f1.csv,confirmed_models__results_full_coverage_descriptor_fp_meta_v4__summaries__external_metrics__blend_challenger_fpdesc_lgbm_50_50__cal_sigmoid__thr_f1.csv,confirmed_models,0,,,,,,,,,,,,,,,
0.7384105960264901,0.7100591715976331,0.8,0.7523510971786834,0.4772338840439983,0.8315350877192982,0.6776315789473685,0.8,0.4810511790829873,120.0,49.0,103.0,30.0,confirmed_models/results_full_coverage_descriptor_fp_meta_v4/summaries/external_metrics__blend_challenger_fpdesc_lgbm_50_50__cal_sigmoid__thr_kappa.csv,confirmed_models__results_full_coverage_descriptor_fp_meta_v4__summaries__external_metrics__blend_challenger_fpdesc_lgbm_50_50__cal_sigmoid__thr_kappa.csv,confirmed_models,0,,,,,,,,,,,,,,,
0.7317880794701986,0.7041420118343196,0.7933333333333333,0.7460815047021944,0.4639992988299224,0.8185964912280701,0.6710526315789473,0.7933333333333333,0.4677107331616776,119.0,50.0,102.0,31.0,confirmed_models/results_full_coverage_descriptor_fp_meta_v4/summaries/external_metrics__blend_challenger_fpdesc_lgbm_valopt__cal_isotonic__thr_f1.csv,confirmed_models__results_full_coverage_descriptor_fp_meta_v4__summaries__external_metrics__blend_challenger_fpdesc_lgbm_valopt__cal_isotonic__thr_f1.csv,confirmed_models,0,,,,,,,,,,,,,,,
0.7317880794701986,0.7899159663865546,0.6266666666666667,0.6988847583643123,0.4628222583336994,0.8185964912280701,0.8355263157894737,0.6266666666666667,0.4729244257520659,94.0,25.0,127.0,56.0,confirmed_models/results_full_coverage_descriptor_fp_meta_v4/summaries/external_metrics__blend_challenger_fpdesc_lgbm_valopt__cal_isotonic__thr_kappa.csv,confirmed_models__results_full_coverage_descriptor_fp_meta_v4__summaries__external_metrics__blend_challenger_fpdesc_lgbm_valopt__cal_isotonic__thr_kappa.csv,confirmed_models,0,,,,,,,,,,,,,,,
0.7350993377483444,0.7058823529411765,0.8,0.75,0.4706397896581945,0.8208771929824562,0.6710526315789473,0.8,0.4748160945778248,120.0,50.0,102.0,30.0,confirmed_models/results_full_coverage_descriptor_fp_meta_v4/summaries/external_metrics__blend_challenger_fpdesc_lgbm_valopt__cal_none__thr_f1.csv,confirmed_models__results_full_coverage_descriptor_fp_meta_v4__summaries__external_metrics__blend_challenger_fpdesc_lgbm_valopt__cal_none__thr_f1.csv,confirmed_models,0,,,,,,,,,,,,,,,
0.7317880794701986,0.7225806451612903,0.7466666666666667,0.7344262295081967,0.4636702477526858,0.8208771929824562,0.7171052631578947,0.7466666666666667,0.4639245616963339,112.0,43.0,109.0,38.0,confirmed_models/results_full_coverage_descriptor_fp_meta_v4/summaries/external_metrics__blend_challenger_fpdesc_lgbm_valopt__cal_none__thr_kappa.csv,confirmed_models__results_full_coverage_descriptor_fp_meta_v4__summaries__external_metrics__blend_challenger_fpdesc_lgbm_valopt__cal_none__thr_kappa.csv,confirmed_models,0,,,,,,,,,,,,,,,
0.7350993377483444,0.7058823529411765,0.8,0.75,0.4706397896581945,0.8208771929824562,0.6710526315789473,0.8,0.4748160945778248,120.0,50.0,102.0,30.0,confirmed_models/results_full_coverage_descriptor_fp_meta_v4/summaries/external_metrics__blend_challenger_fpdesc_lgbm_valopt__cal_sigmoid__thr_f1.csv,confirmed_models__results_full_coverage_descriptor_fp_meta_v4__summaries__external_metrics__blend_challenger_fpdesc_lgbm_valopt__cal_sigmoid__thr_f1.csv,confirmed_models,0,,,,,,,,,,,,,,,
0.7317880794701986,0.7225806451612903,0.7466666666666667,0.7344262295081967,0.4636702477526858,0.8208771929824562,0.7171052631578947,0.7466666666666667,0.4639245616963339,112.0,43.0,109.0,38.0,confirmed_models/results_full_coverage_descriptor_fp_meta_v4/summaries/external_metrics__blend_challenger_fpdesc_lgbm_valopt__cal_sigmoid__thr_kappa.csv,confirmed_models__results_full_coverage_descriptor_fp_meta_v4__summaries__external_metrics__blend_challenger_fpdesc_lgbm_valopt__cal_sigmoid__thr_kappa.csv,confirmed_models,0,,,,,,,,,,,,,,,
0.7649006622516556,0.8495575221238938,0.64,0.7300380228136882,0.5290163862408295,0.8459868421052632,0.8881578947368421,0.64,0.5457089487114044,96.0,17.0,135.0,54.0,confirmed_models/results_full_coverage_descriptor_fp_meta_v4/summaries/external_metrics__challenger_proxy_meta_logreg_knn_plus_lgbm__cal_isotonic__thr_f1.csv,confirmed_models__results_full_coverage_descriptor_fp_meta_v4__summaries__external_metrics__challenger_proxy_meta_logreg_knn_plus_lgbm__cal_isotonic__thr_f1.csv,confirmed_models,0,,,,,,,,,,,,,,,
0.7649006622516556,0.8495575221238938,0.64,0.7300380228136882,0.5290163862408295,0.8459868421052632,0.8881578947368421,0.64,0.5457089487114044,96.0,17.0,135.0,54.0,confirmed_models/results_full_coverage_descriptor_fp_meta_v4/summaries/external_metrics__challenger_proxy_meta_logreg_knn_plus_lgbm__cal_isotonic__thr_kappa.csv,confirmed_models__results_full_coverage_descriptor_fp_meta_v4__summaries__external_metrics__challenger_proxy_meta_logreg_knn_plus_lgbm__cal_isotonic__thr_kappa.csv,confirmed_models,0,,,,,,,,,,,,,,,
0.7549668874172185,0.7676056338028169,0.7266666666666667,0.7465753424657534,0.5097402597402598,0.8564912280701754,0.7828947368421053,0.7266666666666667,0.510457730329046,109.0,33.0,119.0,41.0,confirmed_models/results_full_coverage_descriptor_fp_meta_v4/summaries/external_metrics__challenger_proxy_meta_logreg_knn_plus_lgbm__cal_none__thr_f1.csv,confirmed_models__results_full_coverage_descriptor_fp_meta_v4__summaries__external_metrics__challenger_proxy_meta_logreg_knn_plus_lgbm__cal_none__thr_f1.csv,confirmed_models,0,,,,,,,,,,,,,,,
0.7582781456953642,0.7984496124031008,0.6866666666666666,0.7383512544802867,0.5160893805698231,0.8564912280701754,0.8289473684210527,0.6866666666666666,0.5211638061940255,103.0,26.0,126.0,47.0,confirmed_models/results_full_coverage_descriptor_fp_meta_v4/summaries/external_metrics__challenger_proxy_meta_logreg_knn_plus_lgbm__cal_none__thr_kappa.csv,confirmed_models__results_full_coverage_descriptor_fp_meta_v4__summaries__external_metrics__challenger_proxy_meta_logreg_knn_plus_lgbm__cal_none__thr_kappa.csv,confirmed_models,0,,,,,,,,,,,,,,,
0.7549668874172185,0.7676056338028169,0.7266666666666667,0.7465753424657534,0.5097402597402598,0.8564912280701754,0.7828947368421053,0.7266666666666667,0.510457730329046,109.0,33.0,119.0,41.0,confirmed_models/results_full_coverage_descriptor_fp_meta_v4/summaries/external_metrics__challenger_proxy_meta_logreg_knn_plus_lgbm__cal_sigmoid__thr_f1.csv,confirmed_models__results_full_coverage_descriptor_fp_meta_v4__summaries__external_metrics__challenger_proxy_meta_logreg_knn_plus_lgbm__cal_sigmoid__thr_f1.csv,confirmed_models,0,,,,,,,,,,,,,,,
0.7649006622516556,0.7969924812030075,0.7066666666666667,0.7491166077738516,0.529429838037133,0.8564912280701754,0.8223684210526315,0.7066666666666667,0.5328227109365465,106.0,27.0,125.0,44.0,confirmed_models/results_full_coverage_descriptor_fp_meta_v4/summaries/external_metrics__challenger_proxy_meta_logreg_knn_plus_lgbm__cal_sigmoid__thr_kappa.csv,confirmed_models__results_full_coverage_descriptor_fp_meta_v4__summaries__external_metrics__challenger_proxy_meta_logreg_knn_plus_lgbm__cal_sigmoid__thr_kappa.csv,confirmed_models,0,,,,,,,,,,,,,,,
0.6225165562913907,0.62,0.62,0.62,0.245,0.6466666666666667,0.625,0.62,0.245,93.0,57.0,95.0,57.0,confirmed_models/results_full_coverage_descriptor_fp_meta_v4/summaries/external_metrics__descriptor_logreg__cal_none__thr_f1.csv,confirmed_models__results_full_coverage_descriptor_fp_meta_v4__summaries__external_metrics__descriptor_logreg__cal_none__thr_f1.csv,confirmed_models,0,,,,,,,,,,,,,,,
0.7649006622516556,0.8062015503875969,0.6933333333333334,0.7455197132616488,0.529347205759691,0.8469298245614034,0.8355263157894737,0.6933333333333334,0.5345519883538243,104.0,25.0,127.0,46.0,confirmed_models/results_full_coverage_descriptor_fp_meta_v4/summaries/external_metrics__knn_r2_2048_mean__cal_none__thr_f1.csv,confirmed_models__results_full_coverage_descriptor_fp_meta_v4__summaries__external_metrics__knn_r2_2048_mean__cal_none__thr_f1.csv,confirmed_models,0,,,,,,,,,,,,,,,
0.7516556291390728,0.7862595419847328,0.6866666666666666,0.7330960854092526,0.5028752030200606,0.8596052631578948,0.8157894736842105,0.6866666666666666,0.5069111901341865,103.0,28.0,124.0,47.0,confirmed_models/results_full_coverage_descriptor_fp_meta_v4/summaries/external_metrics__knn_r2r3_concat_1024_mean__cal_none__thr_f1.csv,confirmed_models__results_full_coverage_descriptor_fp_meta_v4__summaries__external_metrics__knn_r2r3_concat_1024_mean__cal_none__thr_f1.csv,confirmed_models,0,,,,,,,,,,,,,,,
0.6721854304635762,0.6491228070175439,0.74,0.6915887850467289,0.3449454449848823,0.7309649122807018,0.6052631578947368,0.74,0.3483244490866198,111.0,60.0,92.0,39.0,confirmed_models/results_full_coverage_descriptor_fp_meta_v4/summaries/external_metrics__lgbm_descriptors_only__cal_none__thr_f1.csv,confirmed_models__results_full_coverage_descriptor_fp_meta_v4__summaries__external_metrics__lgbm_descriptors_only__cal_none__thr_f1.csv,confirmed_models,0,,,,,,,,,,,,,,,
0.7417218543046358,0.74,0.74,0.74,0.483421052631579,0.8070614035087719,0.743421052631579,0.74,0.483421052631579,111.0,39.0,113.0,39.0,confirmed_models/results_full_coverage_descriptor_fp_meta_v4/summaries/external_metrics__lgbm_morgan_r2_1024__cal_none__thr_f1.csv,confirmed_models__results_full_coverage_descriptor_fp_meta_v4__summaries__external_metrics__lgbm_morgan_r2_1024__cal_none__thr_f1.csv,confirmed_models,0,,,,,,,,,,,,,,,
0.7516556291390728,0.7622377622377622,0.7266666666666667,0.7440273037542662,0.5031369280042118,0.8121052631578947,0.7763157894736842,0.7266666666666667,0.5036788095462111,109.0,34.0,118.0,41.0,confirmed_models/results_full_coverage_descriptor_fp_meta_v4/summaries/external_metrics__lgbm_morgan_r2_2048__cal_none__thr_f1.csv,confirmed_models__results_full_coverage_descriptor_fp_meta_v4__summaries__external_metrics__lgbm_morgan_r2_2048__cal_none__thr_f1.csv,confirmed_models,0,,,,,,,,,,,,,,,
0.7251655629139073,0.6982248520710059,0.7866666666666666,0.7398119122257053,0.4507647136158464,0.7540570175438597,0.6644736842105263,0.7866666666666666,0.4543702872403679,118.0,51.0,101.0,32.0,confirmed_models/results_full_coverage_descriptor_fp_meta_v4/summaries/external_metrics__lgbm_morgan_r2_2048_plus_desc__cal_isotonic__thr_f1.csv,confirmed_models__results_full_coverage_descriptor_fp_meta_v4__summaries__external_metrics__lgbm_morgan_r2_2048_plus_desc__cal_isotonic__thr_f1.csv,confirmed_models,0,,,,,,,,,,,,,,,
0.695364238410596,0.7164179104477612,0.64,0.676056338028169,0.3902738764044944,0.7540570175438597,0.75,0.64,0.3924867414543885,96.0,38.0,114.0,54.0,confirmed_models/results_full_coverage_descriptor_fp_meta_v4/summaries/external_metrics__lgbm_morgan_r2_2048_plus_desc__cal_isotonic__thr_kappa.csv,confirmed_models__results_full_coverage_descriptor_fp_meta_v4__summaries__external_metrics__lgbm_morgan_r2_2048_plus_desc__cal_isotonic__thr_kappa.csv,confirmed_models,0,,,,,,,,,,,,,,,
0.7251655629139073,0.695906432748538,0.7933333333333333,0.7414330218068536,0.4508128478156084,0.7602631578947369,0.6578947368421053,0.7933333333333333,0.4552289039892205,119.0,52.0,100.0,31.0,confirmed_models/results_full_coverage_descriptor_fp_meta_v4/summaries/external_metrics__lgbm_morgan_r2_2048_plus_desc__cal_none__thr_f1.csv,confirmed_models__results_full_coverage_descriptor_fp_meta_v4__summaries__external_metrics__lgbm_morgan_r2_2048_plus_desc__cal_none__thr_f1.csv,confirmed_models,0,,,,,,,,,,,,,,,
0.7251655629139073,0.6982248520710059,0.7866666666666666,0.7398119122257053,0.4507647136158464,0.7602631578947369,0.6644736842105263,0.7866666666666666,0.4543702872403679,118.0,51.0,101.0,32.0,confirmed_models/results_full_coverage_descriptor_fp_meta_v4/summaries/external_metrics__lgbm_morgan_r2_2048_plus_desc__cal_none__thr_kappa.csv,confirmed_models__results_full_coverage_descriptor_fp_meta_v4__summaries__external_metrics__lgbm_morgan_r2_2048_plus_desc__cal_none__thr_kappa.csv,confirmed_models,0,,,,,,,,,,,,,,,
0.7218543046357616,0.6964285714285714,0.78,0.7358490566037735,0.4441230607415198,0.7602631578947369,0.6644736842105263,0.78,0.4473077640461958,117.0,51.0,101.0,33.0,confirmed_models/results_full_coverage_descriptor_fp_meta_v4/summaries/external_metrics__lgbm_morgan_r2_2048_plus_desc__cal_sigmoid__thr_f1.csv,confirmed_models__results_full_coverage_descriptor_fp_meta_v4__summaries__external_metrics__lgbm_morgan_r2_2048_plus_desc__cal_sigmoid__thr_f1.csv,confirmed_models,0,,,,,,,,,,,,,,,
0.7019867549668874,0.7112676056338029,0.6733333333333333,0.6917808219178082,0.4037381537381537,0.7602631578947369,0.7302631578947368,0.6733333333333333,0.4043064240392391,101.0,41.0,111.0,49.0,confirmed_models/results_full_coverage_descriptor_fp_meta_v4/summaries/external_metrics__lgbm_morgan_r2_2048_plus_desc__cal_sigmoid__thr_kappa.csv,confirmed_models__results_full_coverage_descriptor_fp_meta_v4__summaries__external_metrics__lgbm_morgan_r2_2048_plus_desc__cal_sigmoid__thr_kappa.csv,confirmed_models,0,,,,,,,,,,,,,,,
0.7119205298013245,0.7142857142857143,0.7,0.7070707070707071,0.4237399657849717,0.7633991228070175,0.7236842105263158,0.7,0.4238236491381299,105.0,42.0,110.0,45.0,confirmed_models/results_full_coverage_descriptor_fp_meta_v4/summaries/external_metrics__lgbm_morgan_r2_2048_plus_desc_selected__cal_isotonic__thr_f1.csv,confirmed_models__results_full_coverage_descriptor_fp_meta_v4__summaries__external_metrics__lgbm_morgan_r2_2048_plus_desc_selected__cal_isotonic__thr_f1.csv,confirmed_models,0,,,,,,,,,,,,,,,
0.7119205298013245,0.7142857142857143,0.7,0.7070707070707071,0.4237399657849717,0.7633991228070175,0.7236842105263158,0.7,0.4238236491381299,105.0,42.0,110.0,45.0,confirmed_models/results_full_coverage_descriptor_fp_meta_v4/summaries/external_metrics__lgbm_morgan_r2_2048_plus_desc_selected__cal_isotonic__thr_kappa.csv,confirmed_models__results_full_coverage_descriptor_fp_meta_v4__summaries__external_metrics__lgbm_morgan_r2_2048_plus_desc_selected__cal_isotonic__thr_kappa.csv,confirmed_models,0,,,,,,,,,,,,,,,
0.7350993377483444,0.7108433734939759,0.7866666666666666,0.7468354430379747,0.47054698457223,0.7632894736842105,0.6842105263157895,0.7866666666666666,0.4732074584345561,118.0,48.0,104.0,32.0,confirmed_models/results_full_coverage_descriptor_fp_meta_v4/summaries/external_metrics__lgbm_morgan_r2_2048_plus_desc_selected__cal_none__thr_f1.csv,confirmed_models__results_full_coverage_descriptor_fp_meta_v4__summaries__external_metrics__lgbm_morgan_r2_2048_plus_desc_selected__cal_none__thr_f1.csv,confirmed_models,0,,,,,,,,,,,,,,,
0.7350993377483444,0.7108433734939759,0.7866666666666666,0.7468354430379747,0.47054698457223,0.7632894736842105,0.6842105263157895,0.7866666666666666,0.4732074584345561,118.0,48.0,104.0,32.0,confirmed_models/results_full_coverage_descriptor_fp_meta_v4/summaries/external_metrics__lgbm_morgan_r2_2048_plus_desc_selected__cal_none__thr_kappa.csv,confirmed_models__results_full_coverage_descriptor_fp_meta_v4__summaries__external_metrics__lgbm_morgan_r2_2048_plus_desc_selected__cal_none__thr_kappa.csv,confirmed_models,0,,,,,,,,,,,,,,,
0.7119205298013245,0.7142857142857143,0.7,0.7070707070707071,0.4237399657849717,0.7632894736842105,0.7236842105263158,0.7,0.4238236491381299,105.0,42.0,110.0,45.0,confirmed_models/results_full_coverage_descriptor_fp_meta_v4/summaries/external_metrics__lgbm_morgan_r2_2048_plus_desc_selected__cal_sigmoid__thr_f1.csv,confirmed_models__results_full_coverage_descriptor_fp_meta_v4__summaries__external_metrics__lgbm_morgan_r2_2048_plus_desc_selected__cal_sigmoid__thr_f1.csv,confirmed_models,0,,,,,,,,,,,,,,,
0.7119205298013245,0.7142857142857143,0.7,0.7070707070707071,0.4237399657849717,0.7632894736842105,0.7236842105263158,0.7,0.4238236491381299,105.0,42.0,110.0,45.0,confirmed_models/results_full_coverage_descriptor_fp_meta_v4/summaries/external_metrics__lgbm_morgan_r2_2048_plus_desc_selected__cal_sigmoid__thr_kappa.csv,confirmed_models__results_full_coverage_descriptor_fp_meta_v4__summaries__external_metrics__lgbm_morgan_r2_2048_plus_desc_selected__cal_sigmoid__thr_kappa.csv,confirmed_models,0,,,,,,,,,,,,,,,
0.7384105960264901,0.7448275862068966,0.72,0.7322033898305085,0.4766834832200044,0.8123245614035087,0.756578947368421,0.72,0.4769451642984237,108.0,37.0,115.0,42.0,confirmed_models/results_full_coverage_descriptor_fp_meta_v4/summaries/external_metrics__lgbm_morgan_r2r3_concat_1024__cal_none__thr_f1.csv,confirmed_models__results_full_coverage_descriptor_fp_meta_v4__summaries__external_metrics__lgbm_morgan_r2r3_concat_1024__cal_none__thr_f1.csv,confirmed_models,0,,,,,,,,,,,,,,,
0.7052980132450332,0.6993464052287581,0.7133333333333334,0.7062706270627063,0.4106477217909924,0.7391228070175438,0.6973684210526315,0.7133333333333334,0.4107287769049523,107.0,46.0,106.0,43.0,confirmed_models/results_full_coverage_descriptor_fp_meta_v4/summaries/external_metrics__logreg_morgan_r2_2048_plus_desc__cal_none__thr_f1.csv,confirmed_models__results_full_coverage_descriptor_fp_meta_v4__summaries__external_metrics__logreg_morgan_r2_2048_plus_desc__cal_none__thr_f1.csv,confirmed_models,0,,,,,,,,,,,,,,,
0.7086092715231788,0.7039473684210527,0.7133333333333334,0.7086092715231788,0.4172441013946145,0.7396052631578948,0.7039473684210527,0.7133333333333334,0.417280701754386,107.0,45.0,107.0,43.0,confirmed_models/results_full_coverage_descriptor_fp_meta_v4/summaries/external_metrics__logreg_morgan_r2_2048_plus_desc_selected__cal_none__thr_f1.csv,confirmed_models__results_full_coverage_descriptor_fp_meta_v4__summaries__external_metrics__logreg_morgan_r2_2048_plus_desc_selected__cal_none__thr_f1.csv,confirmed_models,0,,,,,,,,,,,,,,,
0.695364238410596,0.6907894736842105,0.7,0.695364238410596,0.3907551969125515,0.7303947368421053,0.6907894736842105,0.7,0.3907894736842105,105.0,47.0,105.0,45.0,confirmed_models/results_full_coverage_descriptor_fp_meta_v4/summaries/external_metrics__meta_lgbm_knn_lgbm_descriptor_fp_v4__cal_isotonic__thr_f1.csv,confirmed_models__results_full_coverage_descriptor_fp_meta_v4__summaries__external_metrics__meta_lgbm_knn_lgbm_descriptor_fp_v4__cal_isotonic__thr_f1.csv,confirmed_models,0,,,,,,,,,,,,,,,
0.695364238410596,0.6907894736842105,0.7,0.695364238410596,0.3907551969125515,0.7303947368421053,0.6907894736842105,0.7,0.3907894736842105,105.0,47.0,105.0,45.0,confirmed_models/results_full_coverage_descriptor_fp_meta_v4/summaries/external_metrics__meta_lgbm_knn_lgbm_descriptor_fp_v4__cal_isotonic__thr_kappa.csv,confirmed_models__results_full_coverage_descriptor_fp_meta_v4__summaries__external_metrics__meta_lgbm_knn_lgbm_descriptor_fp_v4__cal_isotonic__thr_kappa.csv,confirmed_models,0,,,,,,,,,,,,,,,
0.6788079470198676,0.6625766871165644,0.72,0.6900958466453674,0.3579537982729145,0.7922368421052631,0.6381578947368421,0.72,0.3592863764294663,108.0,55.0,97.0,42.0,confirmed_models/results_full_coverage_descriptor_fp_meta_v4/summaries/external_metrics__meta_lgbm_knn_lgbm_descriptor_fp_v4__cal_none__thr_f1.csv,confirmed_models__results_full_coverage_descriptor_fp_meta_v4__summaries__external_metrics__meta_lgbm_knn_lgbm_descriptor_fp_v4__cal_none__thr_f1.csv,confirmed_models,0,,,,,,,,,,,,,,,
0.6788079470198676,0.6625766871165644,0.72,0.6900958466453674,0.3579537982729145,0.7922368421052631,0.6381578947368421,0.72,0.3592863764294663,108.0,55.0,97.0,42.0,confirmed_models/results_full_coverage_descriptor_fp_meta_v4/summaries/external_metrics__meta_lgbm_knn_lgbm_descriptor_fp_v4__cal_none__thr_kappa.csv,confirmed_models__results_full_coverage_descriptor_fp_meta_v4__summaries__external_metrics__meta_lgbm_knn_lgbm_descriptor_fp_v4__cal_none__thr_kappa.csv,confirmed_models,0,,,,,,,,,,,,,,,
0.6986754966887417,0.6903225806451613,0.7133333333333334,0.7016393442622951,0.3974566980925236,0.7920394736842105,0.6842105263157895,0.7133333333333334,0.39767469521615,107.0,48.0,104.0,43.0,confirmed_models/results_full_coverage_descriptor_fp_meta_v4/summaries/external_metrics__meta_lgbm_knn_lgbm_descriptor_fp_v4__cal_sigmoid__thr_f1.csv,confirmed_models__results_full_coverage_descriptor_fp_meta_v4__summaries__external_metrics__meta_lgbm_knn_lgbm_descriptor_fp_v4__cal_sigmoid__thr_f1.csv,confirmed_models,0,,,,,,,,,,,,,,,
0.6986754966887417,0.6903225806451613,0.7133333333333334,0.7016393442622951,0.3974566980925236,0.7920394736842105,0.6842105263157895,0.7133333333333334,0.39767469521615,107.0,48.0,104.0,43.0,confirmed_models/results_full_coverage_descriptor_fp_meta_v4/summaries/external_metrics__meta_lgbm_knn_lgbm_descriptor_fp_v4__cal_sigmoid__thr_kappa.csv,confirmed_models__results_full_coverage_descriptor_fp_meta_v4__summaries__external_metrics__meta_lgbm_knn_lgbm_descriptor_fp_v4__cal_sigmoid__thr_kappa.csv,confirmed_models,0,,,,,,,,,,,,,,,
0.7450331125827815,0.7664233576642335,0.7,0.7317073170731707,0.4897529293017949,0.8388377192982456,0.7894736842105263,0.7,0.4915803510865819,105.0,32.0,120.0,45.0,confirmed_models/results_full_coverage_descriptor_fp_meta_v4/summaries/external_metrics__meta_logreg_knn_lgbm_descriptor_fp_v4__cal_isotonic__thr_f1.csv,confirmed_models__results_full_coverage_descriptor_fp_meta_v4__summaries__external_metrics__meta_logreg_knn_lgbm_descriptor_fp_v4__cal_isotonic__thr_f1.csv,confirmed_models,0,,,,,,,,,,,,,,,
0.7450331125827815,0.7664233576642335,0.7,0.7317073170731707,0.4897529293017949,0.8388377192982456,0.7894736842105263,0.7,0.4915803510865819,105.0,32.0,120.0,45.0,confirmed_models/results_full_coverage_descriptor_fp_meta_v4/summaries/external_metrics__meta_logreg_knn_lgbm_descriptor_fp_v4__cal_isotonic__thr_kappa.csv,confirmed_models__results_full_coverage_descriptor_fp_meta_v4__summaries__external_metrics__meta_logreg_knn_lgbm_descriptor_fp_v4__cal_isotonic__thr_kappa.csv,confirmed_models,0,,,,,,,,,,,,,,,
0.7516556291390728,0.7218934911242604,0.8133333333333334,0.7648902821316614,0.5037030544721504,0.8446929824561402,0.6907894736842105,0.8133333333333334,0.5077320709256066,122.0,47.0,105.0,28.0,confirmed_models/results_full_coverage_descriptor_fp_meta_v4/summaries/external_metrics__meta_logreg_knn_lgbm_descriptor_fp_v4__cal_none__thr_f1.csv,confirmed_models__results_full_coverage_descriptor_fp_meta_v4__summaries__external_metrics__meta_logreg_knn_lgbm_descriptor_fp_v4__cal_none__thr_f1.csv,confirmed_models,0,,,,,,,,,,,,,,,
0.7715231788079471,0.7547169811320755,0.8,0.7766990291262136,0.5432066289622517,0.8446929824561402,0.743421052631579,0.8,0.5441733911996474,120.0,39.0,113.0,30.0,confirmed_models/results_full_coverage_descriptor_fp_meta_v4/summaries/external_metrics__meta_logreg_knn_lgbm_descriptor_fp_v4__cal_none__thr_kappa.csv,confirmed_models__results_full_coverage_descriptor_fp_meta_v4__summaries__external_metrics__meta_logreg_knn_lgbm_descriptor_fp_v4__cal_none__thr_kappa.csv,confirmed_models,0,,,,,,,,,,,,,,,
0.7483443708609272,0.7202380952380952,0.8066666666666666,0.7610062893081762,0.4970637216232798,0.8446929824561402,0.6907894736842105,0.8066666666666666,0.500628050109725,121.0,47.0,105.0,29.0,confirmed_models/results_full_coverage_descriptor_fp_meta_v4/summaries/external_metrics__meta_logreg_knn_lgbm_descriptor_fp_v4__cal_sigmoid__thr_f1.csv,confirmed_models__results_full_coverage_descriptor_fp_meta_v4__summaries__external_metrics__meta_logreg_knn_lgbm_descriptor_fp_v4__cal_sigmoid__thr_f1.csv,confirmed_models,0,,,,,,,,,,,,,,,
0.7682119205298014,0.7702702702702703,0.76,0.7651006711409396,0.5363628388455128,0.8446929824561402,0.7763157894736842,0.76,0.5364099047309628,114.0,34.0,118.0,36.0,confirmed_models/results_full_coverage_descriptor_fp_meta_v4/summaries/external_metrics__meta_logreg_knn_lgbm_descriptor_fp_v4__cal_sigmoid__thr_kappa.csv,confirmed_models__results_full_coverage_descriptor_fp_meta_v4__summaries__external_metrics__meta_logreg_knn_lgbm_descriptor_fp_v4__cal_sigmoid__thr_kappa.csv,confirmed_models,0,,,,,,,,,,,,,,,
0.7615894039735099,0.8305084745762712,0.6533333333333333,0.7313432835820896,0.522487702037948,0.8516008771929825,0.868421052631579,0.6533333333333333,0.5346672916149384,98.0,20.0,132.0,52.0,confirmed_models/results_full_coverage_improvements/baseline/external_metrics.csv,confirmed_models__results_full_coverage_improvements__baseline__external_metrics.csv,confirmed_models,0,,,,,,,,,,,,,,,
,,,,,,,,,,,,,confirmed_models/results_full_coverage_improvements/baseline/internal_summary.csv,confirmed_models__results_full_coverage_improvements__baseline__internal_summary.csv,confirmed_models,0,auroc,0.8817071086807929,0.00163122719515,,,,,,,,,,,,
,,,,,,,,,,,,,confirmed_models/results_full_coverage_improvements/baseline/internal_summary.csv,confirmed_models__results_full_coverage_improvements__baseline__internal_summary.csv,confirmed_models,1,accuracy,0.7973856209150327,0.0092432258978634,,,,,,,,,,,,
,,,,,,,,,,,,,confirmed_models/results_full_coverage_improvements/baseline/internal_summary.csv,confirmed_models__results_full_coverage_improvements__baseline__internal_summary.csv,confirmed_models,2,f1,0.7727564102564102,0.0267431410833373,,,,,,,,,,,,
,,,,,,,,,,,,,confirmed_models/results_full_coverage_improvements/baseline/internal_summary.csv,confirmed_models__results_full_coverage_improvements__baseline__internal_summary.csv,confirmed_models,3,kappa,0.5953493458580013,0.0181186620545438,,,,,,,,,,,,
0.7781456953642384,0.7677419354838709,0.7933333333333333,0.780327868852459,0.556369217276913,0.8500657894736843,0.7631578947368421,0.7933333333333333,0.5566743747685913,119.0,36.0,116.0,31.0,confirmed_models/results_full_coverage_improvements/experiments/blend_hybrid_stacking/external_metrics__blend_hybrid_stacking__cal_isotonic__thr_f1.csv,confirmed_models__results_full_coverage_improvements__experiments__blend_hybrid_stacking__external_metrics__blend_hybrid_stacking__cal_isotonic__thr_f1.csv,confirmed_models,0,,,,,,,,,,,,,,,
0.7450331125827815,0.8543689320388349,0.5866666666666667,0.6956521739130435,0.4889904627961148,0.8500657894736843,0.9013157894736842,0.5866666666666667,0.514667188411517,88.0,15.0,137.0,62.0,confirmed_models/results_full_coverage_improvements/experiments/blend_hybrid_stacking/external_metrics__blend_hybrid_stacking__cal_isotonic__thr_kappa.csv,confirmed_models__results_full_coverage_improvements__experiments__blend_hybrid_stacking__external_metrics__blend_hybrid_stacking__cal_isotonic__thr_kappa.csv,confirmed_models,0,,,,,,,,,,,,,,,
0.7781456953642384,0.7677419354838709,0.7933333333333333,0.780327868852459,0.556369217276913,0.851140350877193,0.7631578947368421,0.7933333333333333,0.5566743747685913,119.0,36.0,116.0,31.0,confirmed_models/results_full_coverage_improvements/experiments/blend_hybrid_stacking/external_metrics__blend_hybrid_stacking__cal_none__thr_f1.csv,confirmed_models__results_full_coverage_improvements__experiments__blend_hybrid_stacking__external_metrics__blend_hybrid_stacking__cal_none__thr_f1.csv,confirmed_models,0,,,,,,,,,,,,,,,
0.7781456953642384,0.7677419354838709,0.7933333333333333,0.780327868852459,0.556369217276913,0.851140350877193,0.7631578947368421,0.7933333333333333,0.5566743747685913,119.0,36.0,116.0,31.0,confirmed_models/results_full_coverage_improvements/experiments/blend_hybrid_stacking/external_metrics__blend_hybrid_stacking__cal_none__thr_kappa.csv,confirmed_models__results_full_coverage_improvements__experiments__blend_hybrid_stacking__external_metrics__blend_hybrid_stacking__cal_none__thr_kappa.csv,confirmed_models,0,,,,,,,,,,,,,,,
0.7781456953642384,0.7677419354838709,0.7933333333333333,0.780327868852459,0.556369217276913,0.851140350877193,0.7631578947368421,0.7933333333333333,0.5566743747685913,119.0,36.0,116.0,31.0,confirmed_models/results_full_coverage_improvements/experiments/blend_hybrid_stacking/external_metrics__blend_hybrid_stacking__cal_sigmoid__thr_f1.csv,confirmed_models__results_full_coverage_improvements__experiments__blend_hybrid_stacking__external_metrics__blend_hybrid_stacking__cal_sigmoid__thr_f1.csv,confirmed_models,0,,,,,,,,,,,,,,,
0.7781456953642384,0.7677419354838709,0.7933333333333333,0.780327868852459,0.556369217276913,0.851140350877193,0.7631578947368421,0.7933333333333333,0.5566743747685913,119.0,36.0,116.0,31.0,confirmed_models/results_full_coverage_improvements/experiments/blend_hybrid_stacking/external_metrics__blend_hybrid_stacking__cal_sigmoid__thr_kappa.csv,confirmed_models__results_full_coverage_improvements__experiments__blend_hybrid_stacking__external_metrics__blend_hybrid_stacking__cal_sigmoid__thr_kappa.csv,confirmed_models,0,,,,,,,,,,,,,,,
,,,,,,,,,,,,,confirmed_models/results_full_coverage_improvements/experiments/blend_hybrid_stacking/internal_summary__blend_hybrid_stacking__cal_isotonic__thr_f1.csv,confirmed_models__results_full_coverage_improvements__experiments__blend_hybrid_stacking__internal_summary__blend_hybrid_stacking__cal_isotonic__thr_f1.csv,confirmed_models,0,auroc,0.9013585099111414,0.0064644929585579,,,,,,,,,,,,
,,,,,,,,,,,,,confirmed_models/results_full_coverage_improvements/experiments/blend_hybrid_stacking/internal_summary__blend_hybrid_stacking__cal_isotonic__thr_f1.csv,confirmed_models__results_full_coverage_improvements__experiments__blend_hybrid_stacking__internal_summary__blend_hybrid_stacking__cal_isotonic__thr_f1.csv,confirmed_models,1,accuracy,0.8071895424836601,0.0046216129489316,,,,,,,,,,,,
,,,,,,,,,,,,,confirmed_models/results_full_coverage_improvements/experiments/blend_hybrid_stacking/internal_summary__blend_hybrid_stacking__cal_isotonic__thr_f1.csv,confirmed_models__results_full_coverage_improvements__experiments__blend_hybrid_stacking__internal_summary__blend_hybrid_stacking__cal_isotonic__thr_f1.csv,confirmed_models,2,f1,0.8034766454352442,0.0167018321458606,,,,,,,,,,,,
,,,,,,,,,,,,,confirmed_models/results_full_coverage_improvements/experiments/blend_hybrid_stacking/internal_summary__blend_hybrid_stacking__cal_isotonic__thr_f1.csv,confirmed_models__results_full_coverage_improvements__experiments__blend_hybrid_stacking__internal_summary__blend_hybrid_stacking__cal_isotonic__thr_f1.csv,confirmed_models,3,kappa,0.6144814077740955,0.0089381593833584,,,,,,,,,,,,
,,,,,,,,,,,,,confirmed_models/results_full_coverage_improvements/experiments/blend_hybrid_stacking/internal_summary__blend_hybrid_stacking__cal_isotonic__thr_kappa.csv,confirmed_models__results_full_coverage_improvements__experiments__blend_hybrid_stacking__internal_summary__blend_hybrid_stacking__cal_isotonic__thr_kappa.csv,confirmed_models,0,auroc,0.9013585099111414,0.0064644929585579,,,,,,,,,,,,
,,,,,,,,,,,,,confirmed_models/results_full_coverage_improvements/experiments/blend_hybrid_stacking/internal_summary__blend_hybrid_stacking__cal_isotonic__thr_kappa.csv,confirmed_models__results_full_coverage_improvements__experiments__blend_hybrid_stacking__internal_summary__blend_hybrid_stacking__cal_isotonic__thr_kappa.csv,confirmed_models,1,accuracy,0.8104575163398693,0.0462161294893168,,,,,,,,,,,,
,,,,,,,,,,,,,confirmed_models/results_full_coverage_improvements/experiments/blend_hybrid_stacking/internal_summary__blend_hybrid_stacking__cal_isotonic__thr_kappa.csv,confirmed_models__results_full_coverage_improvements__experiments__blend_hybrid_stacking__internal_summary__blend_hybrid_stacking__cal_isotonic__thr_kappa.csv,confirmed_models,2,f1,0.7746679316888045,0.0691005678009623,,,,,,,,,,,,
,,,,,,,,,,,,,confirmed_models/results_full_coverage_improvements/experiments/blend_hybrid_stacking/internal_summary__blend_hybrid_stacking__cal_isotonic__thr_kappa.csv,confirmed_models__results_full_coverage_improvements__experiments__blend_hybrid_stacking__internal_summary__blend_hybrid_stacking__cal_isotonic__thr_kappa.csv,confirmed_models,3,kappa,0.6217078964768923,0.0919733509784593,,,,,,,,,,,,
,,,,,,,,,,,,,confirmed_models/results_full_coverage_improvements/experiments/blend_hybrid_stacking/internal_summary__blend_hybrid_stacking__cal_none__thr_f1.csv,confirmed_models__results_full_coverage_improvements__experiments__blend_hybrid_stacking__internal_summary__blend_hybrid_stacking__cal_none__thr_f1.csv,confirmed_models,0,auroc,0.9063995215311004,0.0038061967886835,,,,,,,,,,,,
,,,,,,,,,,,,,confirmed_models/results_full_coverage_improvements/experiments/blend_hybrid_stacking/internal_summary__blend_hybrid_stacking__cal_none__thr_f1.csv,confirmed_models__results_full_coverage_improvements__experiments__blend_hybrid_stacking__internal_summary__blend_hybrid_stacking__cal_none__thr_f1.csv,confirmed_models,1,accuracy,0.8071895424836601,0.0046216129489316,,,,,,,,,,,,
,,,,,,,,,,,,,confirmed_models/results_full_coverage_improvements/experiments/blend_hybrid_stacking/internal_summary__blend_hybrid_stacking__cal_none__thr_f1.csv,confirmed_models__results_full_coverage_improvements__experiments__blend_hybrid_stacking__internal_summary__blend_hybrid_stacking__cal_none__thr_f1.csv,confirmed_models,2,f1,0.8034766454352442,0.0167018321458606,,,,,,,,,,,,
,,,,,,,,,,,,,confirmed_models/results_full_coverage_improvements/experiments/blend_hybrid_stacking/internal_summary__blend_hybrid_stacking__cal_none__thr_f1.csv,confirmed_models__results_full_coverage_improvements__experiments__blend_hybrid_stacking__internal_summary__blend_hybrid_stacking__cal_none__thr_f1.csv,confirmed_models,3,kappa,0.6144814077740955,0.0089381593833584,,,,,,,,,,,,
,,,,,,,,,,,,,confirmed_models/results_full_coverage_improvements/experiments/blend_hybrid_stacking/internal_summary__blend_hybrid_stacking__cal_none__thr_kappa.csv,confirmed_models__results_full_coverage_improvements__experiments__blend_hybrid_stacking__internal_summary__blend_hybrid_stacking__cal_none__thr_kappa.csv,confirmed_models,0,auroc,0.9063995215311004,0.0038061967886835,,,,,,,,,,,,
,,,,,,,,,,,,,confirmed_models/results_full_coverage_improvements/experiments/blend_hybrid_stacking/internal_summary__blend_hybrid_stacking__cal_none__thr_kappa.csv,confirmed_models__results_full_coverage_improvements__experiments__blend_hybrid_stacking__internal_summary__blend_hybrid_stacking__cal_none__thr_kappa.csv,confirmed_models,1,accuracy,0.8071895424836601,0.0046216129489316,,,,,,,,,,,,
,,,,,,,,,,,,,confirmed_models/results_full_coverage_improvements/experiments/blend_hybrid_stacking/internal_summary__blend_hybrid_stacking__cal_none__thr_kappa.csv,confirmed_models__results_full_coverage_improvements__experiments__blend_hybrid_stacking__internal_summary__blend_hybrid_stacking__cal_none__thr_kappa.csv,confirmed_models,2,f1,0.8034766454352442,0.0167018321458606,,,,,,,,,,,,
,,,,,,,,,,,,,confirmed_models/results_full_coverage_improvements/experiments/blend_hybrid_stacking/internal_summary__blend_hybrid_stacking__cal_none__thr_kappa.csv,confirmed_models__results_full_coverage_improvements__experiments__blend_hybrid_stacking__internal_summary__blend_hybrid_stacking__cal_none__thr_kappa.csv,confirmed_models,3,kappa,0.6144814077740955,0.0089381593833584,,,,,,,,,,,,
,,,,,,,,,,,,,confirmed_models/results_full_coverage_improvements/experiments/blend_hybrid_stacking/internal_summary__blend_hybrid_stacking__cal_sigmoid__thr_f1.csv,confirmed_models__results_full_coverage_improvements__experiments__blend_hybrid_stacking__internal_summary__blend_hybrid_stacking__cal_sigmoid__thr_f1.csv,confirmed_models,0,auroc,0.9063995215311004,0.0038061967886835,,,,,,,,,,,,
,,,,,,,,,,,,,confirmed_models/results_full_coverage_improvements/experiments/blend_hybrid_stacking/internal_summary__blend_hybrid_stacking__cal_sigmoid__thr_f1.csv,confirmed_models__results_full_coverage_improvements__experiments__blend_hybrid_stacking__internal_summary__blend_hybrid_stacking__cal_sigmoid__thr_f1.csv,confirmed_models,1,accuracy,0.8071895424836601,0.0046216129489316,,,,,,,,,,,,
,,,,,,,,,,,,,confirmed_models/results_full_coverage_improvements/experiments/blend_hybrid_stacking/internal_summary__blend_hybrid_stacking__cal_sigmoid__thr_f1.csv,confirmed_models__results_full_coverage_improvements__experiments__blend_hybrid_stacking__internal_summary__blend_hybrid_stacking__cal_sigmoid__thr_f1.csv,confirmed_models,2,f1,0.8034766454352442,0.0167018321458606,,,,,,,,,,,,
,,,,,,,,,,,,,confirmed_models/results_full_coverage_improvements/experiments/blend_hybrid_stacking/internal_summary__blend_hybrid_stacking__cal_sigmoid__thr_f1.csv,confirmed_models__results_full_coverage_improvements__experiments__blend_hybrid_stacking__internal_summary__blend_hybrid_stacking__cal_sigmoid__thr_f1.csv,confirmed_models,3,kappa,0.6144814077740955,0.0089381593833584,,,,,,,,,,,,
,,,,,,,,,,,,,confirmed_models/results_full_coverage_improvements/experiments/blend_hybrid_stacking/internal_summary__blend_hybrid_stacking__cal_sigmoid__thr_kappa.csv,confirmed_models__results_full_coverage_improvements__experiments__blend_hybrid_stacking__internal_summary__blend_hybrid_stacking__cal_sigmoid__thr_kappa.csv,confirmed_models,0,auroc,0.9063995215311004,0.0038061967886835,,,,,,,,,,,,
,,,,,,,,,,,,,confirmed_models/results_full_coverage_improvements/experiments/blend_hybrid_stacking/internal_summary__blend_hybrid_stacking__cal_sigmoid__thr_kappa.csv,confirmed_models__results_full_coverage_improvements__experiments__blend_hybrid_stacking__internal_summary__blend_hybrid_stacking__cal_sigmoid__thr_kappa.csv,confirmed_models,1,accuracy,0.8071895424836601,0.0046216129489316,,,,,,,,,,,,
,,,,,,,,,,,,,confirmed_models/results_full_coverage_improvements/experiments/blend_hybrid_stacking/internal_summary__blend_hybrid_stacking__cal_sigmoid__thr_kappa.csv,confirmed_models__results_full_coverage_improvements__experiments__blend_hybrid_stacking__internal_summary__blend_hybrid_stacking__cal_sigmoid__thr_kappa.csv,confirmed_models,2,f1,0.8034766454352442,0.0167018321458606,,,,,,,,,,,,
,,,,,,,,,,,,,confirmed_models/results_full_coverage_improvements/experiments/blend_hybrid_stacking/internal_summary__blend_hybrid_stacking__cal_sigmoid__thr_kappa.csv,confirmed_models__results_full_coverage_improvements__experiments__blend_hybrid_stacking__internal_summary__blend_hybrid_stacking__cal_sigmoid__thr_kappa.csv,confirmed_models,3,kappa,0.6144814077740955,0.0089381593833584,,,,,,,,,,,,
0.7715231788079471,0.8347107438016529,0.6733333333333333,0.7453874538745388,0.5424443370954284,0.8528947368421052,0.868421052631579,0.6733333333333333,0.5527616275538382,101.0,20.0,132.0,49.0,confirmed_models/results_full_coverage_improvements/experiments/blend_inverse_hybrid_logreg/external_metrics__blend_inverse_hybrid_logreg__cal_isotonic__thr_f1.csv,confirmed_models__results_full_coverage_improvements__experiments__blend_inverse_hybrid_logreg__external_metrics__blend_inverse_hybrid_logreg__cal_isotonic__thr_f1.csv,confirmed_models,0,,,,,,,,,,,,,,,
0.7715231788079471,0.8347107438016529,0.6733333333333333,0.7453874538745388,0.5424443370954284,0.8528947368421052,0.868421052631579,0.6733333333333333,0.5527616275538382,101.0,20.0,132.0,49.0,confirmed_models/results_full_coverage_improvements/experiments/blend_inverse_hybrid_logreg/external_metrics__blend_inverse_hybrid_logreg__cal_isotonic__thr_kappa.csv,confirmed_models__results_full_coverage_improvements__experiments__blend_inverse_hybrid_logreg__external_metrics__blend_inverse_hybrid_logreg__cal_isotonic__thr_kappa.csv,confirmed_models,0,,,,,,,,,,,,,,,
0.7781456953642384,0.7985611510791367,0.74,0.7681660899653979,0.5560577471587169,0.8588157894736843,0.8157894736842105,0.74,0.5575406517406561,111.0,28.0,124.0,39.0,confirmed_models/results_full_coverage_improvements/experiments/blend_inverse_hybrid_logreg/external_metrics__blend_inverse_hybrid_logreg__cal_none__thr_f1.csv,confirmed_models__results_full_coverage_improvements__experiments__blend_inverse_hybrid_logreg__external_metrics__blend_inverse_hybrid_logreg__cal_none__thr_f1.csv,confirmed_models,0,,,,,,,,,,,,,,,
0.7781456953642384,0.7985611510791367,0.74,0.7681660899653979,0.5560577471587169,0.8588157894736843,0.8157894736842105,0.74,0.5575406517406561,111.0,28.0,124.0,39.0,confirmed_models/results_full_coverage_improvements/experiments/blend_inverse_hybrid_logreg/external_metrics__blend_inverse_hybrid_logreg__cal_none__thr_kappa.csv,confirmed_models__results_full_coverage_improvements__experiments__blend_inverse_hybrid_logreg__external_metrics__blend_inverse_hybrid_logreg__cal_none__thr_kappa.csv,confirmed_models,0,,,,,,,,,,,,,,,
0.7682119205298014,0.7985074626865671,0.7133333333333334,0.7535211267605634,0.5360779494382022,0.8588157894736843,0.8223684210526315,0.7133333333333334,0.5391175281290937,107.0,27.0,125.0,43.0,confirmed_models/results_full_coverage_improvements/experiments/blend_inverse_hybrid_logreg/external_metrics__blend_inverse_hybrid_logreg__cal_sigmoid__thr_f1.csv,confirmed_models__results_full_coverage_improvements__experiments__blend_inverse_hybrid_logreg__external_metrics__blend_inverse_hybrid_logreg__cal_sigmoid__thr_f1.csv,confirmed_models,0,,,,,,,,,,,,,,,
0.7682119205298014,0.7985074626865671,0.7133333333333334,0.7535211267605634,0.5360779494382022,0.8588157894736843,0.8223684210526315,0.7133333333333334,0.5391175281290937,107.0,27.0,125.0,43.0,confirmed_models/results_full_coverage_improvements/experiments/blend_inverse_hybrid_logreg/external_metrics__blend_inverse_hybrid_logreg__cal_sigmoid__thr_kappa.csv,confirmed_models__results_full_coverage_improvements__experiments__blend_inverse_hybrid_logreg__external_metrics__blend_inverse_hybrid_logreg__cal_sigmoid__thr_kappa.csv,confirmed_models,0,,,,,,,,,,,,,,,
,,,,,,,,,,,,,confirmed_models/results_full_coverage_improvements/experiments/blend_inverse_hybrid_logreg/internal_summary__blend_inverse_hybrid_logreg__cal_isotonic__thr_f1.csv,confirmed_models__results_full_coverage_improvements__experiments__blend_inverse_hybrid_logreg__internal_summary__blend_inverse_hybrid_logreg__cal_isotonic__thr_f1.csv,confirmed_models,0,auroc,0.8826469583048531,0.0005437423983833,,,,,,,,,,,,
,,,,,,,,,,,,,confirmed_models/results_full_coverage_improvements/experiments/blend_inverse_hybrid_logreg/internal_summary__blend_inverse_hybrid_logreg__cal_isotonic__thr_f1.csv,confirmed_models__results_full_coverage_improvements__experiments__blend_inverse_hybrid_logreg__internal_summary__blend_inverse_hybrid_logreg__cal_isotonic__thr_f1.csv,confirmed_models,1,accuracy,0.8006535947712419,0.0231080647446584,,,,,,,,,,,,
,,,,,,,,,,,,,confirmed_models/results_full_coverage_improvements/experiments/blend_inverse_hybrid_logreg/internal_summary__blend_inverse_hybrid_logreg__cal_isotonic__thr_f1.csv,confirmed_models__results_full_coverage_improvements__experiments__blend_inverse_hybrid_logreg__internal_summary__blend_inverse_hybrid_logreg__cal_isotonic__thr_f1.csv,confirmed_models,2,f1,0.7768235793044953,0.040633150488031,,,,,,,,,,,,
,,,,,,,,,,,,,confirmed_models/results_full_coverage_improvements/experiments/blend_inverse_hybrid_logreg/internal_summary__blend_inverse_hybrid_logreg__cal_isotonic__thr_f1.csv,confirmed_models__results_full_coverage_improvements__experiments__blend_inverse_hybrid_logreg__internal_summary__blend_inverse_hybrid_logreg__cal_isotonic__thr_f1.csv,confirmed_models,3,kappa,0.6018694333128354,0.0458407846851398,,,,,,,,,,,,
,,,,,,,,,,,,,confirmed_models/results_full_coverage_improvements/experiments/blend_inverse_hybrid_logreg/internal_summary__blend_inverse_hybrid_logreg__cal_isotonic__thr_kappa.csv,confirmed_models__results_full_coverage_improvements__experiments__blend_inverse_hybrid_logreg__internal_summary__blend_inverse_hybrid_logreg__cal_isotonic__thr_kappa.csv,confirmed_models,0,auroc,0.8826469583048531,0.0005437423983833,,,,,,,,,,,,
,,,,,,,,,,,,,confirmed_models/results_full_coverage_improvements/experiments/blend_inverse_hybrid_logreg/internal_summary__blend_inverse_hybrid_logreg__cal_isotonic__thr_kappa.csv,confirmed_models__results_full_coverage_improvements__experiments__blend_inverse_hybrid_logreg__internal_summary__blend_inverse_hybrid_logreg__cal_isotonic__thr_kappa.csv,confirmed_models,1,accuracy,0.8006535947712419,0.0231080647446584,,,,,,,,,,,,
,,,,,,,,,,,,,confirmed_models/results_full_coverage_improvements/experiments/blend_inverse_hybrid_logreg/internal_summary__blend_inverse_hybrid_logreg__cal_isotonic__thr_kappa.csv,confirmed_models__results_full_coverage_improvements__experiments__blend_inverse_hybrid_logreg__internal_summary__blend_inverse_hybrid_logreg__cal_isotonic__thr_kappa.csv,confirmed_models,2,f1,0.7768235793044953,0.040633150488031,,,,,,,,,,,,
,,,,,,,,,,,,,confirmed_models/results_full_coverage_improvements/experiments/blend_inverse_hybrid_logreg/internal_summary__blend_inverse_hybrid_logreg__cal_isotonic__thr_kappa.csv,confirmed_models__results_full_coverage_improvements__experiments__blend_inverse_hybrid_logreg__internal_summary__blend_inverse_hybrid_logreg__cal_isotonic__thr_kappa.csv,confirmed_models,3,kappa,0.6018694333128354,0.0458407846851398,,,,,,,,,,,,
,,,,,,,,,,,,,confirmed_models/results_full_coverage_improvements/experiments/blend_inverse_hybrid_logreg/internal_summary__blend_inverse_hybrid_logreg__cal_none__thr_f1.csv,confirmed_models__results_full_coverage_improvements__experiments__blend_inverse_hybrid_logreg__internal_summary__blend_inverse_hybrid_logreg__cal_none__thr_f1.csv,confirmed_models,0,auroc,0.8958048530416951,0.0013895639069797,,,,,,,,,,,,
,,,,,,,,,,,,,confirmed_models/results_full_coverage_improvements/experiments/blend_inverse_hybrid_logreg/internal_summary__blend_inverse_hybrid_logreg__cal_none__thr_f1.csv,confirmed_models__results_full_coverage_improvements__experiments__blend_inverse_hybrid_logreg__internal_summary__blend_inverse_hybrid_logreg__cal_none__thr_f1.csv,confirmed_models,1,accuracy,0.7973856209150327,0.02772967769359,,,,,,,,,,,,
,,,,,,,,,,,,,confirmed_models/results_full_coverage_improvements/experiments/blend_inverse_hybrid_logreg/internal_summary__blend_inverse_hybrid_logreg__cal_none__thr_f1.csv,confirmed_models__results_full_coverage_improvements__experiments__blend_inverse_hybrid_logreg__internal_summary__blend_inverse_hybrid_logreg__cal_none__thr_f1.csv,confirmed_models,2,f1,0.7847063310450038,0.0439582018815435,,,,,,,,,,,,
,,,,,,,,,,,,,confirmed_models/results_full_coverage_improvements/experiments/blend_inverse_hybrid_logreg/internal_summary__blend_inverse_hybrid_logreg__cal_none__thr_f1.csv,confirmed_models__results_full_coverage_improvements__experiments__blend_inverse_hybrid_logreg__internal_summary__blend_inverse_hybrid_logreg__cal_none__thr_f1.csv,confirmed_models,3,kappa,0.5950885867578191,0.0550768894940735,,,,,,,,,,,,
,,,,,,,,,,,,,confirmed_models/results_full_coverage_improvements/experiments/blend_inverse_hybrid_logreg/internal_summary__blend_inverse_hybrid_logreg__cal_none__thr_kappa.csv,confirmed_models__results_full_coverage_improvements__experiments__blend_inverse_hybrid_logreg__internal_summary__blend_inverse_hybrid_logreg__cal_none__thr_kappa.csv,confirmed_models,0,auroc,0.8958048530416951,0.0013895639069797,,,,,,,,,,,,
,,,,,,,,,,,,,confirmed_models/results_full_coverage_improvements/experiments/blend_inverse_hybrid_logreg/internal_summary__blend_inverse_hybrid_logreg__cal_none__thr_kappa.csv,confirmed_models__results_full_coverage_improvements__experiments__blend_inverse_hybrid_logreg__internal_summary__blend_inverse_hybrid_logreg__cal_none__thr_kappa.csv,confirmed_models,1,accuracy,0.7973856209150327,0.02772967769359,,,,,,,,,,,,
,,,,,,,,,,,,,confirmed_models/results_full_coverage_improvements/experiments/blend_inverse_hybrid_logreg/internal_summary__blend_inverse_hybrid_logreg__cal_none__thr_kappa.csv,confirmed_models__results_full_coverage_improvements__experiments__blend_inverse_hybrid_logreg__internal_summary__blend_inverse_hybrid_logreg__cal_none__thr_kappa.csv,confirmed_models,2,f1,0.7847063310450038,0.0439582018815435,,,,,,,,,,,,
,,,,,,,,,,,,,confirmed_models/results_full_coverage_improvements/experiments/blend_inverse_hybrid_logreg/internal_summary__blend_inverse_hybrid_logreg__cal_none__thr_kappa.csv,confirmed_models__results_full_coverage_improvements__experiments__blend_inverse_hybrid_logreg__internal_summary__blend_inverse_hybrid_logreg__cal_none__thr_kappa.csv,confirmed_models,3,kappa,0.5950885867578191,0.0550768894940735,,,,,,,,,,,,
,,,,,,,,,,,,,confirmed_models/results_full_coverage_improvements/experiments/blend_inverse_hybrid_logreg/internal_summary__blend_inverse_hybrid_logreg__cal_sigmoid__thr_f1.csv,confirmed_models__results_full_coverage_improvements__experiments__blend_inverse_hybrid_logreg__internal_summary__blend_inverse_hybrid_logreg__cal_sigmoid__thr_f1.csv,confirmed_models,0,auroc,0.8958048530416951,0.0013895639069797,,,,,,,,,,,,
,,,,,,,,,,,,,confirmed_models/results_full_coverage_improvements/experiments/blend_inverse_hybrid_logreg/internal_summary__blend_inverse_hybrid_logreg__cal_sigmoid__thr_f1.csv,confirmed_models__results_full_coverage_improvements__experiments__blend_inverse_hybrid_logreg__internal_summary__blend_inverse_hybrid_logreg__cal_sigmoid__thr_f1.csv,confirmed_models,1,accuracy,0.8006535947712419,0.0323512906425217,,,,,,,,,,,,
,,,,,,,,,,,,,confirmed_models/results_full_coverage_improvements/experiments/blend_inverse_hybrid_logreg/internal_summary__blend_inverse_hybrid_logreg__cal_sigmoid__thr_f1.csv,confirmed_models__results_full_coverage_improvements__experiments__blend_inverse_hybrid_logreg__internal_summary__blend_inverse_hybrid_logreg__cal_sigmoid__thr_f1.csv,confirmed_models,2,f1,0.7837303548482752,0.0529788415675993,,,,,,,,,,,,
,,,,,,,,,,,,,confirmed_models/results_full_coverage_improvements/experiments/blend_inverse_hybrid_logreg/internal_summary__blend_inverse_hybrid_logreg__cal_sigmoid__thr_f1.csv,confirmed_models__results_full_coverage_improvements__experiments__blend_inverse_hybrid_logreg__internal_summary__blend_inverse_hybrid_logreg__cal_sigmoid__thr_f1.csv,confirmed_models,3,kappa,0.6017144865781603,0.064233165128691,,,,,,,,,,,,
,,,,,,,,,,,,,confirmed_models/results_full_coverage_improvements/experiments/blend_inverse_hybrid_logreg/internal_summary__blend_inverse_hybrid_logreg__cal_sigmoid__thr_kappa.csv,confirmed_models__results_full_coverage_improvements__experiments__blend_inverse_hybrid_logreg__internal_summary__blend_inverse_hybrid_logreg__cal_sigmoid__thr_kappa.csv,confirmed_models,0,auroc,0.8958048530416951,0.0013895639069797,,,,,,,,,,,,
,,,,,,,,,,,,,confirmed_models/results_full_coverage_improvements/experiments/blend_inverse_hybrid_logreg/internal_summary__blend_inverse_hybrid_logreg__cal_sigmoid__thr_kappa.csv,confirmed_models__results_full_coverage_improvements__experiments__blend_inverse_hybrid_logreg__internal_summary__blend_inverse_hybrid_logreg__cal_sigmoid__thr_kappa.csv,confirmed_models,1,accuracy,0.8006535947712419,0.0323512906425217,,,,,,,,,,,,
,,,,,,,,,,,,,confirmed_models/results_full_coverage_improvements/experiments/blend_inverse_hybrid_logreg/internal_summary__blend_inverse_hybrid_logreg__cal_sigmoid__thr_kappa.csv,confirmed_models__results_full_coverage_improvements__experiments__blend_inverse_hybrid_logreg__internal_summary__blend_inverse_hybrid_logreg__cal_sigmoid__thr_kappa.csv,confirmed_models,2,f1,0.7837303548482752,0.0529788415675993,,,,,,,,,,,,
,,,,,,,,,,,,,confirmed_models/results_full_coverage_improvements/experiments/blend_inverse_hybrid_logreg/internal_summary__blend_inverse_hybrid_logreg__cal_sigmoid__thr_kappa.csv,confirmed_models__results_full_coverage_improvements__experiments__blend_inverse_hybrid_logreg__internal_summary__blend_inverse_hybrid_logreg__cal_sigmoid__thr_kappa.csv,confirmed_models,3,kappa,0.6017144865781603,0.064233165128691,,,,,,,,,,,,
0.7814569536423841,0.7727272727272727,0.7933333333333333,0.7828947368421053,0.5629714085248202,0.8527412280701755,0.7697368421052632,0.7933333333333333,0.5631689856833579,119.0,35.0,117.0,31.0,confirmed_models/results_full_coverage_improvements/experiments/blend_inverse_stacking/external_metrics__blend_inverse_stacking__cal_isotonic__thr_f1.csv,confirmed_models__results_full_coverage_improvements__experiments__blend_inverse_stacking__external_metrics__blend_inverse_stacking__cal_isotonic__thr_f1.csv,confirmed_models,0,,,,,,,,,,,,,,,
0.7417218543046358,0.8529411764705882,0.58,0.6904761904761905,0.4823312236286919,0.8527412280701755,0.9013157894736842,0.58,0.508841411486274,87.0,15.0,137.0,63.0,confirmed_models/results_full_coverage_improvements/experiments/blend_inverse_stacking/external_metrics__blend_inverse_stacking__cal_isotonic__thr_kappa.csv,confirmed_models__results_full_coverage_improvements__experiments__blend_inverse_stacking__external_metrics__blend_inverse_stacking__cal_isotonic__thr_kappa.csv,confirmed_models,0,,,,,,,,,,,,,,,
0.7781456953642384,0.7712418300653595,0.7866666666666666,0.7788778877887789,0.5563303074156909,0.853421052631579,0.7697368421052632,0.7866666666666666,0.5564401178787084,118.0,35.0,117.0,32.0,confirmed_models/results_full_coverage_improvements/experiments/blend_inverse_stacking/external_metrics__blend_inverse_stacking__cal_none__thr_f1.csv,confirmed_models__results_full_coverage_improvements__experiments__blend_inverse_stacking__external_metrics__blend_inverse_stacking__cal_none__thr_f1.csv,confirmed_models,0,,,,,,,,,,,,,,,
0.7880794701986755,0.7945205479452054,0.7733333333333333,0.7837837837837838,0.576065976487103,0.853421052631579,0.8026315789473685,0.7733333333333333,0.5762682912389424,116.0,30.0,122.0,34.0,confirmed_models/results_full_coverage_improvements/experiments/blend_inverse_stacking/external_metrics__blend_inverse_stacking__cal_none__thr_kappa.csv,confirmed_models__results_full_coverage_improvements__experiments__blend_inverse_stacking__external_metrics__blend_inverse_stacking__cal_none__thr_kappa.csv,confirmed_models,0,,,,,,,,,,,,,,,
0.7781456953642384,0.7712418300653595,0.7866666666666666,0.7788778877887789,0.5563303074156909,0.853421052631579,0.7697368421052632,0.7866666666666666,0.5564401178787084,118.0,35.0,117.0,32.0,confirmed_models/results_full_coverage_improvements/experiments/blend_inverse_stacking/external_metrics__blend_inverse_stacking__cal_sigmoid__thr_f1.csv,confirmed_models__results_full_coverage_improvements__experiments__blend_inverse_stacking__external_metrics__blend_inverse_stacking__cal_sigmoid__thr_f1.csv,confirmed_models,0,,,,,,,,,,,,,,,
0.7781456953642384,0.7712418300653595,0.7866666666666666,0.7788778877887789,0.5563303074156909,0.853421052631579,0.7697368421052632,0.7866666666666666,0.5564401178787084,118.0,35.0,117.0,32.0,confirmed_models/results_full_coverage_improvements/experiments/blend_inverse_stacking/external_metrics__blend_inverse_stacking__cal_sigmoid__thr_kappa.csv,confirmed_models__results_full_coverage_improvements__experiments__blend_inverse_stacking__external_metrics__blend_inverse_stacking__cal_sigmoid__thr_kappa.csv,confirmed_models,0,,,,,,,,,,,,,,,
,,,,,,,,,,,,,confirmed_models/results_full_coverage_improvements/experiments/blend_inverse_stacking/internal_summary__blend_inverse_stacking__cal_isotonic__thr_f1.csv,confirmed_models__results_full_coverage_improvements__experiments__blend_inverse_stacking__internal_summary__blend_inverse_stacking__cal_isotonic__thr_f1.csv,confirmed_models,0,auroc,0.9043062200956936,0.001329148084937,,,,,,,,,,,,
,,,,,,,,,,,,,confirmed_models/results_full_coverage_improvements/experiments/blend_inverse_stacking/internal_summary__blend_inverse_stacking__cal_isotonic__thr_f1.csv,confirmed_models__results_full_coverage_improvements__experiments__blend_inverse_stacking__internal_summary__blend_inverse_stacking__cal_isotonic__thr_f1.csv,confirmed_models,1,accuracy,0.8071895424836601,0.0046216129489316,,,,,,,,,,,,
,,,,,,,,,,,,,confirmed_models/results_full_coverage_improvements/experiments/blend_inverse_stacking/internal_summary__blend_inverse_stacking__cal_isotonic__thr_f1.csv,confirmed_models__results_full_coverage_improvements__experiments__blend_inverse_stacking__internal_summary__blend_inverse_stacking__cal_isotonic__thr_f1.csv,confirmed_models,2,f1,0.8034766454352442,0.0167018321458606,,,,,,,,,,,,
,,,,,,,,,,,,,confirmed_models/results_full_coverage_improvements/experiments/blend_inverse_stacking/internal_summary__blend_inverse_stacking__cal_isotonic__thr_f1.csv,confirmed_models__results_full_coverage_improvements__experiments__blend_inverse_stacking__internal_summary__blend_inverse_stacking__cal_isotonic__thr_f1.csv,confirmed_models,3,kappa,0.6144814077740955,0.0089381593833584,,,,,,,,,,,,
,,,,,,,,,,,,,confirmed_models/results_full_coverage_improvements/experiments/blend_inverse_stacking/internal_summary__blend_inverse_stacking__cal_isotonic__thr_kappa.csv,confirmed_models__results_full_coverage_improvements__experiments__blend_inverse_stacking__internal_summary__blend_inverse_stacking__cal_isotonic__thr_kappa.csv,confirmed_models,0,auroc,0.9043062200956936,0.001329148084937,,,,,,,,,,,,
,,,,,,,,,,,,,confirmed_models/results_full_coverage_improvements/experiments/blend_inverse_stacking/internal_summary__blend_inverse_stacking__cal_isotonic__thr_kappa.csv,confirmed_models__results_full_coverage_improvements__experiments__blend_inverse_stacking__internal_summary__blend_inverse_stacking__cal_isotonic__thr_kappa.csv,confirmed_models,1,accuracy,0.8137254901960784,0.0415945165403851,,,,,,,,,,,,
,,,,,,,,,,,,,confirmed_models/results_full_coverage_improvements/experiments/blend_inverse_stacking/internal_summary__blend_inverse_stacking__cal_isotonic__thr_kappa.csv,confirmed_models__results_full_coverage_improvements__experiments__blend_inverse_stacking__internal_summary__blend_inverse_stacking__cal_isotonic__thr_kappa.csv,confirmed_models,2,f1,0.7797647058823529,0.061892640612093,,,,,,,,,,,,
,,,,,,,,,,,,,confirmed_models/results_full_coverage_improvements/experiments/blend_inverse_stacking/internal_summary__blend_inverse_stacking__cal_isotonic__thr_kappa.csv,confirmed_models__results_full_coverage_improvements__experiments__blend_inverse_stacking__internal_summary__blend_inverse_stacking__cal_isotonic__thr_kappa.csv,confirmed_models,3,kappa,0.6282090757539872,0.0827792950733727,,,,,,,,,,,,
,,,,,,,,,,,,,confirmed_models/results_full_coverage_improvements/experiments/blend_inverse_stacking/internal_summary__blend_inverse_stacking__cal_none__thr_f1.csv,confirmed_models__results_full_coverage_improvements__experiments__blend_inverse_stacking__internal_summary__blend_inverse_stacking__cal_none__thr_f1.csv,confirmed_models,0,auroc,0.9075102529049898,0.0022353854155759,,,,,,,,,,,,
,,,,,,,,,,,,,confirmed_models/results_full_coverage_improvements/experiments/blend_inverse_stacking/internal_summary__blend_inverse_stacking__cal_none__thr_f1.csv,confirmed_models__results_full_coverage_improvements__experiments__blend_inverse_stacking__internal_summary__blend_inverse_stacking__cal_none__thr_f1.csv,confirmed_models,1,accuracy,0.8104575163398693,0.0092432258978633,,,,,,,,,,,,
,,,,,,,,,,,,,confirmed_models/results_full_coverage_improvements/experiments/blend_inverse_stacking/internal_summary__blend_inverse_stacking__cal_none__thr_f1.csv,confirmed_models__results_full_coverage_improvements__experiments__blend_inverse_stacking__internal_summary__blend_inverse_stacking__cal_none__thr_f1.csv,confirmed_models,2,f1,0.8060897435897436,0.0203973109957657,,,,,,,,,,,,
,,,,,,,,,,,,,confirmed_models/results_full_coverage_improvements/experiments/blend_inverse_stacking/internal_summary__blend_inverse_stacking__cal_none__thr_f1.csv,confirmed_models__results_full_coverage_improvements__experiments__blend_inverse_stacking__internal_summary__blend_inverse_stacking__cal_none__thr_f1.csv,confirmed_models,3,kappa,0.6210349541063086,0.0182062734880145,,,,,,,,,,,,
,,,,,,,,,,,,,confirmed_models/results_full_coverage_improvements/experiments/blend_inverse_stacking/internal_summary__blend_inverse_stacking__cal_none__thr_kappa.csv,confirmed_models__results_full_coverage_improvements__experiments__blend_inverse_stacking__internal_summary__blend_inverse_stacking__cal_none__thr_kappa.csv,confirmed_models,0,auroc,0.9075102529049898,0.0022353854155759,,,,,,,,,,,,
,,,,,,,,,,,,,confirmed_models/results_full_coverage_improvements/experiments/blend_inverse_stacking/internal_summary__blend_inverse_stacking__cal_none__thr_kappa.csv,confirmed_models__results_full_coverage_improvements__experiments__blend_inverse_stacking__internal_summary__blend_inverse_stacking__cal_none__thr_kappa.csv,confirmed_models,1,accuracy,0.8137254901960784,0.0046216129489316,,,,,,,,,,,,
,,,,,,,,,,,,,confirmed_models/results_full_coverage_improvements/experiments/blend_inverse_stacking/internal_summary__blend_inverse_stacking__cal_none__thr_kappa.csv,confirmed_models__results_full_coverage_improvements__experiments__blend_inverse_stacking__internal_summary__blend_inverse_stacking__cal_none__thr_kappa.csv,confirmed_models,2,f1,0.8050578574094811,0.015176797281906,,,,,,,,,,,,
,,,,,,,,,,,,,confirmed_models/results_full_coverage_improvements/experiments/blend_inverse_stacking/internal_summary__blend_inverse_stacking__cal_none__thr_kappa.csv,confirmed_models__results_full_coverage_improvements__experiments__blend_inverse_stacking__internal_summary__blend_inverse_stacking__cal_none__thr_kappa.csv,confirmed_models,3,kappa,0.6276766395884981,0.0089904232095964,,,,,,,,,,,,
,,,,,,,,,,,,,confirmed_models/results_full_coverage_improvements/experiments/blend_inverse_stacking/internal_summary__blend_inverse_stacking__cal_sigmoid__thr_f1.csv,confirmed_models__results_full_coverage_improvements__experiments__blend_inverse_stacking__internal_summary__blend_inverse_stacking__cal_sigmoid__thr_f1.csv,confirmed_models,0,auroc,0.9075102529049898,0.0022353854155759,,,,,,,,,,,,
,,,,,,,,,,,,,confirmed_models/results_full_coverage_improvements/experiments/blend_inverse_stacking/internal_summary__blend_inverse_stacking__cal_sigmoid__thr_f1.csv,confirmed_models__results_full_coverage_improvements__experiments__blend_inverse_stacking__internal_summary__blend_inverse_stacking__cal_sigmoid__thr_f1.csv,confirmed_models,1,accuracy,0.8104575163398693,0.0092432258978633,,,,,,,,,,,,
,,,,,,,,,,,,,confirmed_models/results_full_coverage_improvements/experiments/blend_inverse_stacking/internal_summary__blend_inverse_stacking__cal_sigmoid__thr_f1.csv,confirmed_models__results_full_coverage_improvements__experiments__blend_inverse_stacking__internal_summary__blend_inverse_stacking__cal_sigmoid__thr_f1.csv,confirmed_models,2,f1,0.8060897435897436,0.0203973109957657,,,,,,,,,,,,
,,,,,,,,,,,,,confirmed_models/results_full_coverage_improvements/experiments/blend_inverse_stacking/internal_summary__blend_inverse_stacking__cal_sigmoid__thr_f1.csv,confirmed_models__results_full_coverage_improvements__experiments__blend_inverse_stacking__internal_summary__blend_inverse_stacking__cal_sigmoid__thr_f1.csv,confirmed_models,3,kappa,0.6210349541063086,0.0182062734880145,,,,,,,,,,,,
,,,,,,,,,,,,,confirmed_models/results_full_coverage_improvements/experiments/blend_inverse_stacking/internal_summary__blend_inverse_stacking__cal_sigmoid__thr_kappa.csv,confirmed_models__results_full_coverage_improvements__experiments__blend_inverse_stacking__internal_summary__blend_inverse_stacking__cal_sigmoid__thr_kappa.csv,confirmed_models,0,auroc,0.9075102529049898,0.0022353854155759,,,,,,,,,,,,
,,,,,,,,,,,,,confirmed_models/results_full_coverage_improvements/experiments/blend_inverse_stacking/internal_summary__blend_inverse_stacking__cal_sigmoid__thr_kappa.csv,confirmed_models__results_full_coverage_improvements__experiments__blend_inverse_stacking__internal_summary__blend_inverse_stacking__cal_sigmoid__thr_kappa.csv,confirmed_models,1,accuracy,0.8104575163398693,0.0092432258978633,,,,,,,,,,,,
,,,,,,,,,,,,,confirmed_models/results_full_coverage_improvements/experiments/blend_inverse_stacking/internal_summary__blend_inverse_stacking__cal_sigmoid__thr_kappa.csv,confirmed_models__results_full_coverage_improvements__experiments__blend_inverse_stacking__internal_summary__blend_inverse_stacking__cal_sigmoid__thr_kappa.csv,confirmed_models,2,f1,0.8060897435897436,0.0203973109957657,,,,,,,,,,,,
,,,,,,,,,,,,,confirmed_models/results_full_coverage_improvements/experiments/blend_inverse_stacking/internal_summary__blend_inverse_stacking__cal_sigmoid__thr_kappa.csv,confirmed_models__results_full_coverage_improvements__experiments__blend_inverse_stacking__internal_summary__blend_inverse_stacking__cal_sigmoid__thr_kappa.csv,confirmed_models,3,kappa,0.6210349541063086,0.0182062734880145,,,,,,,,,,,,
0.6986754966887417,0.6832298136645962,0.7333333333333333,0.707395498392283,0.3976151856560431,0.7445394736842107,0.6644736842105263,0.7333333333333333,0.3986735003089476,110.0,51.0,101.0,40.0,confirmed_models/results_full_coverage_improvements/experiments/concat_r2_desc_logreg/external_metrics__concat_r2_desc_logreg__cal_isotonic__thr_f1.csv,confirmed_models__results_full_coverage_improvements__experiments__concat_r2_desc_logreg__external_metrics__concat_r2_desc_logreg__cal_isotonic__thr_f1.csv,confirmed_models,0,,,,,,,,,,,,,,,
0.6887417218543046,0.7545454545454545,0.5533333333333333,0.6384615384615384,0.3763620386643234,0.7445394736842107,0.8223684210526315,0.5533333333333333,0.3903585441561987,83.0,27.0,125.0,67.0,confirmed_models/results_full_coverage_improvements/experiments/concat_r2_desc_logreg/external_metrics__concat_r2_desc_logreg__cal_isotonic__thr_kappa.csv,confirmed_models__results_full_coverage_improvements__experiments__concat_r2_desc_logreg__external_metrics__concat_r2_desc_logreg__cal_isotonic__thr_kappa.csv,confirmed_models,0,,,,,,,,,,,,,,,
0.695364238410596,0.68125,0.7266666666666667,0.7032258064516129,0.3909688733011837,0.7545175438596492,0.6644736842105263,0.7266666666666667,0.3918283731343115,109.0,51.0,101.0,41.0,confirmed_models/results_full_coverage_improvements/experiments/concat_r2_desc_logreg/external_metrics__concat_r2_desc_logreg__cal_none__thr_f1.csv,confirmed_models__results_full_coverage_improvements__experiments__concat_r2_desc_logreg__external_metrics__concat_r2_desc_logreg__cal_none__thr_f1.csv,confirmed_models,0,,,,,,,,,,,,,,,
0.695364238410596,0.68125,0.7266666666666667,0.7032258064516129,0.3909688733011837,0.7545175438596492,0.6644736842105263,0.7266666666666667,0.3918283731343115,109.0,51.0,101.0,41.0,confirmed_models/results_full_coverage_improvements/experiments/concat_r2_desc_logreg/external_metrics__concat_r2_desc_logreg__cal_none__thr_kappa.csv,confirmed_models__results_full_coverage_improvements__experiments__concat_r2_desc_logreg__external_metrics__concat_r2_desc_logreg__cal_none__thr_kappa.csv,confirmed_models,0,,,,,,,,,,,,,,,
0.695364238410596,0.68125,0.7266666666666667,0.7032258064516129,0.3909688733011837,0.7545175438596492,0.6644736842105263,0.7266666666666667,0.3918283731343115,109.0,51.0,101.0,41.0,confirmed_models/results_full_coverage_improvements/experiments/concat_r2_desc_logreg/external_metrics__concat_r2_desc_logreg__cal_sigmoid__thr_f1.csv,confirmed_models__results_full_coverage_improvements__experiments__concat_r2_desc_logreg__external_metrics__concat_r2_desc_logreg__cal_sigmoid__thr_f1.csv,confirmed_models,0,,,,,,,,,,,,,,,
0.7086092715231788,0.7183098591549296,0.68,0.6986301369863014,0.416988416988417,0.7545175438596492,0.7368421052631579,0.68,0.417575337325465,102.0,40.0,112.0,48.0,confirmed_models/results_full_coverage_improvements/experiments/concat_r2_desc_logreg/external_metrics__concat_r2_desc_logreg__cal_sigmoid__thr_kappa.csv,confirmed_models__results_full_coverage_improvements__experiments__concat_r2_desc_logreg__external_metrics__concat_r2_desc_logreg__cal_sigmoid__thr_kappa.csv,confirmed_models,0,,,,,,,,,,,,,,,
,,,,,,,,,,,,,confirmed_models/results_full_coverage_improvements/experiments/concat_r2_desc_logreg/internal_summary__concat_r2_desc_logreg__cal_isotonic__thr_f1.csv,confirmed_models__results_full_coverage_improvements__experiments__concat_r2_desc_logreg__internal_summary__concat_r2_desc_logreg__cal_isotonic__thr_f1.csv,confirmed_models,0,auroc,0.8674812030075187,0.0065249087806003,,,,,,,,,,,,
,,,,,,,,,,,,,confirmed_models/results_full_coverage_improvements/experiments/concat_r2_desc_logreg/internal_summary__concat_r2_desc_logreg__cal_isotonic__thr_f1.csv,confirmed_models__results_full_coverage_improvements__experiments__concat_r2_desc_logreg__internal_summary__concat_r2_desc_logreg__cal_isotonic__thr_f1.csv,confirmed_models,1,accuracy,0.8006535947712419,0.013864838846795,,,,,,,,,,,,
,,,,,,,,,,,,,confirmed_models/results_full_coverage_improvements/experiments/concat_r2_desc_logreg/internal_summary__concat_r2_desc_logreg__cal_isotonic__thr_f1.csv,confirmed_models__results_full_coverage_improvements__experiments__concat_r2_desc_logreg__internal_summary__concat_r2_desc_logreg__cal_isotonic__thr_f1.csv,confirmed_models,2,f1,0.799931833674165,0.0313305663102424,,,,,,,,,,,,
,,,,,,,,,,,,,confirmed_models/results_full_coverage_improvements/experiments/concat_r2_desc_logreg/internal_summary__concat_r2_desc_logreg__cal_isotonic__thr_f1.csv,confirmed_models__results_full_coverage_improvements__experiments__concat_r2_desc_logreg__internal_summary__concat_r2_desc_logreg__cal_isotonic__thr_f1.csv,confirmed_models,3,kappa,0.6013228416785023,0.0272720554866685,,,,,,,,,,,,
,,,,,,,,,,,,,confirmed_models/results_full_coverage_improvements/experiments/concat_r2_desc_logreg/internal_summary__concat_r2_desc_logreg__cal_isotonic__thr_kappa.csv,confirmed_models__results_full_coverage_improvements__experiments__concat_r2_desc_logreg__internal_summary__concat_r2_desc_logreg__cal_isotonic__thr_kappa.csv,confirmed_models,0,auroc,0.8674812030075187,0.0065249087806003,,,,,,,,,,,,
,,,,,,,,,,,,,confirmed_models/results_full_coverage_improvements/experiments/concat_r2_desc_logreg/internal_summary__concat_r2_desc_logreg__cal_isotonic__thr_kappa.csv,confirmed_models__results_full_coverage_improvements__experiments__concat_r2_desc_logreg__internal_summary__concat_r2_desc_logreg__cal_isotonic__thr_kappa.csv,confirmed_models,1,accuracy,0.7843137254901961,0.0,,,,,,,,,,,,
,,,,,,,,,,,,,confirmed_models/results_full_coverage_improvements/experiments/concat_r2_desc_logreg/internal_summary__concat_r2_desc_logreg__cal_isotonic__thr_kappa.csv,confirmed_models__results_full_coverage_improvements__experiments__concat_r2_desc_logreg__internal_summary__concat_r2_desc_logreg__cal_isotonic__thr_kappa.csv,confirmed_models,2,f1,0.7546941247728649,0.0205579197437639,,,,,,,,,,,,
,,,,,,,,,,,,,confirmed_models/results_full_coverage_improvements/experiments/concat_r2_desc_logreg/internal_summary__concat_r2_desc_logreg__cal_isotonic__thr_kappa.csv,confirmed_models__results_full_coverage_improvements__experiments__concat_r2_desc_logreg__internal_summary__concat_r2_desc_logreg__cal_isotonic__thr_kappa.csv,confirmed_models,3,kappa,0.5693079969888377,0.000415655017906,,,,,,,,,,,,
,,,,,,,,,,,,,confirmed_models/results_full_coverage_improvements/experiments/concat_r2_desc_logreg/internal_summary__concat_r2_desc_logreg__cal_none__thr_f1.csv,confirmed_models__results_full_coverage_improvements__experiments__concat_r2_desc_logreg__internal_summary__concat_r2_desc_logreg__cal_none__thr_f1.csv,confirmed_models,0,auroc,0.870087149692413,0.0058603347381318,,,,,,,,,,,,
,,,,,,,,,,,,,confirmed_models/results_full_coverage_improvements/experiments/concat_r2_desc_logreg/internal_summary__concat_r2_desc_logreg__cal_none__thr_f1.csv,confirmed_models__results_full_coverage_improvements__experiments__concat_r2_desc_logreg__internal_summary__concat_r2_desc_logreg__cal_none__thr_f1.csv,confirmed_models,1,accuracy,0.803921568627451,0.0092432258978633,,,,,,,,,,,,
,,,,,,,,,,,,,confirmed_models/results_full_coverage_improvements/experiments/concat_r2_desc_logreg/internal_summary__concat_r2_desc_logreg__cal_none__thr_f1.csv,confirmed_models__results_full_coverage_improvements__experiments__concat_r2_desc_logreg__internal_summary__concat_r2_desc_logreg__cal_none__thr_f1.csv,confirmed_models,2,f1,0.8015462798071493,0.0259218226695672,,,,,,,,,,,,
,,,,,,,,,,,,,confirmed_models/results_full_coverage_improvements/experiments/concat_r2_desc_logreg/internal_summary__concat_r2_desc_logreg__cal_none__thr_f1.csv,confirmed_models__results_full_coverage_improvements__experiments__concat_r2_desc_logreg__internal_summary__concat_r2_desc_logreg__cal_none__thr_f1.csv,confirmed_models,3,kappa,0.6079032050964182,0.0180577565006871,,,,,,,,,,,,
,,,,,,,,,,,,,confirmed_models/results_full_coverage_improvements/experiments/concat_r2_desc_logreg/internal_summary__concat_r2_desc_logreg__cal_none__thr_kappa.csv,confirmed_models__results_full_coverage_improvements__experiments__concat_r2_desc_logreg__internal_summary__concat_r2_desc_logreg__cal_none__thr_kappa.csv,confirmed_models,0,auroc,0.870087149692413,0.0058603347381318,,,,,,,,,,,,
,,,,,,,,,,,,,confirmed_models/results_full_coverage_improvements/experiments/concat_r2_desc_logreg/internal_summary__concat_r2_desc_logreg__cal_none__thr_kappa.csv,confirmed_models__results_full_coverage_improvements__experiments__concat_r2_desc_logreg__internal_summary__concat_r2_desc_logreg__cal_none__thr_kappa.csv,confirmed_models,1,accuracy,0.803921568627451,0.0092432258978633,,,,,,,,,,,,
,,,,,,,,,,,,,confirmed_models/results_full_coverage_improvements/experiments/concat_r2_desc_logreg/internal_summary__concat_r2_desc_logreg__cal_none__thr_kappa.csv,confirmed_models__results_full_coverage_improvements__experiments__concat_r2_desc_logreg__internal_summary__concat_r2_desc_logreg__cal_none__thr_kappa.csv,confirmed_models,2,f1,0.8015462798071493,0.0259218226695672,,,,,,,,,,,,
,,,,,,,,,,,,,confirmed_models/results_full_coverage_improvements/experiments/concat_r2_desc_logreg/internal_summary__concat_r2_desc_logreg__cal_none__thr_kappa.csv,confirmed_models__results_full_coverage_improvements__experiments__concat_r2_desc_logreg__internal_summary__concat_r2_desc_logreg__cal_none__thr_kappa.csv,confirmed_models,3,kappa,0.6079032050964182,0.0180577565006871,,,,,,,,,,,,
,,,,,,,,,,,,,confirmed_models/results_full_coverage_improvements/experiments/concat_r2_desc_logreg/internal_summary__concat_r2_desc_logreg__cal_sigmoid__thr_f1.csv,confirmed_models__results_full_coverage_improvements__experiments__concat_r2_desc_logreg__internal_summary__concat_r2_desc_logreg__cal_sigmoid__thr_f1.csv,confirmed_models,0,auroc,0.870087149692413,0.0058603347381318,,,,,,,,,,,,
,,,,,,,,,,,,,confirmed_models/results_full_coverage_improvements/experiments/concat_r2_desc_logreg/internal_summary__concat_r2_desc_logreg__cal_sigmoid__thr_f1.csv,confirmed_models__results_full_coverage_improvements__experiments__concat_r2_desc_logreg__internal_summary__concat_r2_desc_logreg__cal_sigmoid__thr_f1.csv,confirmed_models,1,accuracy,0.8006535947712419,0.0046216129489316,,,,,,,,,,,,
,,,,,,,,,,,,,confirmed_models/results_full_coverage_improvements/experiments/concat_r2_desc_logreg/internal_summary__concat_r2_desc_logreg__cal_sigmoid__thr_f1.csv,confirmed_models__results_full_coverage_improvements__experiments__concat_r2_desc_logreg__internal_summary__concat_r2_desc_logreg__cal_sigmoid__thr_f1.csv,confirmed_models,2,f1,0.7978583916083917,0.0207063611623682,,,,,,,,,,,,
,,,,,,,,,,,,,confirmed_models/results_full_coverage_improvements/experiments/concat_r2_desc_logreg/internal_summary__concat_r2_desc_logreg__cal_sigmoid__thr_f1.csv,confirmed_models__results_full_coverage_improvements__experiments__concat_r2_desc_logreg__internal_summary__concat_r2_desc_logreg__cal_sigmoid__thr_f1.csv,confirmed_models,3,kappa,0.6013798390523435,0.0088323237688326,,,,,,,,,,,,
,,,,,,,,,,,,,confirmed_models/results_full_coverage_improvements/experiments/concat_r2_desc_logreg/internal_summary__concat_r2_desc_logreg__cal_sigmoid__thr_kappa.csv,confirmed_models__results_full_coverage_improvements__experiments__concat_r2_desc_logreg__internal_summary__concat_r2_desc_logreg__cal_sigmoid__thr_kappa.csv,confirmed_models,0,auroc,0.870087149692413,0.0058603347381318,,,,,,,,,,,,
,,,,,,,,,,,,,confirmed_models/results_full_coverage_improvements/experiments/concat_r2_desc_logreg/internal_summary__concat_r2_desc_logreg__cal_sigmoid__thr_kappa.csv,confirmed_models__results_full_coverage_improvements__experiments__concat_r2_desc_logreg__internal_summary__concat_r2_desc_logreg__cal_sigmoid__thr_kappa.csv,confirmed_models,1,accuracy,0.7973856209150327,0.0092432258978634,,,,,,,,,,,,
,,,,,,,,,,,,,confirmed_models/results_full_coverage_improvements/experiments/concat_r2_desc_logreg/internal_summary__concat_r2_desc_logreg__cal_sigmoid__thr_kappa.csv,confirmed_models__results_full_coverage_improvements__experiments__concat_r2_desc_logreg__internal_summary__concat_r2_desc_logreg__cal_sigmoid__thr_kappa.csv,confirmed_models,2,f1,0.7836687306501549,0.0268175172431431,,,,,,,,,,,,
,,,,,,,,,,,,,confirmed_models/results_full_coverage_improvements/experiments/concat_r2_desc_logreg/internal_summary__concat_r2_desc_logreg__cal_sigmoid__thr_kappa.csv,confirmed_models__results_full_coverage_improvements__experiments__concat_r2_desc_logreg__internal_summary__concat_r2_desc_logreg__cal_sigmoid__thr_kappa.csv,confirmed_models,3,kappa,0.5951086117645495,0.0180804039527777,,,,,,,,,,,,
0.6655629139072847,0.6580645161290323,0.68,0.6688524590163935,0.3312431484323613,0.7166447368421052,0.6513157894736842,0.68,0.3314248287359662,102.0,53.0,99.0,48.0,confirmed_models/results_full_coverage_improvements/experiments/descriptor_logreg/external_metrics__descriptor_logreg__cal_isotonic__thr_f1.csv,confirmed_models__results_full_coverage_improvements__experiments__descriptor_logreg__external_metrics__descriptor_logreg__cal_isotonic__thr_f1.csv,confirmed_models,0,,,,,,,,,,,,,,,
0.6887417218543046,0.7153846153846154,0.62,0.6642857142857143,0.3769095697980684,0.7166447368421052,0.756578947368421,0.62,0.3802660565935306,93.0,37.0,115.0,57.0,confirmed_models/results_full_coverage_improvements/experiments/descriptor_logreg/external_metrics__descriptor_logreg__cal_isotonic__thr_kappa.csv,confirmed_models__results_full_coverage_improvements__experiments__descriptor_logreg__external_metrics__descriptor_logreg__cal_isotonic__thr_kappa.csv,confirmed_models,0,,,,,,,,,,,,,,,
0.6721854304635762,0.6666666666666666,0.68,0.6732673267326733,0.3444283646888567,0.7180263157894736,0.6644736842105263,0.68,0.3444963491896087,102.0,51.0,101.0,48.0,confirmed_models/results_full_coverage_improvements/experiments/descriptor_logreg/external_metrics__descriptor_logreg__cal_none__thr_f1.csv,confirmed_models__results_full_coverage_improvements__experiments__descriptor_logreg__external_metrics__descriptor_logreg__cal_none__thr_f1.csv,confirmed_models,0,,,,,,,,,,,,,,,
0.6721854304635762,0.6666666666666666,0.68,0.6732673267326733,0.3444283646888567,0.7180263157894736,0.6644736842105263,0.68,0.3444963491896087,102.0,51.0,101.0,48.0,confirmed_models/results_full_coverage_improvements/experiments/descriptor_logreg/external_metrics__descriptor_logreg__cal_none__thr_kappa.csv,confirmed_models__results_full_coverage_improvements__experiments__descriptor_logreg__external_metrics__descriptor_logreg__cal_none__thr_kappa.csv,confirmed_models,0,,,,,,,,,,,,,,,
0.6721854304635762,0.6711409395973155,0.6666666666666666,0.6688963210702341,0.3443133470766262,0.7180263157894736,0.6776315789473685,0.6666666666666666,0.3443208990499654,100.0,49.0,103.0,50.0,confirmed_models/results_full_coverage_improvements/experiments/descriptor_logreg/external_metrics__descriptor_logreg__cal_sigmoid__thr_f1.csv,confirmed_models__results_full_coverage_improvements__experiments__descriptor_logreg__external_metrics__descriptor_logreg__cal_sigmoid__thr_f1.csv,confirmed_models,0,,,,,,,,,,,,,,,
0.6887417218543046,0.7153846153846154,0.62,0.6642857142857143,0.3769095697980684,0.7180263157894736,0.756578947368421,0.62,0.3802660565935306,93.0,37.0,115.0,57.0,confirmed_models/results_full_coverage_improvements/experiments/descriptor_logreg/external_metrics__descriptor_logreg__cal_sigmoid__thr_kappa.csv,confirmed_models__results_full_coverage_improvements__experiments__descriptor_logreg__external_metrics__descriptor_logreg__cal_sigmoid__thr_kappa.csv,confirmed_models,0,,,,,,,,,,,,,,,
,,,,,,,,,,,,,confirmed_models/results_full_coverage_improvements/experiments/descriptor_logreg/internal_summary__descriptor_logreg__cal_isotonic__thr_f1.csv,confirmed_models__results_full_coverage_improvements__experiments__descriptor_logreg__internal_summary__descriptor_logreg__cal_isotonic__thr_f1.csv,confirmed_models,0,auroc,0.8525290498974709,0.0020541379494482,,,,,,,,,,,,
,,,,,,,,,,,,,confirmed_models/results_full_coverage_improvements/experiments/descriptor_logreg/internal_summary__descriptor_logreg__cal_isotonic__thr_f1.csv,confirmed_models__results_full_coverage_improvements__experiments__descriptor_logreg__internal_summary__descriptor_logreg__cal_isotonic__thr_f1.csv,confirmed_models,1,accuracy,0.7941176470588236,0.0231080647446584,,,,,,,,,,,,
,,,,,,,,,,,,,confirmed_models/results_full_coverage_improvements/experiments/descriptor_logreg/internal_summary__descriptor_logreg__cal_isotonic__thr_f1.csv,confirmed_models__results_full_coverage_improvements__experiments__descriptor_logreg__internal_summary__descriptor_logreg__cal_isotonic__thr_f1.csv,confirmed_models,2,f1,0.8002904865649964,0.0143783513966763,,,,,,,,,,,,
,,,,,,,,,,,,,confirmed_models/results_full_coverage_improvements/experiments/descriptor_logreg/internal_summary__descriptor_logreg__cal_isotonic__thr_f1.csv,confirmed_models__results_full_coverage_improvements__experiments__descriptor_logreg__internal_summary__descriptor_logreg__cal_isotonic__thr_f1.csv,confirmed_models,3,kappa,0.588081892055671,0.046455973539122,,,,,,,,,,,,
,,,,,,,,,,,,,confirmed_models/results_full_coverage_improvements/experiments/descriptor_logreg/internal_summary__descriptor_logreg__cal_isotonic__thr_kappa.csv,confirmed_models__results_full_coverage_improvements__experiments__descriptor_logreg__internal_summary__descriptor_logreg__cal_isotonic__thr_kappa.csv,confirmed_models,0,auroc,0.8525290498974709,0.0020541379494482,,,,,,,,,,,,
,,,,,,,,,,,,,confirmed_models/results_full_coverage_improvements/experiments/descriptor_logreg/internal_summary__descriptor_logreg__cal_isotonic__thr_kappa.csv,confirmed_models__results_full_coverage_improvements__experiments__descriptor_logreg__internal_summary__descriptor_logreg__cal_isotonic__thr_kappa.csv,confirmed_models,1,accuracy,0.7973856209150327,0.0,,,,,,,,,,,,
,,,,,,,,,,,,,confirmed_models/results_full_coverage_improvements/experiments/descriptor_logreg/internal_summary__descriptor_logreg__cal_isotonic__thr_kappa.csv,confirmed_models__results_full_coverage_improvements__experiments__descriptor_logreg__internal_summary__descriptor_logreg__cal_isotonic__thr_kappa.csv,confirmed_models,2,f1,0.79288227695871,0.0136690723368652,,,,,,,,,,,,
,,,,,,,,,,,,,confirmed_models/results_full_coverage_improvements/experiments/descriptor_logreg/internal_summary__descriptor_logreg__cal_isotonic__thr_kappa.csv,confirmed_models__results_full_coverage_improvements__experiments__descriptor_logreg__internal_summary__descriptor_logreg__cal_isotonic__thr_kappa.csv,confirmed_models,3,kappa,0.5948922364668701,0.0003425317948306,,,,,,,,,,,,
,,,,,,,,,,,,,confirmed_models/results_full_coverage_improvements/experiments/descriptor_logreg/internal_summary__descriptor_logreg__cal_none__thr_f1.csv,confirmed_models__results_full_coverage_improvements__experiments__descriptor_logreg__internal_summary__descriptor_logreg__cal_none__thr_f1.csv,confirmed_models,0,auroc,0.8525290498974709,0.0057999189160891,,,,,,,,,,,,
,,,,,,,,,,,,,confirmed_models/results_full_coverage_improvements/experiments/descriptor_logreg/internal_summary__descriptor_logreg__cal_none__thr_f1.csv,confirmed_models__results_full_coverage_improvements__experiments__descriptor_logreg__internal_summary__descriptor_logreg__cal_none__thr_f1.csv,confirmed_models,1,accuracy,0.7908496732026145,0.0184864517957267,,,,,,,,,,,,
,,,,,,,,,,,,,confirmed_models/results_full_coverage_improvements/experiments/descriptor_logreg/internal_summary__descriptor_logreg__cal_none__thr_f1.csv,confirmed_models__results_full_coverage_improvements__experiments__descriptor_logreg__internal_summary__descriptor_logreg__cal_none__thr_f1.csv,confirmed_models,2,f1,0.796377517868746,0.0088445779972976,,,,,,,,,,,,
,,,,,,,,,,,,,confirmed_models/results_full_coverage_improvements/experiments/descriptor_logreg/internal_summary__descriptor_logreg__cal_none__thr_f1.csv,confirmed_models__results_full_coverage_improvements__experiments__descriptor_logreg__internal_summary__descriptor_logreg__cal_none__thr_f1.csv,confirmed_models,3,kappa,0.5815629730728429,0.0372368299015951,,,,,,,,,,,,
,,,,,,,,,,,,,confirmed_models/results_full_coverage_improvements/experiments/descriptor_logreg/internal_summary__descriptor_logreg__cal_none__thr_kappa.csv,confirmed_models__results_full_coverage_improvements__experiments__descriptor_logreg__internal_summary__descriptor_logreg__cal_none__thr_kappa.csv,confirmed_models,0,auroc,0.8525290498974709,0.0057999189160891,,,,,,,,,,,,
,,,,,,,,,,,,,confirmed_models/results_full_coverage_improvements/experiments/descriptor_logreg/internal_summary__descriptor_logreg__cal_none__thr_kappa.csv,confirmed_models__results_full_coverage_improvements__experiments__descriptor_logreg__internal_summary__descriptor_logreg__cal_none__thr_kappa.csv,confirmed_models,1,accuracy,0.7908496732026145,0.0184864517957267,,,,,,,,,,,,
,,,,,,,,,,,,,confirmed_models/results_full_coverage_improvements/experiments/descriptor_logreg/internal_summary__descriptor_logreg__cal_none__thr_kappa.csv,confirmed_models__results_full_coverage_improvements__experiments__descriptor_logreg__internal_summary__descriptor_logreg__cal_none__thr_kappa.csv,confirmed_models,2,f1,0.796377517868746,0.0088445779972976,,,,,,,,,,,,
,,,,,,,,,,,,,confirmed_models/results_full_coverage_improvements/experiments/descriptor_logreg/internal_summary__descriptor_logreg__cal_none__thr_kappa.csv,confirmed_models__results_full_coverage_improvements__experiments__descriptor_logreg__internal_summary__descriptor_logreg__cal_none__thr_kappa.csv,confirmed_models,3,kappa,0.5815629730728429,0.0372368299015951,,,,,,,,,,,,
,,,,,,,,,,,,,confirmed_models/results_full_coverage_improvements/experiments/descriptor_logreg/internal_summary__descriptor_logreg__cal_sigmoid__thr_f1.csv,confirmed_models__results_full_coverage_improvements__experiments__descriptor_logreg__internal_summary__descriptor_logreg__cal_sigmoid__thr_f1.csv,confirmed_models,0,auroc,0.8523581681476418,0.005679087272004,,,,,,,,,,,,
,,,,,,,,,,,,,confirmed_models/results_full_coverage_improvements/experiments/descriptor_logreg/internal_summary__descriptor_logreg__cal_sigmoid__thr_f1.csv,confirmed_models__results_full_coverage_improvements__experiments__descriptor_logreg__internal_summary__descriptor_logreg__cal_sigmoid__thr_f1.csv,confirmed_models,1,accuracy,0.7908496732026145,0.0092432258978634,,,,,,,,,,,,
,,,,,,,,,,,,,confirmed_models/results_full_coverage_improvements/experiments/descriptor_logreg/internal_summary__descriptor_logreg__cal_sigmoid__thr_f1.csv,confirmed_models__results_full_coverage_improvements__experiments__descriptor_logreg__internal_summary__descriptor_logreg__cal_sigmoid__thr_f1.csv,confirmed_models,2,f1,0.793577408471823,0.0015903938599721,,,,,,,,,,,,
,,,,,,,,,,,,,confirmed_models/results_full_coverage_improvements/experiments/descriptor_logreg/internal_summary__descriptor_logreg__cal_sigmoid__thr_f1.csv,confirmed_models__results_full_coverage_improvements__experiments__descriptor_logreg__internal_summary__descriptor_logreg__cal_sigmoid__thr_f1.csv,confirmed_models,3,kappa,0.5816412145388843,0.0186910424435128,,,,,,,,,,,,
,,,,,,,,,,,,,confirmed_models/results_full_coverage_improvements/experiments/descriptor_logreg/internal_summary__descriptor_logreg__cal_sigmoid__thr_kappa.csv,confirmed_models__results_full_coverage_improvements__experiments__descriptor_logreg__internal_summary__descriptor_logreg__cal_sigmoid__thr_kappa.csv,confirmed_models,0,auroc,0.8523581681476418,0.005679087272004,,,,,,,,,,,,
,,,,,,,,,,,,,confirmed_models/results_full_coverage_improvements/experiments/descriptor_logreg/internal_summary__descriptor_logreg__cal_sigmoid__thr_kappa.csv,confirmed_models__results_full_coverage_improvements__experiments__descriptor_logreg__internal_summary__descriptor_logreg__cal_sigmoid__thr_kappa.csv,confirmed_models,1,accuracy,0.7941176470588236,0.0046216129489317,,,,,,,,,,,,
,,,,,,,,,,,,,confirmed_models/results_full_coverage_improvements/experiments/descriptor_logreg/internal_summary__descriptor_logreg__cal_sigmoid__thr_kappa.csv,confirmed_models__results_full_coverage_improvements__experiments__descriptor_logreg__internal_summary__descriptor_logreg__cal_sigmoid__thr_kappa.csv,confirmed_models,2,f1,0.7903425688235814,0.0100773826476971,,,,,,,,,,,,
,,,,,,,,,,,,,confirmed_models/results_full_coverage_improvements/experiments/descriptor_logreg/internal_summary__descriptor_logreg__cal_sigmoid__thr_kappa.csv,confirmed_models__results_full_coverage_improvements__experiments__descriptor_logreg__internal_summary__descriptor_logreg__cal_sigmoid__thr_kappa.csv,confirmed_models,3,kappa,0.5883364522801142,0.0096138107037319,,,,,,,,,,,,
0.7649006622516556,0.8319327731092437,0.66,0.7360594795539034,0.5291404980455883,0.8406140350877194,0.868421052631579,0.66,0.5406902146005779,99.0,20.0,132.0,51.0,confirmed_models/results_full_coverage_improvements/experiments/distance_exponential_knn_r2/external_metrics__distance_exponential_knn_r2__cal_isotonic__thr_f1.csv,confirmed_models__results_full_coverage_improvements__experiments__distance_exponential_knn_r2__external_metrics__distance_exponential_knn_r2__cal_isotonic__thr_f1.csv,confirmed_models,0,,,,,,,,,,,,,,,
0.7649006622516556,0.8319327731092437,0.66,0.7360594795539034,0.5291404980455883,0.8406140350877194,0.868421052631579,0.66,0.5406902146005779,99.0,20.0,132.0,51.0,confirmed_models/results_full_coverage_improvements/experiments/distance_exponential_knn_r2/external_metrics__distance_exponential_knn_r2__cal_isotonic__thr_kappa.csv,confirmed_models__results_full_coverage_improvements__experiments__distance_exponential_knn_r2__external_metrics__distance_exponential_knn_r2__cal_isotonic__thr_kappa.csv,confirmed_models,0,,,,,,,,,,,,,,,
0.7549668874172185,0.7289156626506024,0.8066666666666666,0.7658227848101266,0.5102559607293127,0.8479166666666667,0.7039473684210527,0.8066666666666666,0.5131409492450728,121.0,45.0,107.0,29.0,confirmed_models/results_full_coverage_improvements/experiments/distance_exponential_knn_r2/external_metrics__distance_exponential_knn_r2__cal_none__thr_f1.csv,confirmed_models__results_full_coverage_improvements__experiments__distance_exponential_knn_r2__external_metrics__distance_exponential_knn_r2__cal_none__thr_f1.csv,confirmed_models,0,,,,,,,,,,,,,,,
0.7549668874172185,0.7289156626506024,0.8066666666666666,0.7658227848101266,0.5102559607293127,0.8479166666666667,0.7039473684210527,0.8066666666666666,0.5131409492450728,121.0,45.0,107.0,29.0,confirmed_models/results_full_coverage_improvements/experiments/distance_exponential_knn_r2/external_metrics__distance_exponential_knn_r2__cal_none__thr_kappa.csv,confirmed_models__results_full_coverage_improvements__experiments__distance_exponential_knn_r2__external_metrics__distance_exponential_knn_r2__cal_none__thr_kappa.csv,confirmed_models,0,,,,,,,,,,,,,,,
0.7682119205298014,0.8076923076923077,0.7,0.75,0.5359964881474979,0.8479166666666667,0.8355263157894737,0.7,0.5407696891459363,105.0,25.0,127.0,45.0,confirmed_models/results_full_coverage_improvements/experiments/distance_exponential_knn_r2/external_metrics__distance_exponential_knn_r2__cal_sigmoid__thr_f1.csv,confirmed_models__results_full_coverage_improvements__experiments__distance_exponential_knn_r2__external_metrics__distance_exponential_knn_r2__cal_sigmoid__thr_f1.csv,confirmed_models,0,,,,,,,,,,,,,,,
0.7682119205298014,0.8076923076923077,0.7,0.75,0.5359964881474979,0.8479166666666667,0.8355263157894737,0.7,0.5407696891459363,105.0,25.0,127.0,45.0,confirmed_models/results_full_coverage_improvements/experiments/distance_exponential_knn_r2/external_metrics__distance_exponential_knn_r2__cal_sigmoid__thr_kappa.csv,confirmed_models__results_full_coverage_improvements__experiments__distance_exponential_knn_r2__external_metrics__distance_exponential_knn_r2__cal_sigmoid__thr_kappa.csv,confirmed_models,0,,,,,,,,,,,,,,,
,,,,,,,,,,,,,confirmed_models/results_full_coverage_improvements/experiments/distance_exponential_knn_r2/internal_summary__distance_exponential_knn_r2__cal_isotonic__thr_f1.csv,confirmed_models__results_full_coverage_improvements__experiments__distance_exponential_knn_r2__internal_summary__distance_exponential_knn_r2__cal_isotonic__thr_f1.csv,confirmed_models,0,auroc,0.9091336295283664,0.0004229107542981,,,,,,,,,,,,
,,,,,,,,,,,,,confirmed_models/results_full_coverage_improvements/experiments/distance_exponential_knn_r2/internal_summary__distance_exponential_knn_r2__cal_isotonic__thr_f1.csv,confirmed_models__results_full_coverage_improvements__experiments__distance_exponential_knn_r2__internal_summary__distance_exponential_knn_r2__cal_isotonic__thr_f1.csv,confirmed_models,1,accuracy,0.8104575163398693,0.0,,,,,,,,,,,,
,,,,,,,,,,,,,confirmed_models/results_full_coverage_improvements/experiments/distance_exponential_knn_r2/internal_summary__distance_exponential_knn_r2__cal_isotonic__thr_f1.csv,confirmed_models__results_full_coverage_improvements__experiments__distance_exponential_knn_r2__internal_summary__distance_exponential_knn_r2__cal_isotonic__thr_f1.csv,confirmed_models,2,f1,0.7871873158712304,0.0219680718350312,,,,,,,,,,,,
,,,,,,,,,,,,,confirmed_models/results_full_coverage_improvements/experiments/distance_exponential_knn_r2/internal_summary__distance_exponential_knn_r2__cal_isotonic__thr_f1.csv,confirmed_models__results_full_coverage_improvements__experiments__distance_exponential_knn_r2__internal_summary__distance_exponential_knn_r2__cal_isotonic__thr_f1.csv,confirmed_models,3,kappa,0.6214484063060461,0.0004567466921422,,,,,,,,,,,,
,,,,,,,,,,,,,confirmed_models/results_full_coverage_improvements/experiments/distance_exponential_knn_r2/internal_summary__distance_exponential_knn_r2__cal_isotonic__thr_kappa.csv,confirmed_models__results_full_coverage_improvements__experiments__distance_exponential_knn_r2__internal_summary__distance_exponential_knn_r2__cal_isotonic__thr_kappa.csv,confirmed_models,0,auroc,0.9091336295283664,0.0004229107542981,,,,,,,,,,,,
,,,,,,,,,,,,,confirmed_models/results_full_coverage_improvements/experiments/distance_exponential_knn_r2/internal_summary__distance_exponential_knn_r2__cal_isotonic__thr_kappa.csv,confirmed_models__results_full_coverage_improvements__experiments__distance_exponential_knn_r2__internal_summary__distance_exponential_knn_r2__cal_isotonic__thr_kappa.csv,confirmed_models,1,accuracy,0.8104575163398693,0.0,,,,,,,,,,,,
,,,,,,,,,,,,,confirmed_models/results_full_coverage_improvements/experiments/distance_exponential_knn_r2/internal_summary__distance_exponential_knn_r2__cal_isotonic__thr_kappa.csv,confirmed_models__results_full_coverage_improvements__experiments__distance_exponential_knn_r2__internal_summary__distance_exponential_knn_r2__cal_isotonic__thr_kappa.csv,confirmed_models,2,f1,0.7871873158712304,0.0219680718350312,,,,,,,,,,,,
,,,,,,,,,,,,,confirmed_models/results_full_coverage_improvements/experiments/distance_exponential_knn_r2/internal_summary__distance_exponential_knn_r2__cal_isotonic__thr_kappa.csv,confirmed_models__results_full_coverage_improvements__experiments__distance_exponential_knn_r2__internal_summary__distance_exponential_knn_r2__cal_isotonic__thr_kappa.csv,confirmed_models,3,kappa,0.6214484063060461,0.0004567466921422,,,,,,,,,,,,
,,,,,,,,,,,,,confirmed_models/results_full_coverage_improvements/experiments/distance_exponential_knn_r2/internal_summary__distance_exponential_knn_r2__cal_none__thr_f1.csv,confirmed_models__results_full_coverage_improvements__experiments__distance_exponential_knn_r2__internal_summary__distance_exponential_knn_r2__cal_none__thr_f1.csv,confirmed_models,0,auroc,0.9151144907723856,0.0048936815854504,,,,,,,,,,,,
,,,,,,,,,,,,,confirmed_models/results_full_coverage_improvements/experiments/distance_exponential_knn_r2/internal_summary__distance_exponential_knn_r2__cal_none__thr_f1.csv,confirmed_models__results_full_coverage_improvements__experiments__distance_exponential_knn_r2__internal_summary__distance_exponential_knn_r2__cal_none__thr_f1.csv,confirmed_models,1,accuracy,0.7973856209150327,0.0,,,,,,,,,,,,
,,,,,,,,,,,,,confirmed_models/results_full_coverage_improvements/experiments/distance_exponential_knn_r2/internal_summary__distance_exponential_knn_r2__cal_none__thr_f1.csv,confirmed_models__results_full_coverage_improvements__experiments__distance_exponential_knn_r2__internal_summary__distance_exponential_knn_r2__cal_none__thr_f1.csv,confirmed_models,2,f1,0.8045366221199983,0.0139082747142216,,,,,,,,,,,,
,,,,,,,,,,,,,confirmed_models/results_full_coverage_improvements/experiments/distance_exponential_knn_r2/internal_summary__distance_exponential_knn_r2__cal_none__thr_f1.csv,confirmed_models__results_full_coverage_improvements__experiments__distance_exponential_knn_r2__internal_summary__distance_exponential_knn_r2__cal_none__thr_f1.csv,confirmed_models,3,kappa,0.5945805438183914,0.0003920674884226,,,,,,,,,,,,
,,,,,,,,,,,,,confirmed_models/results_full_coverage_improvements/experiments/distance_exponential_knn_r2/internal_summary__distance_exponential_knn_r2__cal_none__thr_kappa.csv,confirmed_models__results_full_coverage_improvements__experiments__distance_exponential_knn_r2__internal_summary__distance_exponential_knn_r2__cal_none__thr_kappa.csv,confirmed_models,0,auroc,0.9151144907723856,0.0048936815854504,,,,,,,,,,,,
,,,,,,,,,,,,,confirmed_models/results_full_coverage_improvements/experiments/distance_exponential_knn_r2/internal_summary__distance_exponential_knn_r2__cal_none__thr_kappa.csv,confirmed_models__results_full_coverage_improvements__experiments__distance_exponential_knn_r2__internal_summary__distance_exponential_knn_r2__cal_none__thr_kappa.csv,confirmed_models,1,accuracy,0.7973856209150327,0.0,,,,,,,,,,,,
,,,,,,,,,,,,,confirmed_models/results_full_coverage_improvements/experiments/distance_exponential_knn_r2/internal_summary__distance_exponential_knn_r2__cal_none__thr_kappa.csv,confirmed_models__results_full_coverage_improvements__experiments__distance_exponential_knn_r2__internal_summary__distance_exponential_knn_r2__cal_none__thr_kappa.csv,confirmed_models,2,f1,0.8045366221199983,0.0139082747142216,,,,,,,,,,,,
,,,,,,,,,,,,,confirmed_models/results_full_coverage_improvements/experiments/distance_exponential_knn_r2/internal_summary__distance_exponential_knn_r2__cal_none__thr_kappa.csv,confirmed_models__results_full_coverage_improvements__experiments__distance_exponential_knn_r2__internal_summary__distance_exponential_knn_r2__cal_none__thr_kappa.csv,confirmed_models,3,kappa,0.5945805438183914,0.0003920674884226,,,,,,,,,,,,
,,,,,,,,,,,,,confirmed_models/results_full_coverage_improvements/experiments/distance_exponential_knn_r2/internal_summary__distance_exponential_knn_r2__cal_sigmoid__thr_f1.csv,confirmed_models__results_full_coverage_improvements__experiments__distance_exponential_knn_r2__internal_summary__distance_exponential_knn_r2__cal_sigmoid__thr_f1.csv,confirmed_models,0,auroc,0.9151144907723856,0.0048936815854504,,,,,,,,,,,,
,,,,,,,,,,,,,confirmed_models/results_full_coverage_improvements/experiments/distance_exponential_knn_r2/internal_summary__distance_exponential_knn_r2__cal_sigmoid__thr_f1.csv,confirmed_models__results_full_coverage_improvements__experiments__distance_exponential_knn_r2__internal_summary__distance_exponential_knn_r2__cal_sigmoid__thr_f1.csv,confirmed_models,1,accuracy,0.803921568627451,0.0184864517957267,,,,,,,,,,,,
,,,,,,,,,,,,,confirmed_models/results_full_coverage_improvements/experiments/distance_exponential_knn_r2/internal_summary__distance_exponential_knn_r2__cal_sigmoid__thr_f1.csv,confirmed_models__results_full_coverage_improvements__experiments__distance_exponential_knn_r2__internal_summary__distance_exponential_knn_r2__cal_sigmoid__thr_f1.csv,confirmed_models,2,f1,0.7878787878787878,0.0428549564355483,,,,,,,,,,,,
,,,,,,,,,,,,,confirmed_models/results_full_coverage_improvements/experiments/distance_exponential_knn_r2/internal_summary__distance_exponential_knn_r2__cal_sigmoid__thr_f1.csv,confirmed_models__results_full_coverage_improvements__experiments__distance_exponential_knn_r2__internal_summary__distance_exponential_knn_r2__cal_sigmoid__thr_f1.csv,confirmed_models,3,kappa,0.60821880301983,0.0364195189911561,,,,,,,,,,,,
,,,,,,,,,,,,,confirmed_models/results_full_coverage_improvements/experiments/distance_exponential_knn_r2/internal_summary__distance_exponential_knn_r2__cal_sigmoid__thr_kappa.csv,confirmed_models__results_full_coverage_improvements__experiments__distance_exponential_knn_r2__internal_summary__distance_exponential_knn_r2__cal_sigmoid__thr_kappa.csv,confirmed_models,0,auroc,0.9151144907723856,0.0048936815854504,,,,,,,,,,,,
,,,,,,,,,,,,,confirmed_models/results_full_coverage_improvements/experiments/distance_exponential_knn_r2/internal_summary__distance_exponential_knn_r2__cal_sigmoid__thr_kappa.csv,confirmed_models__results_full_coverage_improvements__experiments__distance_exponential_knn_r2__internal_summary__distance_exponential_knn_r2__cal_sigmoid__thr_kappa.csv,confirmed_models,1,accuracy,0.803921568627451,0.0184864517957267,,,,,,,,,,,,
,,,,,,,,,,,,,confirmed_models/results_full_coverage_improvements/experiments/distance_exponential_knn_r2/internal_summary__distance_exponential_knn_r2__cal_sigmoid__thr_kappa.csv,confirmed_models__results_full_coverage_improvements__experiments__distance_exponential_knn_r2__internal_summary__distance_exponential_knn_r2__cal_sigmoid__thr_kappa.csv,confirmed_models,2,f1,0.7878787878787878,0.0428549564355483,,,,,,,,,,,,
,,,,,,,,,,,,,confirmed_models/results_full_coverage_improvements/experiments/distance_exponential_knn_r2/internal_summary__distance_exponential_knn_r2__cal_sigmoid__thr_kappa.csv,confirmed_models__results_full_coverage_improvements__experiments__distance_exponential_knn_r2__internal_summary__distance_exponential_knn_r2__cal_sigmoid__thr_kappa.csv,confirmed_models,3,kappa,0.60821880301983,0.0364195189911561,,,,,,,,,,,,
0.7682119205298014,0.8333333333333334,0.6666666666666666,0.7407407407407407,0.5357927097057532,0.849407894736842,0.868421052631579,0.6666666666666666,0.546721420892036,100.0,20.0,132.0,50.0,confirmed_models/results_full_coverage_improvements/experiments/distance_inverse_knn_r2/external_metrics__distance_inverse_knn_r2__cal_isotonic__thr_f1.csv,confirmed_models__results_full_coverage_improvements__experiments__distance_inverse_knn_r2__external_metrics__distance_inverse_knn_r2__cal_isotonic__thr_f1.csv,confirmed_models,0,,,,,,,,,,,,,,,
0.7682119205298014,0.8333333333333334,0.6666666666666666,0.7407407407407407,0.5357927097057532,0.849407894736842,0.868421052631579,0.6666666666666666,0.546721420892036,100.0,20.0,132.0,50.0,confirmed_models/results_full_coverage_improvements/experiments/distance_inverse_knn_r2/external_metrics__distance_inverse_knn_r2__cal_isotonic__thr_kappa.csv,confirmed_models__results_full_coverage_improvements__experiments__distance_inverse_knn_r2__external_metrics__distance_inverse_knn_r2__cal_isotonic__thr_kappa.csv,confirmed_models,0,,,,,,,,,,,,,,,
0.7781456953642384,0.7748344370860927,0.78,0.7774086378737541,0.5562913907284768,0.8493201754385965,0.7763157894736842,0.78,0.5563035899673184,117.0,34.0,118.0,33.0,confirmed_models/results_full_coverage_improvements/experiments/distance_inverse_knn_r2/external_metrics__distance_inverse_knn_r2__cal_none__thr_f1.csv,confirmed_models__results_full_coverage_improvements__experiments__distance_inverse_knn_r2__external_metrics__distance_inverse_knn_r2__cal_none__thr_f1.csv,confirmed_models,0,,,,,,,,,,,,,,,
0.7781456953642384,0.7748344370860927,0.78,0.7774086378737541,0.5562913907284768,0.8493201754385965,0.7763157894736842,0.78,0.5563035899673184,117.0,34.0,118.0,33.0,confirmed_models/results_full_coverage_improvements/experiments/distance_inverse_knn_r2/external_metrics__distance_inverse_knn_r2__cal_none__thr_kappa.csv,confirmed_models__results_full_coverage_improvements__experiments__distance_inverse_knn_r2__external_metrics__distance_inverse_knn_r2__cal_none__thr_kappa.csv,confirmed_models,0,,,,,,,,,,,,,,,
0.7649006622516556,0.8110236220472441,0.6866666666666666,0.7436823104693141,0.5293058787373228,0.8519517543859649,0.8421052631578947,0.6866666666666666,0.5355683832917821,103.0,24.0,128.0,47.0,confirmed_models/results_full_coverage_improvements/experiments/distance_inverse_knn_r2/external_metrics__distance_inverse_knn_r2__cal_sigmoid__thr_f1.csv,confirmed_models__results_full_coverage_improvements__experiments__distance_inverse_knn_r2__external_metrics__distance_inverse_knn_r2__cal_sigmoid__thr_f1.csv,confirmed_models,0,,,,,,,,,,,,,,,
0.7649006622516556,0.8110236220472441,0.6866666666666666,0.7436823104693141,0.5293058787373228,0.8519517543859649,0.8421052631578947,0.6866666666666666,0.5355683832917821,103.0,24.0,128.0,47.0,confirmed_models/results_full_coverage_improvements/experiments/distance_inverse_knn_r2/external_metrics__distance_inverse_knn_r2__cal_sigmoid__thr_kappa.csv,confirmed_models__results_full_coverage_improvements__experiments__distance_inverse_knn_r2__external_metrics__distance_inverse_knn_r2__cal_sigmoid__thr_kappa.csv,confirmed_models,0,,,,,,,,,,,,,,,
,,,,,,,,,,,,,confirmed_models/results_full_coverage_improvements/experiments/distance_inverse_knn_r2/internal_summary__distance_inverse_knn_r2__cal_isotonic__thr_f1.csv,confirmed_models__results_full_coverage_improvements__experiments__distance_inverse_knn_r2__internal_summary__distance_inverse_knn_r2__cal_isotonic__thr_f1.csv,confirmed_models,0,auroc,0.888755980861244,0.0103915213913265,,,,,,,,,,,,
,,,,,,,,,,,,,confirmed_models/results_full_coverage_improvements/experiments/distance_inverse_knn_r2/internal_summary__distance_inverse_knn_r2__cal_isotonic__thr_f1.csv,confirmed_models__results_full_coverage_improvements__experiments__distance_inverse_knn_r2__internal_summary__distance_inverse_knn_r2__cal_isotonic__thr_f1.csv,confirmed_models,1,accuracy,0.7941176470588236,0.0323512906425217,,,,,,,,,,,,
,,,,,,,,,,,,,confirmed_models/results_full_coverage_improvements/experiments/distance_inverse_knn_r2/internal_summary__distance_inverse_knn_r2__cal_isotonic__thr_f1.csv,confirmed_models__results_full_coverage_improvements__experiments__distance_inverse_knn_r2__internal_summary__distance_inverse_knn_r2__cal_isotonic__thr_f1.csv,confirmed_models,2,f1,0.7678206644446834,0.0494921529461824,,,,,,,,,,,,
,,,,,,,,,,,,,confirmed_models/results_full_coverage_improvements/experiments/distance_inverse_knn_r2/internal_summary__distance_inverse_knn_r2__cal_isotonic__thr_f1.csv,confirmed_models__results_full_coverage_improvements__experiments__distance_inverse_knn_r2__internal_summary__distance_inverse_knn_r2__cal_isotonic__thr_f1.csv,confirmed_models,3,kappa,0.5888538333813268,0.0643359122965122,,,,,,,,,,,,
,,,,,,,,,,,,,confirmed_models/results_full_coverage_improvements/experiments/distance_inverse_knn_r2/internal_summary__distance_inverse_knn_r2__cal_isotonic__thr_kappa.csv,confirmed_models__results_full_coverage_improvements__experiments__distance_inverse_knn_r2__internal_summary__distance_inverse_knn_r2__cal_isotonic__thr_kappa.csv,confirmed_models,0,auroc,0.888755980861244,0.0103915213913265,,,,,,,,,,,,
,,,,,,,,,,,,,confirmed_models/results_full_coverage_improvements/experiments/distance_inverse_knn_r2/internal_summary__distance_inverse_knn_r2__cal_isotonic__thr_kappa.csv,confirmed_models__results_full_coverage_improvements__experiments__distance_inverse_knn_r2__internal_summary__distance_inverse_knn_r2__cal_isotonic__thr_kappa.csv,confirmed_models,1,accuracy,0.7941176470588236,0.0323512906425217,,,,,,,,,,,,
,,,,,,,,,,,,,confirmed_models/results_full_coverage_improvements/experiments/distance_inverse_knn_r2/internal_summary__distance_inverse_knn_r2__cal_isotonic__thr_kappa.csv,confirmed_models__results_full_coverage_improvements__experiments__distance_inverse_knn_r2__internal_summary__distance_inverse_knn_r2__cal_isotonic__thr_kappa.csv,confirmed_models,2,f1,0.7678206644446834,0.0494921529461824,,,,,,,,,,,,
,,,,,,,,,,,,,confirmed_models/results_full_coverage_improvements/experiments/distance_inverse_knn_r2/internal_summary__distance_inverse_knn_r2__cal_isotonic__thr_kappa.csv,confirmed_models__results_full_coverage_improvements__experiments__distance_inverse_knn_r2__internal_summary__distance_inverse_knn_r2__cal_isotonic__thr_kappa.csv,confirmed_models,3,kappa,0.5888538333813268,0.0643359122965122,,,,,,,,,,,,
,,,,,,,,,,,,,confirmed_models/results_full_coverage_improvements/experiments/distance_inverse_knn_r2/internal_summary__distance_inverse_knn_r2__cal_none__thr_f1.csv,confirmed_models__results_full_coverage_improvements__experiments__distance_inverse_knn_r2__internal_summary__distance_inverse_knn_r2__cal_none__thr_f1.csv,confirmed_models,0,auroc,0.8980263157894737,0.0056186714499615,,,,,,,,,,,,
,,,,,,,,,,,,,confirmed_models/results_full_coverage_improvements/experiments/distance_inverse_knn_r2/internal_summary__distance_inverse_knn_r2__cal_none__thr_f1.csv,confirmed_models__results_full_coverage_improvements__experiments__distance_inverse_knn_r2__internal_summary__distance_inverse_knn_r2__cal_none__thr_f1.csv,confirmed_models,1,accuracy,0.7973856209150327,0.0092432258978634,,,,,,,,,,,,
,,,,,,,,,,,,,confirmed_models/results_full_coverage_improvements/experiments/distance_inverse_knn_r2/internal_summary__distance_inverse_knn_r2__cal_none__thr_f1.csv,confirmed_models__results_full_coverage_improvements__experiments__distance_inverse_knn_r2__internal_summary__distance_inverse_knn_r2__cal_none__thr_f1.csv,confirmed_models,2,f1,0.7939521800281294,0.0228740590257251,,,,,,,,,,,,
,,,,,,,,,,,,,confirmed_models/results_full_coverage_improvements/experiments/distance_inverse_knn_r2/internal_summary__distance_inverse_knn_r2__cal_none__thr_f1.csv,confirmed_models__results_full_coverage_improvements__experiments__distance_inverse_knn_r2__internal_summary__distance_inverse_knn_r2__cal_none__thr_f1.csv,confirmed_models,3,kappa,0.5948654469996455,0.0181399203542333,,,,,,,,,,,,
,,,,,,,,,,,,,confirmed_models/results_full_coverage_improvements/experiments/distance_inverse_knn_r2/internal_summary__distance_inverse_knn_r2__cal_none__thr_kappa.csv,confirmed_models__results_full_coverage_improvements__experiments__distance_inverse_knn_r2__internal_summary__distance_inverse_knn_r2__cal_none__thr_kappa.csv,confirmed_models,0,auroc,0.8980263157894737,0.0056186714499615,,,,,,,,,,,,
,,,,,,,,,,,,,confirmed_models/results_full_coverage_improvements/experiments/distance_inverse_knn_r2/internal_summary__distance_inverse_knn_r2__cal_none__thr_kappa.csv,confirmed_models__results_full_coverage_improvements__experiments__distance_inverse_knn_r2__internal_summary__distance_inverse_knn_r2__cal_none__thr_kappa.csv,confirmed_models,1,accuracy,0.7973856209150327,0.0092432258978634,,,,,,,,,,,,
,,,,,,,,,,,,,confirmed_models/results_full_coverage_improvements/experiments/distance_inverse_knn_r2/internal_summary__distance_inverse_knn_r2__cal_none__thr_kappa.csv,confirmed_models__results_full_coverage_improvements__experiments__distance_inverse_knn_r2__internal_summary__distance_inverse_knn_r2__cal_none__thr_kappa.csv,confirmed_models,2,f1,0.7939521800281294,0.0228740590257251,,,,,,,,,,,,
,,,,,,,,,,,,,confirmed_models/results_full_coverage_improvements/experiments/distance_inverse_knn_r2/internal_summary__distance_inverse_knn_r2__cal_none__thr_kappa.csv,confirmed_models__results_full_coverage_improvements__experiments__distance_inverse_knn_r2__internal_summary__distance_inverse_knn_r2__cal_none__thr_kappa.csv,confirmed_models,3,kappa,0.5948654469996455,0.0181399203542333,,,,,,,,,,,,
,,,,,,,,,,,,,confirmed_models/results_full_coverage_improvements/experiments/distance_inverse_knn_r2/internal_summary__distance_inverse_knn_r2__cal_sigmoid__thr_f1.csv,confirmed_models__results_full_coverage_improvements__experiments__distance_inverse_knn_r2__internal_summary__distance_inverse_knn_r2__cal_sigmoid__thr_f1.csv,confirmed_models,0,auroc,0.8968301435406698,0.0039270284327688,,,,,,,,,,,,
,,,,,,,,,,,,,confirmed_models/results_full_coverage_improvements/experiments/distance_inverse_knn_r2/internal_summary__distance_inverse_knn_r2__cal_sigmoid__thr_f1.csv,confirmed_models__results_full_coverage_improvements__experiments__distance_inverse_knn_r2__internal_summary__distance_inverse_knn_r2__cal_sigmoid__thr_f1.csv,confirmed_models,1,accuracy,0.7908496732026143,0.0369729035914534,,,,,,,,,,,,
,,,,,,,,,,,,,confirmed_models/results_full_coverage_improvements/experiments/distance_inverse_knn_r2/internal_summary__distance_inverse_knn_r2__cal_sigmoid__thr_f1.csv,confirmed_models__results_full_coverage_improvements__experiments__distance_inverse_knn_r2__internal_summary__distance_inverse_knn_r2__cal_sigmoid__thr_f1.csv,confirmed_models,2,f1,0.7730524642289349,0.0533983658288728,,,,,,,,,,,,
,,,,,,,,,,,,,confirmed_models/results_full_coverage_improvements/experiments/distance_inverse_knn_r2/internal_summary__distance_inverse_knn_r2__cal_sigmoid__thr_f1.csv,confirmed_models__results_full_coverage_improvements__experiments__distance_inverse_knn_r2__internal_summary__distance_inverse_knn_r2__cal_sigmoid__thr_f1.csv,confirmed_models,3,kappa,0.5821365767814022,0.0735705882084603,,,,,,,,,,,,
,,,,,,,,,,,,,confirmed_models/results_full_coverage_improvements/experiments/distance_inverse_knn_r2/internal_summary__distance_inverse_knn_r2__cal_sigmoid__thr_kappa.csv,confirmed_models__results_full_coverage_improvements__experiments__distance_inverse_knn_r2__internal_summary__distance_inverse_knn_r2__cal_sigmoid__thr_kappa.csv,confirmed_models,0,auroc,0.8968301435406698,0.0039270284327688,,,,,,,,,,,,
,,,,,,,,,,,,,confirmed_models/results_full_coverage_improvements/experiments/distance_inverse_knn_r2/internal_summary__distance_inverse_knn_r2__cal_sigmoid__thr_kappa.csv,confirmed_models__results_full_coverage_improvements__experiments__distance_inverse_knn_r2__internal_summary__distance_inverse_knn_r2__cal_sigmoid__thr_kappa.csv,confirmed_models,1,accuracy,0.7908496732026143,0.0369729035914534,,,,,,,,,,,,
,,,,,,,,,,,,,confirmed_models/results_full_coverage_improvements/experiments/distance_inverse_knn_r2/internal_summary__distance_inverse_knn_r2__cal_sigmoid__thr_kappa.csv,confirmed_models__results_full_coverage_improvements__experiments__distance_inverse_knn_r2__internal_summary__distance_inverse_knn_r2__cal_sigmoid__thr_kappa.csv,confirmed_models,2,f1,0.7730524642289349,0.0533983658288728,,,,,,,,,,,,
,,,,,,,,,,,,,confirmed_models/results_full_coverage_improvements/experiments/distance_inverse_knn_r2/internal_summary__distance_inverse_knn_r2__cal_sigmoid__thr_kappa.csv,confirmed_models__results_full_coverage_improvements__experiments__distance_inverse_knn_r2__internal_summary__distance_inverse_knn_r2__cal_sigmoid__thr_kappa.csv,confirmed_models,3,kappa,0.5821365767814022,0.0735705882084603,,,,,,,,,,,,
0.7417218543046358,0.7307692307692307,0.76,0.7450980392156863,0.4835569586950802,0.7801754385964912,0.7236842105263158,0.76,0.4839389823167117,114.0,42.0,110.0,36.0,confirmed_models/results_full_coverage_improvements/experiments/hybrid_knn_prob_lgbm/external_metrics__hybrid_knn_prob_lgbm__cal_isotonic__thr_f1.csv,confirmed_models__results_full_coverage_improvements__experiments__hybrid_knn_prob_lgbm__external_metrics__hybrid_knn_prob_lgbm__cal_isotonic__thr_f1.csv,confirmed_models,0,,,,,,,,,,,,,,,
0.7417218543046358,0.7307692307692307,0.76,0.7450980392156863,0.4835569586950802,0.7801754385964912,0.7236842105263158,0.76,0.4839389823167117,114.0,42.0,110.0,36.0,confirmed_models/results_full_coverage_improvements/experiments/hybrid_knn_prob_lgbm/external_metrics__hybrid_knn_prob_lgbm__cal_isotonic__thr_kappa.csv,confirmed_models__results_full_coverage_improvements__experiments__hybrid_knn_prob_lgbm__external_metrics__hybrid_knn_prob_lgbm__cal_isotonic__thr_kappa.csv,confirmed_models,0,,,,,,,,,,,,,,,
0.7450331125827815,0.738562091503268,0.7533333333333333,0.7458745874587459,0.4901109503135552,0.8226973684210527,0.7368421052631579,0.7533333333333333,0.4902076901633647,113.0,40.0,112.0,37.0,confirmed_models/results_full_coverage_improvements/experiments/hybrid_knn_prob_lgbm/external_metrics__hybrid_knn_prob_lgbm__cal_none__thr_f1.csv,confirmed_models__results_full_coverage_improvements__experiments__hybrid_knn_prob_lgbm__external_metrics__hybrid_knn_prob_lgbm__cal_none__thr_f1.csv,confirmed_models,0,,,,,,,,,,,,,,,
0.7450331125827815,0.738562091503268,0.7533333333333333,0.7458745874587459,0.4901109503135552,0.8226973684210527,0.7368421052631579,0.7533333333333333,0.4902076901633647,113.0,40.0,112.0,37.0,confirmed_models/results_full_coverage_improvements/experiments/hybrid_knn_prob_lgbm/external_metrics__hybrid_knn_prob_lgbm__cal_none__thr_kappa.csv,confirmed_models__results_full_coverage_improvements__experiments__hybrid_knn_prob_lgbm__external_metrics__hybrid_knn_prob_lgbm__cal_none__thr_kappa.csv,confirmed_models,0,,,,,,,,,,,,,,,
0.7483443708609272,0.7534246575342466,0.7333333333333333,0.7432432432432432,0.4965783470784348,0.8225657894736843,0.7631578947368421,0.7333333333333333,0.4967527457222684,110.0,36.0,116.0,40.0,confirmed_models/results_full_coverage_improvements/experiments/hybrid_knn_prob_lgbm/external_metrics__hybrid_knn_prob_lgbm__cal_sigmoid__thr_f1.csv,confirmed_models__results_full_coverage_improvements__experiments__hybrid_knn_prob_lgbm__external_metrics__hybrid_knn_prob_lgbm__cal_sigmoid__thr_f1.csv,confirmed_models,0,,,,,,,,,,,,,,,
0.7483443708609272,0.7534246575342466,0.7333333333333333,0.7432432432432432,0.4965783470784348,0.8225657894736843,0.7631578947368421,0.7333333333333333,0.4967527457222684,110.0,36.0,116.0,40.0,confirmed_models/results_full_coverage_improvements/experiments/hybrid_knn_prob_lgbm/external_metrics__hybrid_knn_prob_lgbm__cal_sigmoid__thr_kappa.csv,confirmed_models__results_full_coverage_improvements__experiments__hybrid_knn_prob_lgbm__external_metrics__hybrid_knn_prob_lgbm__cal_sigmoid__thr_kappa.csv,confirmed_models,0,,,,,,,,,,,,,,,
,,,,,,,,,,,,,confirmed_models/results_full_coverage_improvements/experiments/hybrid_knn_prob_lgbm/internal_summary__hybrid_knn_prob_lgbm__cal_isotonic__thr_f1.csv,confirmed_models__results_full_coverage_improvements__experiments__hybrid_knn_prob_lgbm__internal_summary__hybrid_knn_prob_lgbm__cal_isotonic__thr_f1.csv,confirmed_models,0,auroc,0.8043403964456597,0.0565492094318701,,,,,,,,,,,,
,,,,,,,,,,,,,confirmed_models/results_full_coverage_improvements/experiments/hybrid_knn_prob_lgbm/internal_summary__hybrid_knn_prob_lgbm__cal_isotonic__thr_f1.csv,confirmed_models__results_full_coverage_improvements__experiments__hybrid_knn_prob_lgbm__internal_summary__hybrid_knn_prob_lgbm__cal_isotonic__thr_f1.csv,confirmed_models,1,accuracy,0.7320261437908497,0.0647025812850435,,,,,,,,,,,,
,,,,,,,,,,,,,confirmed_models/results_full_coverage_improvements/experiments/hybrid_knn_prob_lgbm/internal_summary__hybrid_knn_prob_lgbm__cal_isotonic__thr_f1.csv,confirmed_models__results_full_coverage_improvements__experiments__hybrid_knn_prob_lgbm__internal_summary__hybrid_knn_prob_lgbm__cal_isotonic__thr_f1.csv,confirmed_models,2,f1,0.75,0.0603627740037297,,,,,,,,,,,,
,,,,,,,,,,,,,confirmed_models/results_full_coverage_improvements/experiments/hybrid_knn_prob_lgbm/internal_summary__hybrid_knn_prob_lgbm__cal_isotonic__thr_f1.csv,confirmed_models__results_full_coverage_improvements__experiments__hybrid_knn_prob_lgbm__internal_summary__hybrid_knn_prob_lgbm__cal_isotonic__thr_f1.csv,confirmed_models,3,kappa,0.4635710620831196,0.1295213549941496,,,,,,,,,,,,
,,,,,,,,,,,,,confirmed_models/results_full_coverage_improvements/experiments/hybrid_knn_prob_lgbm/internal_summary__hybrid_knn_prob_lgbm__cal_isotonic__thr_kappa.csv,confirmed_models__results_full_coverage_improvements__experiments__hybrid_knn_prob_lgbm__internal_summary__hybrid_knn_prob_lgbm__cal_isotonic__thr_kappa.csv,confirmed_models,0,auroc,0.8043403964456597,0.0565492094318701,,,,,,,,,,,,
,,,,,,,,,,,,,confirmed_models/results_full_coverage_improvements/experiments/hybrid_knn_prob_lgbm/internal_summary__hybrid_knn_prob_lgbm__cal_isotonic__thr_kappa.csv,confirmed_models__results_full_coverage_improvements__experiments__hybrid_knn_prob_lgbm__internal_summary__hybrid_knn_prob_lgbm__cal_isotonic__thr_kappa.csv,confirmed_models,1,accuracy,0.7320261437908497,0.0647025812850435,,,,,,,,,,,,
,,,,,,,,,,,,,confirmed_models/results_full_coverage_improvements/experiments/hybrid_knn_prob_lgbm/internal_summary__hybrid_knn_prob_lgbm__cal_isotonic__thr_kappa.csv,confirmed_models__results_full_coverage_improvements__experiments__hybrid_knn_prob_lgbm__internal_summary__hybrid_knn_prob_lgbm__cal_isotonic__thr_kappa.csv,confirmed_models,2,f1,0.75,0.0603627740037297,,,,,,,,,,,,
,,,,,,,,,,,,,confirmed_models/results_full_coverage_improvements/experiments/hybrid_knn_prob_lgbm/internal_summary__hybrid_knn_prob_lgbm__cal_isotonic__thr_kappa.csv,confirmed_models__results_full_coverage_improvements__experiments__hybrid_knn_prob_lgbm__internal_summary__hybrid_knn_prob_lgbm__cal_isotonic__thr_kappa.csv,confirmed_models,3,kappa,0.4635710620831196,0.1295213549941496,,,,,,,,,,,,
,,,,,,,,,,,,,confirmed_models/results_full_coverage_improvements/experiments/hybrid_knn_prob_lgbm/internal_summary__hybrid_knn_prob_lgbm__cal_none__thr_f1.csv,confirmed_models__results_full_coverage_improvements__experiments__hybrid_knn_prob_lgbm__internal_summary__hybrid_knn_prob_lgbm__cal_none__thr_f1.csv,confirmed_models,0,auroc,0.8559894053315106,0.0419889963196044,,,,,,,,,,,,
,,,,,,,,,,,,,confirmed_models/results_full_coverage_improvements/experiments/hybrid_knn_prob_lgbm/internal_summary__hybrid_knn_prob_lgbm__cal_none__thr_f1.csv,confirmed_models__results_full_coverage_improvements__experiments__hybrid_knn_prob_lgbm__internal_summary__hybrid_knn_prob_lgbm__cal_none__thr_f1.csv,confirmed_models,1,accuracy,0.738562091503268,0.0554593553871802,,,,,,,,,,,,
,,,,,,,,,,,,,confirmed_models/results_full_coverage_improvements/experiments/hybrid_knn_prob_lgbm/internal_summary__hybrid_knn_prob_lgbm__cal_none__thr_f1.csv,confirmed_models__results_full_coverage_improvements__experiments__hybrid_knn_prob_lgbm__internal_summary__hybrid_knn_prob_lgbm__cal_none__thr_f1.csv,confirmed_models,2,f1,0.7517746913580247,0.0505232160014462,,,,,,,,,,,,
,,,,,,,,,,,,,confirmed_models/results_full_coverage_improvements/experiments/hybrid_knn_prob_lgbm/internal_summary__hybrid_knn_prob_lgbm__cal_none__thr_f1.csv,confirmed_models__results_full_coverage_improvements__experiments__hybrid_knn_prob_lgbm__internal_summary__hybrid_knn_prob_lgbm__cal_none__thr_f1.csv,confirmed_models,3,kappa,0.4767822068570656,0.1110530898484772,,,,,,,,,,,,
,,,,,,,,,,,,,confirmed_models/results_full_coverage_improvements/experiments/hybrid_knn_prob_lgbm/internal_summary__hybrid_knn_prob_lgbm__cal_none__thr_kappa.csv,confirmed_models__results_full_coverage_improvements__experiments__hybrid_knn_prob_lgbm__internal_summary__hybrid_knn_prob_lgbm__cal_none__thr_kappa.csv,confirmed_models,0,auroc,0.8559894053315106,0.0419889963196044,,,,,,,,,,,,
,,,,,,,,,,,,,confirmed_models/results_full_coverage_improvements/experiments/hybrid_knn_prob_lgbm/internal_summary__hybrid_knn_prob_lgbm__cal_none__thr_kappa.csv,confirmed_models__results_full_coverage_improvements__experiments__hybrid_knn_prob_lgbm__internal_summary__hybrid_knn_prob_lgbm__cal_none__thr_kappa.csv,confirmed_models,1,accuracy,0.738562091503268,0.0554593553871802,,,,,,,,,,,,
,,,,,,,,,,,,,confirmed_models/results_full_coverage_improvements/experiments/hybrid_knn_prob_lgbm/internal_summary__hybrid_knn_prob_lgbm__cal_none__thr_kappa.csv,confirmed_models__results_full_coverage_improvements__experiments__hybrid_knn_prob_lgbm__internal_summary__hybrid_knn_prob_lgbm__cal_none__thr_kappa.csv,confirmed_models,2,f1,0.7517746913580247,0.0505232160014462,,,,,,,,,,,,
,,,,,,,,,,,,,confirmed_models/results_full_coverage_improvements/experiments/hybrid_knn_prob_lgbm/internal_summary__hybrid_knn_prob_lgbm__cal_none__thr_kappa.csv,confirmed_models__results_full_coverage_improvements__experiments__hybrid_knn_prob_lgbm__internal_summary__hybrid_knn_prob_lgbm__cal_none__thr_kappa.csv,confirmed_models,3,kappa,0.4767822068570656,0.1110530898484772,,,,,,,,,,,,
,,,,,,,,,,,,,confirmed_models/results_full_coverage_improvements/experiments/hybrid_knn_prob_lgbm/internal_summary__hybrid_knn_prob_lgbm__cal_sigmoid__thr_f1.csv,confirmed_models__results_full_coverage_improvements__experiments__hybrid_knn_prob_lgbm__internal_summary__hybrid_knn_prob_lgbm__cal_sigmoid__thr_f1.csv,confirmed_models,0,auroc,0.8559894053315106,0.0419889963196044,,,,,,,,,,,,
,,,,,,,,,,,,,confirmed_models/results_full_coverage_improvements/experiments/hybrid_knn_prob_lgbm/internal_summary__hybrid_knn_prob_lgbm__cal_sigmoid__thr_f1.csv,confirmed_models__results_full_coverage_improvements__experiments__hybrid_knn_prob_lgbm__internal_summary__hybrid_knn_prob_lgbm__cal_sigmoid__thr_f1.csv,confirmed_models,1,accuracy,0.7549019607843137,0.0415945165403851,,,,,,,,,,,,
,,,,,,,,,,,,,confirmed_models/results_full_coverage_improvements/experiments/hybrid_knn_prob_lgbm/internal_summary__hybrid_knn_prob_lgbm__cal_sigmoid__thr_f1.csv,confirmed_models__results_full_coverage_improvements__experiments__hybrid_knn_prob_lgbm__internal_summary__hybrid_knn_prob_lgbm__cal_sigmoid__thr_f1.csv,confirmed_models,2,f1,0.761611030478955,0.0436168914374866,,,,,,,,,,,,
,,,,,,,,,,,,,confirmed_models/results_full_coverage_improvements/experiments/hybrid_knn_prob_lgbm/internal_summary__hybrid_knn_prob_lgbm__cal_sigmoid__thr_f1.csv,confirmed_models__results_full_coverage_improvements__experiments__hybrid_knn_prob_lgbm__internal_summary__hybrid_knn_prob_lgbm__cal_sigmoid__thr_f1.csv,confirmed_models,3,kappa,0.5096438760021809,0.0831285701698602,,,,,,,,,,,,
,,,,,,,,,,,,,confirmed_models/results_full_coverage_improvements/experiments/hybrid_knn_prob_lgbm/internal_summary__hybrid_knn_prob_lgbm__cal_sigmoid__thr_kappa.csv,confirmed_models__results_full_coverage_improvements__experiments__hybrid_knn_prob_lgbm__internal_summary__hybrid_knn_prob_lgbm__cal_sigmoid__thr_kappa.csv,confirmed_models,0,auroc,0.8559894053315106,0.0419889963196044,,,,,,,,,,,,
,,,,,,,,,,,,,confirmed_models/results_full_coverage_improvements/experiments/hybrid_knn_prob_lgbm/internal_summary__hybrid_knn_prob_lgbm__cal_sigmoid__thr_kappa.csv,confirmed_models__results_full_coverage_improvements__experiments__hybrid_knn_prob_lgbm__internal_summary__hybrid_knn_prob_lgbm__cal_sigmoid__thr_kappa.csv,confirmed_models,1,accuracy,0.7549019607843137,0.0415945165403851,,,,,,,,,,,,
,,,,,,,,,,,,,confirmed_models/results_full_coverage_improvements/experiments/hybrid_knn_prob_lgbm/internal_summary__hybrid_knn_prob_lgbm__cal_sigmoid__thr_kappa.csv,confirmed_models__results_full_coverage_improvements__experiments__hybrid_knn_prob_lgbm__internal_summary__hybrid_knn_prob_lgbm__cal_sigmoid__thr_kappa.csv,confirmed_models,2,f1,0.761611030478955,0.0436168914374866,,,,,,,,,,,,
,,,,,,,,,,,,,confirmed_models/results_full_coverage_improvements/experiments/hybrid_knn_prob_lgbm/internal_summary__hybrid_knn_prob_lgbm__cal_sigmoid__thr_kappa.csv,confirmed_models__results_full_coverage_improvements__experiments__hybrid_knn_prob_lgbm__internal_summary__hybrid_knn_prob_lgbm__cal_sigmoid__thr_kappa.csv,confirmed_models,3,kappa,0.5096438760021809,0.0831285701698602,,,,,,,,,,,,
0.7649006622516556,0.8211382113821138,0.6733333333333333,0.73992673992674,0.5292232029157335,0.8460964912280702,0.8552631578947368,0.6733333333333333,0.5379137283918993,101.0,22.0,130.0,49.0,confirmed_models/results_full_coverage_improvements/experiments/hybrid_knn_prob_logreg/external_metrics__hybrid_knn_prob_logreg__cal_isotonic__thr_f1.csv,confirmed_models__results_full_coverage_improvements__experiments__hybrid_knn_prob_logreg__external_metrics__hybrid_knn_prob_logreg__cal_isotonic__thr_f1.csv,confirmed_models,0,,,,,,,,,,,,,,,
0.7649006622516556,0.8211382113821138,0.6733333333333333,0.73992673992674,0.5292232029157335,0.8460964912280702,0.8552631578947368,0.6733333333333333,0.5379137283918993,101.0,22.0,130.0,49.0,confirmed_models/results_full_coverage_improvements/experiments/hybrid_knn_prob_logreg/external_metrics__hybrid_knn_prob_logreg__cal_isotonic__thr_kappa.csv,confirmed_models__results_full_coverage_improvements__experiments__hybrid_knn_prob_logreg__external_metrics__hybrid_knn_prob_logreg__cal_isotonic__thr_kappa.csv,confirmed_models,0,,,,,,,,,,,,,,,
0.7748344370860927,0.7971014492753623,0.7333333333333333,0.7638888888888888,0.5494119712129191,0.8586842105263158,0.8157894736842105,0.7333333333333333,0.5511571403405211,110.0,28.0,124.0,40.0,confirmed_models/results_full_coverage_improvements/experiments/hybrid_knn_prob_logreg/external_metrics__hybrid_knn_prob_logreg__cal_none__thr_f1.csv,confirmed_models__results_full_coverage_improvements__experiments__hybrid_knn_prob_logreg__external_metrics__hybrid_knn_prob_logreg__cal_none__thr_f1.csv,confirmed_models,0,,,,,,,,,,,,,,,
0.7748344370860927,0.7971014492753623,0.7333333333333333,0.7638888888888888,0.5494119712129191,0.8586842105263158,0.8157894736842105,0.7333333333333333,0.5511571403405211,110.0,28.0,124.0,40.0,confirmed_models/results_full_coverage_improvements/experiments/hybrid_knn_prob_logreg/external_metrics__hybrid_knn_prob_logreg__cal_none__thr_kappa.csv,confirmed_models__results_full_coverage_improvements__experiments__hybrid_knn_prob_logreg__external_metrics__hybrid_knn_prob_logreg__cal_none__thr_kappa.csv,confirmed_models,0,,,,,,,,,,,,,,,
0.7715231788079471,0.7913669064748201,0.7333333333333333,0.7612456747404844,0.5428057396112159,0.8586842105263158,0.8092105263157895,0.7333333333333333,0.5442533035063065,110.0,29.0,123.0,40.0,confirmed_models/results_full_coverage_improvements/experiments/hybrid_knn_prob_logreg/external_metrics__hybrid_knn_prob_logreg__cal_sigmoid__thr_f1.csv,confirmed_models__results_full_coverage_improvements__experiments__hybrid_knn_prob_logreg__external_metrics__hybrid_knn_prob_logreg__cal_sigmoid__thr_f1.csv,confirmed_models,0,,,,,,,,,,,,,,,
0.7715231788079471,0.7913669064748201,0.7333333333333333,0.7612456747404844,0.5428057396112159,0.8586842105263158,0.8092105263157895,0.7333333333333333,0.5442533035063065,110.0,29.0,123.0,40.0,confirmed_models/results_full_coverage_improvements/experiments/hybrid_knn_prob_logreg/external_metrics__hybrid_knn_prob_logreg__cal_sigmoid__thr_kappa.csv,confirmed_models__results_full_coverage_improvements__experiments__hybrid_knn_prob_logreg__external_metrics__hybrid_knn_prob_logreg__cal_sigmoid__thr_kappa.csv,confirmed_models,0,,,,,,,,,,,,,,,
,,,,,,,,,,,,,confirmed_models/results_full_coverage_improvements/experiments/hybrid_knn_prob_logreg/internal_summary__hybrid_knn_prob_logreg__cal_isotonic__thr_f1.csv,confirmed_models__results_full_coverage_improvements__experiments__hybrid_knn_prob_logreg__internal_summary__hybrid_knn_prob_logreg__cal_isotonic__thr_f1.csv,confirmed_models,0,auroc,0.8867053998632946,0.0028999594580446,,,,,,,,,,,,
,,,,,,,,,,,,,confirmed_models/results_full_coverage_improvements/experiments/hybrid_knn_prob_logreg/internal_summary__hybrid_knn_prob_logreg__cal_isotonic__thr_f1.csv,confirmed_models__results_full_coverage_improvements__experiments__hybrid_knn_prob_logreg__internal_summary__hybrid_knn_prob_logreg__cal_isotonic__thr_f1.csv,confirmed_models,1,accuracy,0.8071895424836601,0.0323512906425218,,,,,,,,,,,,
,,,,,,,,,,,,,confirmed_models/results_full_coverage_improvements/experiments/hybrid_knn_prob_logreg/internal_summary__hybrid_knn_prob_logreg__cal_isotonic__thr_f1.csv,confirmed_models__results_full_coverage_improvements__experiments__hybrid_knn_prob_logreg__internal_summary__hybrid_knn_prob_logreg__cal_isotonic__thr_f1.csv,confirmed_models,2,f1,0.7850047056363065,0.0522030103019661,,,,,,,,,,,,
,,,,,,,,,,,,,confirmed_models/results_full_coverage_improvements/experiments/hybrid_knn_prob_logreg/internal_summary__hybrid_knn_prob_logreg__cal_isotonic__thr_f1.csv,confirmed_models__results_full_coverage_improvements__experiments__hybrid_knn_prob_logreg__internal_summary__hybrid_knn_prob_logreg__cal_isotonic__thr_f1.csv,confirmed_models,3,kappa,0.6149017321313991,0.0642712384232515,,,,,,,,,,,,
,,,,,,,,,,,,,confirmed_models/results_full_coverage_improvements/experiments/hybrid_knn_prob_logreg/internal_summary__hybrid_knn_prob_logreg__cal_isotonic__thr_kappa.csv,confirmed_models__results_full_coverage_improvements__experiments__hybrid_knn_prob_logreg__internal_summary__hybrid_knn_prob_logreg__cal_isotonic__thr_kappa.csv,confirmed_models,0,auroc,0.8867053998632946,0.0028999594580446,,,,,,,,,,,,
,,,,,,,,,,,,,confirmed_models/results_full_coverage_improvements/experiments/hybrid_knn_prob_logreg/internal_summary__hybrid_knn_prob_logreg__cal_isotonic__thr_kappa.csv,confirmed_models__results_full_coverage_improvements__experiments__hybrid_knn_prob_logreg__internal_summary__hybrid_knn_prob_logreg__cal_isotonic__thr_kappa.csv,confirmed_models,1,accuracy,0.8071895424836601,0.0323512906425218,,,,,,,,,,,,
,,,,,,,,,,,,,confirmed_models/results_full_coverage_improvements/experiments/hybrid_knn_prob_logreg/internal_summary__hybrid_knn_prob_logreg__cal_isotonic__thr_kappa.csv,confirmed_models__results_full_coverage_improvements__experiments__hybrid_knn_prob_logreg__internal_summary__hybrid_knn_prob_logreg__cal_isotonic__thr_kappa.csv,confirmed_models,2,f1,0.7850047056363065,0.0522030103019661,,,,,,,,,,,,
,,,,,,,,,,,,,confirmed_models/results_full_coverage_improvements/experiments/hybrid_knn_prob_logreg/internal_summary__hybrid_knn_prob_logreg__cal_isotonic__thr_kappa.csv,confirmed_models__results_full_coverage_improvements__experiments__hybrid_knn_prob_logreg__internal_summary__hybrid_knn_prob_logreg__cal_isotonic__thr_kappa.csv,confirmed_models,3,kappa,0.6149017321313991,0.0642712384232515,,,,,,,,,,,,
,,,,,,,,,,,,,confirmed_models/results_full_coverage_improvements/experiments/hybrid_knn_prob_logreg/internal_summary__hybrid_knn_prob_logreg__cal_none__thr_f1.csv,confirmed_models__results_full_coverage_improvements__experiments__hybrid_knn_prob_logreg__internal_summary__hybrid_knn_prob_logreg__cal_none__thr_f1.csv,confirmed_models,0,auroc,0.8932843472317157,0.0042291075429818,,,,,,,,,,,,
,,,,,,,,,,,,,confirmed_models/results_full_coverage_improvements/experiments/hybrid_knn_prob_logreg/internal_summary__hybrid_knn_prob_logreg__cal_none__thr_f1.csv,confirmed_models__results_full_coverage_improvements__experiments__hybrid_knn_prob_logreg__internal_summary__hybrid_knn_prob_logreg__cal_none__thr_f1.csv,confirmed_models,1,accuracy,0.8006535947712419,0.0231080647446584,,,,,,,,,,,,
,,,,,,,,,,,,,confirmed_models/results_full_coverage_improvements/experiments/hybrid_knn_prob_logreg/internal_summary__hybrid_knn_prob_logreg__cal_none__thr_f1.csv,confirmed_models__results_full_coverage_improvements__experiments__hybrid_knn_prob_logreg__internal_summary__hybrid_knn_prob_logreg__cal_none__thr_f1.csv,confirmed_models,2,f1,0.7856725146198831,0.0425918119662072,,,,,,,,,,,,
,,,,,,,,,,,,,confirmed_models/results_full_coverage_improvements/experiments/hybrid_knn_prob_logreg/internal_summary__hybrid_knn_prob_logreg__cal_none__thr_f1.csv,confirmed_models__results_full_coverage_improvements__experiments__hybrid_knn_prob_logreg__internal_summary__hybrid_knn_prob_logreg__cal_none__thr_f1.csv,confirmed_models,3,kappa,0.601671013183046,0.0457679327701946,,,,,,,,,,,,
,,,,,,,,,,,,,confirmed_models/results_full_coverage_improvements/experiments/hybrid_knn_prob_logreg/internal_summary__hybrid_knn_prob_logreg__cal_none__thr_kappa.csv,confirmed_models__results_full_coverage_improvements__experiments__hybrid_knn_prob_logreg__internal_summary__hybrid_knn_prob_logreg__cal_none__thr_kappa.csv,confirmed_models,0,auroc,0.8932843472317157,0.0042291075429818,,,,,,,,,,,,
,,,,,,,,,,,,,confirmed_models/results_full_coverage_improvements/experiments/hybrid_knn_prob_logreg/internal_summary__hybrid_knn_prob_logreg__cal_none__thr_kappa.csv,confirmed_models__results_full_coverage_improvements__experiments__hybrid_knn_prob_logreg__internal_summary__hybrid_knn_prob_logreg__cal_none__thr_kappa.csv,confirmed_models,1,accuracy,0.8006535947712419,0.0231080647446584,,,,,,,,,,,,
,,,,,,,,,,,,,confirmed_models/results_full_coverage_improvements/experiments/hybrid_knn_prob_logreg/internal_summary__hybrid_knn_prob_logreg__cal_none__thr_kappa.csv,confirmed_models__results_full_coverage_improvements__experiments__hybrid_knn_prob_logreg__internal_summary__hybrid_knn_prob_logreg__cal_none__thr_kappa.csv,confirmed_models,2,f1,0.7856725146198831,0.0425918119662072,,,,,,,,,,,,
,,,,,,,,,,,,,confirmed_models/results_full_coverage_improvements/experiments/hybrid_knn_prob_logreg/internal_summary__hybrid_knn_prob_logreg__cal_none__thr_kappa.csv,confirmed_models__results_full_coverage_improvements__experiments__hybrid_knn_prob_logreg__internal_summary__hybrid_knn_prob_logreg__cal_none__thr_kappa.csv,confirmed_models,3,kappa,0.601671013183046,0.0457679327701946,,,,,,,,,,,,
,,,,,,,,,,,,,confirmed_models/results_full_coverage_improvements/experiments/hybrid_knn_prob_logreg/internal_summary__hybrid_knn_prob_logreg__cal_sigmoid__thr_f1.csv,confirmed_models__results_full_coverage_improvements__experiments__hybrid_knn_prob_logreg__internal_summary__hybrid_knn_prob_logreg__cal_sigmoid__thr_f1.csv,confirmed_models,0,auroc,0.8932843472317157,0.0042291075429818,,,,,,,,,,,,
,,,,,,,,,,,,,confirmed_models/results_full_coverage_improvements/experiments/hybrid_knn_prob_logreg/internal_summary__hybrid_knn_prob_logreg__cal_sigmoid__thr_f1.csv,confirmed_models__results_full_coverage_improvements__experiments__hybrid_knn_prob_logreg__internal_summary__hybrid_knn_prob_logreg__cal_sigmoid__thr_f1.csv,confirmed_models,1,accuracy,0.8006535947712419,0.0231080647446584,,,,,,,,,,,,
,,,,,,,,,,,,,confirmed_models/results_full_coverage_improvements/experiments/hybrid_knn_prob_logreg/internal_summary__hybrid_knn_prob_logreg__cal_sigmoid__thr_f1.csv,confirmed_models__results_full_coverage_improvements__experiments__hybrid_knn_prob_logreg__internal_summary__hybrid_knn_prob_logreg__cal_sigmoid__thr_f1.csv,confirmed_models,2,f1,0.7856725146198831,0.0425918119662072,,,,,,,,,,,,
,,,,,,,,,,,,,confirmed_models/results_full_coverage_improvements/experiments/hybrid_knn_prob_logreg/internal_summary__hybrid_knn_prob_logreg__cal_sigmoid__thr_f1.csv,confirmed_models__results_full_coverage_improvements__experiments__hybrid_knn_prob_logreg__internal_summary__hybrid_knn_prob_logreg__cal_sigmoid__thr_f1.csv,confirmed_models,3,kappa,0.601671013183046,0.0457679327701946,,,,,,,,,,,,
,,,,,,,,,,,,,confirmed_models/results_full_coverage_improvements/experiments/hybrid_knn_prob_logreg/internal_summary__hybrid_knn_prob_logreg__cal_sigmoid__thr_kappa.csv,confirmed_models__results_full_coverage_improvements__experiments__hybrid_knn_prob_logreg__internal_summary__hybrid_knn_prob_logreg__cal_sigmoid__thr_kappa.csv,confirmed_models,0,auroc,0.8932843472317157,0.0042291075429818,,,,,,,,,,,,
,,,,,,,,,,,,,confirmed_models/results_full_coverage_improvements/experiments/hybrid_knn_prob_logreg/internal_summary__hybrid_knn_prob_logreg__cal_sigmoid__thr_kappa.csv,confirmed_models__results_full_coverage_improvements__experiments__hybrid_knn_prob_logreg__internal_summary__hybrid_knn_prob_logreg__cal_sigmoid__thr_kappa.csv,confirmed_models,1,accuracy,0.8006535947712419,0.0231080647446584,,,,,,,,,,,,
,,,,,,,,,,,,,confirmed_models/results_full_coverage_improvements/experiments/hybrid_knn_prob_logreg/internal_summary__hybrid_knn_prob_logreg__cal_sigmoid__thr_kappa.csv,confirmed_models__results_full_coverage_improvements__experiments__hybrid_knn_prob_logreg__internal_summary__hybrid_knn_prob_logreg__cal_sigmoid__thr_kappa.csv,confirmed_models,2,f1,0.7856725146198831,0.0425918119662072,,,,,,,,,,,,
,,,,,,,,,,,,,confirmed_models/results_full_coverage_improvements/experiments/hybrid_knn_prob_logreg/internal_summary__hybrid_knn_prob_logreg__cal_sigmoid__thr_kappa.csv,confirmed_models__results_full_coverage_improvements__experiments__hybrid_knn_prob_logreg__internal_summary__hybrid_knn_prob_logreg__cal_sigmoid__thr_kappa.csv,confirmed_models,3,kappa,0.601671013183046,0.0457679327701946,,,,,,,,,,,,
0.7582781456953642,0.8235294117647058,0.6533333333333333,0.7286245353159851,0.5158768501032105,0.8471929824561404,0.8618421052631579,0.6533333333333333,0.5271370568308754,98.0,21.0,131.0,52.0,confirmed_models/results_full_coverage_improvements/experiments/knn_mean_r2_jaccard/external_metrics__knn_mean_r2_jaccard__cal_isotonic__thr_f1.csv,confirmed_models__results_full_coverage_improvements__experiments__knn_mean_r2_jaccard__external_metrics__knn_mean_r2_jaccard__cal_isotonic__thr_f1.csv,confirmed_models,0,,,,,,,,,,,,,,,
0.7384105960264901,0.8585858585858586,0.5666666666666667,0.6827309236947792,0.4756253022110862,0.8471929824561404,0.9078947368421052,0.5666666666666667,0.5054686452435231,85.0,14.0,138.0,65.0,confirmed_models/results_full_coverage_improvements/experiments/knn_mean_r2_jaccard/external_metrics__knn_mean_r2_jaccard__cal_isotonic__thr_kappa.csv,confirmed_models__results_full_coverage_improvements__experiments__knn_mean_r2_jaccard__external_metrics__knn_mean_r2_jaccard__cal_isotonic__thr_kappa.csv,confirmed_models,0,,,,,,,,,,,,,,,
0.7682119205298014,0.7816901408450704,0.74,0.7602739726027398,0.5362407862407863,0.85625,0.7960526315789473,0.74,0.5369955569014976,111.0,31.0,121.0,39.0,confirmed_models/results_full_coverage_improvements/experiments/knn_mean_r2_jaccard/external_metrics__knn_mean_r2_jaccard__cal_none__thr_f1.csv,confirmed_models__results_full_coverage_improvements__experiments__knn_mean_r2_jaccard__external_metrics__knn_mean_r2_jaccard__cal_none__thr_f1.csv,confirmed_models,0,,,,,,,,,,,,,,,
0.7682119205298014,0.7816901408450704,0.74,0.7602739726027398,0.5362407862407863,0.85625,0.7960526315789473,0.74,0.5369955569014976,111.0,31.0,121.0,39.0,confirmed_models/results_full_coverage_improvements/experiments/knn_mean_r2_jaccard/external_metrics__knn_mean_r2_jaccard__cal_none__thr_kappa.csv,confirmed_models__results_full_coverage_improvements__experiments__knn_mean_r2_jaccard__external_metrics__knn_mean_r2_jaccard__cal_none__thr_kappa.csv,confirmed_models,0,,,,,,,,,,,,,,,
0.7682119205298014,0.7985074626865671,0.7133333333333334,0.7535211267605634,0.5360779494382022,0.85625,0.8223684210526315,0.7133333333333334,0.5391175281290937,107.0,27.0,125.0,43.0,confirmed_models/results_full_coverage_improvements/experiments/knn_mean_r2_jaccard/external_metrics__knn_mean_r2_jaccard__cal_sigmoid__thr_f1.csv,confirmed_models__results_full_coverage_improvements__experiments__knn_mean_r2_jaccard__external_metrics__knn_mean_r2_jaccard__cal_sigmoid__thr_f1.csv,confirmed_models,0,,,,,,,,,,,,,,,
0.7582781456953642,0.8235294117647058,0.6533333333333333,0.7286245353159851,0.5158768501032105,0.85625,0.8618421052631579,0.6533333333333333,0.5271370568308754,98.0,21.0,131.0,52.0,confirmed_models/results_full_coverage_improvements/experiments/knn_mean_r2_jaccard/external_metrics__knn_mean_r2_jaccard__cal_sigmoid__thr_kappa.csv,confirmed_models__results_full_coverage_improvements__experiments__knn_mean_r2_jaccard__external_metrics__knn_mean_r2_jaccard__cal_sigmoid__thr_kappa.csv,confirmed_models,0,,,,,,,,,,,,,,,
,,,,,,,,,,,,,confirmed_models/results_full_coverage_improvements/experiments/knn_mean_r2_jaccard/internal_summary__knn_mean_r2_jaccard__cal_isotonic__thr_f1.csv,confirmed_models__results_full_coverage_improvements__experiments__knn_mean_r2_jaccard__internal_summary__knn_mean_r2_jaccard__cal_isotonic__thr_f1.csv,confirmed_models,0,auroc,0.8828178400546822,0.0012687322628944,,,,,,,,,,,,
,,,,,,,,,,,,,confirmed_models/results_full_coverage_improvements/experiments/knn_mean_r2_jaccard/internal_summary__knn_mean_r2_jaccard__cal_isotonic__thr_f1.csv,confirmed_models__results_full_coverage_improvements__experiments__knn_mean_r2_jaccard__internal_summary__knn_mean_r2_jaccard__cal_isotonic__thr_f1.csv,confirmed_models,1,accuracy,0.7973856209150327,0.0092432258978634,,,,,,,,,,,,
,,,,,,,,,,,,,confirmed_models/results_full_coverage_improvements/experiments/knn_mean_r2_jaccard/internal_summary__knn_mean_r2_jaccard__cal_isotonic__thr_f1.csv,confirmed_models__results_full_coverage_improvements__experiments__knn_mean_r2_jaccard__internal_summary__knn_mean_r2_jaccard__cal_isotonic__thr_f1.csv,confirmed_models,2,f1,0.7727564102564102,0.0267431410833373,,,,,,,,,,,,
,,,,,,,,,,,,,confirmed_models/results_full_coverage_improvements/experiments/knn_mean_r2_jaccard/internal_summary__knn_mean_r2_jaccard__cal_isotonic__thr_f1.csv,confirmed_models__results_full_coverage_improvements__experiments__knn_mean_r2_jaccard__internal_summary__knn_mean_r2_jaccard__cal_isotonic__thr_f1.csv,confirmed_models,3,kappa,0.5953493458580013,0.0181186620545438,,,,,,,,,,,,
,,,,,,,,,,,,,confirmed_models/results_full_coverage_improvements/experiments/knn_mean_r2_jaccard/internal_summary__knn_mean_r2_jaccard__cal_isotonic__thr_kappa.csv,confirmed_models__results_full_coverage_improvements__experiments__knn_mean_r2_jaccard__internal_summary__knn_mean_r2_jaccard__cal_isotonic__thr_kappa.csv,confirmed_models,0,auroc,0.8828178400546822,0.0012687322628944,,,,,,,,,,,,
,,,,,,,,,,,,,confirmed_models/results_full_coverage_improvements/experiments/knn_mean_r2_jaccard/internal_summary__knn_mean_r2_jaccard__cal_isotonic__thr_kappa.csv,confirmed_models__results_full_coverage_improvements__experiments__knn_mean_r2_jaccard__internal_summary__knn_mean_r2_jaccard__cal_isotonic__thr_kappa.csv,confirmed_models,1,accuracy,0.7875816993464053,0.013864838846795,,,,,,,,,,,,
,,,,,,,,,,,,,confirmed_models/results_full_coverage_improvements/experiments/knn_mean_r2_jaccard/internal_summary__knn_mean_r2_jaccard__cal_isotonic__thr_kappa.csv,confirmed_models__results_full_coverage_improvements__experiments__knn_mean_r2_jaccard__internal_summary__knn_mean_r2_jaccard__cal_isotonic__thr_kappa.csv,confirmed_models,2,f1,0.7475170515735312,0.0370602812204987,,,,,,,,,,,,
,,,,,,,,,,,,,confirmed_models/results_full_coverage_improvements/experiments/knn_mean_r2_jaccard/internal_summary__knn_mean_r2_jaccard__cal_isotonic__thr_kappa.csv,confirmed_models__results_full_coverage_improvements__experiments__knn_mean_r2_jaccard__internal_summary__knn_mean_r2_jaccard__cal_isotonic__thr_kappa.csv,confirmed_models,3,kappa,0.5760450803261725,0.0272895333235574,,,,,,,,,,,,
,,,,,,,,,,,,,confirmed_models/results_full_coverage_improvements/experiments/knn_mean_r2_jaccard/internal_summary__knn_mean_r2_jaccard__cal_none__thr_f1.csv,confirmed_models__results_full_coverage_improvements__experiments__knn_mean_r2_jaccard__internal_summary__knn_mean_r2_jaccard__cal_none__thr_f1.csv,confirmed_models,0,auroc,0.8908065618591934,0.0036249493225558,,,,,,,,,,,,
,,,,,,,,,,,,,confirmed_models/results_full_coverage_improvements/experiments/knn_mean_r2_jaccard/internal_summary__knn_mean_r2_jaccard__cal_none__thr_f1.csv,confirmed_models__results_full_coverage_improvements__experiments__knn_mean_r2_jaccard__internal_summary__knn_mean_r2_jaccard__cal_none__thr_f1.csv,confirmed_models,1,accuracy,0.7843137254901962,0.0184864517957267,,,,,,,,,,,,
,,,,,,,,,,,,,confirmed_models/results_full_coverage_improvements/experiments/knn_mean_r2_jaccard/internal_summary__knn_mean_r2_jaccard__cal_none__thr_f1.csv,confirmed_models__results_full_coverage_improvements__experiments__knn_mean_r2_jaccard__internal_summary__knn_mean_r2_jaccard__cal_none__thr_f1.csv,confirmed_models,2,f1,0.7771604101730135,0.0359031495710204,,,,,,,,,,,,
,,,,,,,,,,,,,confirmed_models/results_full_coverage_improvements/experiments/knn_mean_r2_jaccard/internal_summary__knn_mean_r2_jaccard__cal_none__thr_f1.csv,confirmed_models__results_full_coverage_improvements__experiments__knn_mean_r2_jaccard__internal_summary__knn_mean_r2_jaccard__cal_none__thr_f1.csv,confirmed_models,3,kappa,0.5688108901800202,0.0365420618489817,,,,,,,,,,,,
,,,,,,,,,,,,,confirmed_models/results_full_coverage_improvements/experiments/knn_mean_r2_jaccard/internal_summary__knn_mean_r2_jaccard__cal_none__thr_kappa.csv,confirmed_models__results_full_coverage_improvements__experiments__knn_mean_r2_jaccard__internal_summary__knn_mean_r2_jaccard__cal_none__thr_kappa.csv,confirmed_models,0,auroc,0.8908065618591934,0.0036249493225558,,,,,,,,,,,,
,,,,,,,,,,,,,confirmed_models/results_full_coverage_improvements/experiments/knn_mean_r2_jaccard/internal_summary__knn_mean_r2_jaccard__cal_none__thr_kappa.csv,confirmed_models__results_full_coverage_improvements__experiments__knn_mean_r2_jaccard__internal_summary__knn_mean_r2_jaccard__cal_none__thr_kappa.csv,confirmed_models,1,accuracy,0.7843137254901962,0.0184864517957267,,,,,,,,,,,,
,,,,,,,,,,,,,confirmed_models/results_full_coverage_improvements/experiments/knn_mean_r2_jaccard/internal_summary__knn_mean_r2_jaccard__cal_none__thr_kappa.csv,confirmed_models__results_full_coverage_improvements__experiments__knn_mean_r2_jaccard__internal_summary__knn_mean_r2_jaccard__cal_none__thr_kappa.csv,confirmed_models,2,f1,0.7771604101730135,0.0359031495710204,,,,,,,,,,,,
,,,,,,,,,,,,,confirmed_models/results_full_coverage_improvements/experiments/knn_mean_r2_jaccard/internal_summary__knn_mean_r2_jaccard__cal_none__thr_kappa.csv,confirmed_models__results_full_coverage_improvements__experiments__knn_mean_r2_jaccard__internal_summary__knn_mean_r2_jaccard__cal_none__thr_kappa.csv,confirmed_models,3,kappa,0.5688108901800202,0.0365420618489817,,,,,,,,,,,,
,,,,,,,,,,,,,confirmed_models/results_full_coverage_improvements/experiments/knn_mean_r2_jaccard/internal_summary__knn_mean_r2_jaccard__cal_sigmoid__thr_f1.csv,confirmed_models__results_full_coverage_improvements__experiments__knn_mean_r2_jaccard__internal_summary__knn_mean_r2_jaccard__cal_sigmoid__thr_f1.csv,confirmed_models,0,auroc,0.8908065618591934,0.0036249493225558,,,,,,,,,,,,
,,,,,,,,,,,,,confirmed_models/results_full_coverage_improvements/experiments/knn_mean_r2_jaccard/internal_summary__knn_mean_r2_jaccard__cal_sigmoid__thr_f1.csv,confirmed_models__results_full_coverage_improvements__experiments__knn_mean_r2_jaccard__internal_summary__knn_mean_r2_jaccard__cal_sigmoid__thr_f1.csv,confirmed_models,1,accuracy,0.7973856209150327,0.0369729035914534,,,,,,,,,,,,
,,,,,,,,,,,,,confirmed_models/results_full_coverage_improvements/experiments/knn_mean_r2_jaccard/internal_summary__knn_mean_r2_jaccard__cal_sigmoid__thr_f1.csv,confirmed_models__results_full_coverage_improvements__experiments__knn_mean_r2_jaccard__internal_summary__knn_mean_r2_jaccard__cal_sigmoid__thr_f1.csv,confirmed_models,2,f1,0.7797663435247328,0.0551905367369068,,,,,,,,,,,,
,,,,,,,,,,,,,confirmed_models/results_full_coverage_improvements/experiments/knn_mean_r2_jaccard/internal_summary__knn_mean_r2_jaccard__cal_sigmoid__thr_f1.csv,confirmed_models__results_full_coverage_improvements__experiments__knn_mean_r2_jaccard__internal_summary__knn_mean_r2_jaccard__cal_sigmoid__thr_f1.csv,confirmed_models,3,kappa,0.5952000649373512,0.0735311868611165,,,,,,,,,,,,
,,,,,,,,,,,,,confirmed_models/results_full_coverage_improvements/experiments/knn_mean_r2_jaccard/internal_summary__knn_mean_r2_jaccard__cal_sigmoid__thr_kappa.csv,confirmed_models__results_full_coverage_improvements__experiments__knn_mean_r2_jaccard__internal_summary__knn_mean_r2_jaccard__cal_sigmoid__thr_kappa.csv,confirmed_models,0,auroc,0.8908065618591934,0.0036249493225558,,,,,,,,,,,,
,,,,,,,,,,,,,confirmed_models/results_full_coverage_improvements/experiments/knn_mean_r2_jaccard/internal_summary__knn_mean_r2_jaccard__cal_sigmoid__thr_kappa.csv,confirmed_models__results_full_coverage_improvements__experiments__knn_mean_r2_jaccard__internal_summary__knn_mean_r2_jaccard__cal_sigmoid__thr_kappa.csv,confirmed_models,1,accuracy,0.7973856209150327,0.0092432258978634,,,,,,,,,,,,
,,,,,,,,,,,,,confirmed_models/results_full_coverage_improvements/experiments/knn_mean_r2_jaccard/internal_summary__knn_mean_r2_jaccard__cal_sigmoid__thr_kappa.csv,confirmed_models__results_full_coverage_improvements__experiments__knn_mean_r2_jaccard__internal_summary__knn_mean_r2_jaccard__cal_sigmoid__thr_kappa.csv,confirmed_models,2,f1,0.7727564102564102,0.0267431410833373,,,,,,,,,,,,
,,,,,,,,,,,,,confirmed_models/results_full_coverage_improvements/experiments/knn_mean_r2_jaccard/internal_summary__knn_mean_r2_jaccard__cal_sigmoid__thr_kappa.csv,confirmed_models__results_full_coverage_improvements__experiments__knn_mean_r2_jaccard__internal_summary__knn_mean_r2_jaccard__cal_sigmoid__thr_kappa.csv,confirmed_models,3,kappa,0.5953493458580013,0.0181186620545438,,,,,,,,,,,,
0.7516556291390728,0.7777777777777778,0.7,0.7368421052631579,0.5029624753127058,0.8491666666666666,0.8026315789473685,0.7,0.5054661467327697,105.0,30.0,122.0,45.0,confirmed_models/results_full_coverage_improvements/experiments/knn_mean_r3/external_metrics__knn_mean_r3__cal_isotonic__thr_f1.csv,confirmed_models__results_full_coverage_improvements__experiments__knn_mean_r3__external_metrics__knn_mean_r3__cal_isotonic__thr_f1.csv,confirmed_models,0,,,,,,,,,,,,,,,
0.7450331125827815,0.8411214953271028,0.6,0.7003891050583657,0.4890802829898493,0.8491666666666666,0.8881578947368421,0.6,0.5102917491268946,90.0,17.0,135.0,60.0,confirmed_models/results_full_coverage_improvements/experiments/knn_mean_r3/external_metrics__knn_mean_r3__cal_isotonic__thr_kappa.csv,confirmed_models__results_full_coverage_improvements__experiments__knn_mean_r3__external_metrics__knn_mean_r3__cal_isotonic__thr_kappa.csv,confirmed_models,0,,,,,,,,,,,,,,,
0.7582781456953642,0.7619047619047619,0.7466666666666667,0.7542087542087542,0.5164714655437119,0.8521929824561404,0.7697368421052632,0.7466666666666667,0.5165734622103874,112.0,35.0,117.0,38.0,confirmed_models/results_full_coverage_improvements/experiments/knn_mean_r3/external_metrics__knn_mean_r3__cal_none__thr_f1.csv,confirmed_models__results_full_coverage_improvements__experiments__knn_mean_r3__external_metrics__knn_mean_r3__cal_none__thr_f1.csv,confirmed_models,0,,,,,,,,,,,,,,,
0.7582781456953642,0.7619047619047619,0.7466666666666667,0.7542087542087542,0.5164714655437119,0.8521929824561404,0.7697368421052632,0.7466666666666667,0.5165734622103874,112.0,35.0,117.0,38.0,confirmed_models/results_full_coverage_improvements/experiments/knn_mean_r3/external_metrics__knn_mean_r3__cal_none__thr_kappa.csv,confirmed_models__results_full_coverage_improvements__experiments__knn_mean_r3__external_metrics__knn_mean_r3__cal_none__thr_kappa.csv,confirmed_models,0,,,,,,,,,,,,,,,
0.7483443708609272,0.7803030303030303,0.6866666666666666,0.7304964539007093,0.4962689842858397,0.8521929824561404,0.8092105263157895,0.6866666666666666,0.4998389911822055,103.0,29.0,123.0,47.0,confirmed_models/results_full_coverage_improvements/experiments/knn_mean_r3/external_metrics__knn_mean_r3__cal_sigmoid__thr_f1.csv,confirmed_models__results_full_coverage_improvements__experiments__knn_mean_r3__external_metrics__knn_mean_r3__cal_sigmoid__thr_f1.csv,confirmed_models,0,,,,,,,,,,,,,,,
0.7483443708609272,0.7803030303030303,0.6866666666666666,0.7304964539007093,0.4962689842858397,0.8521929824561404,0.8092105263157895,0.6866666666666666,0.4998389911822055,103.0,29.0,123.0,47.0,confirmed_models/results_full_coverage_improvements/experiments/knn_mean_r3/external_metrics__knn_mean_r3__cal_sigmoid__thr_kappa.csv,confirmed_models__results_full_coverage_improvements__experiments__knn_mean_r3__external_metrics__knn_mean_r3__cal_sigmoid__thr_kappa.csv,confirmed_models,0,,,,,,,,,,,,,,,
,,,,,,,,,,,,,confirmed_models/results_full_coverage_improvements/experiments/knn_mean_r3/internal_summary__knn_mean_r3__cal_isotonic__thr_f1.csv,confirmed_models__results_full_coverage_improvements__experiments__knn_mean_r3__internal_summary__knn_mean_r3__cal_isotonic__thr_f1.csv,confirmed_models,0,auroc,0.8828178400546822,0.0006645740424686,,,,,,,,,,,,
,,,,,,,,,,,,,confirmed_models/results_full_coverage_improvements/experiments/knn_mean_r3/internal_summary__knn_mean_r3__cal_isotonic__thr_f1.csv,confirmed_models__results_full_coverage_improvements__experiments__knn_mean_r3__internal_summary__knn_mean_r3__cal_isotonic__thr_f1.csv,confirmed_models,1,accuracy,0.8006535947712419,0.0046216129489316,,,,,,,,,,,,
,,,,,,,,,,,,,confirmed_models/results_full_coverage_improvements/experiments/knn_mean_r3/internal_summary__knn_mean_r3__cal_isotonic__thr_f1.csv,confirmed_models__results_full_coverage_improvements__experiments__knn_mean_r3__internal_summary__knn_mean_r3__cal_isotonic__thr_f1.csv,confirmed_models,2,f1,0.7926683245832182,0.0177151187697099,,,,,,,,,,,,
,,,,,,,,,,,,,confirmed_models/results_full_coverage_improvements/experiments/knn_mean_r3/internal_summary__knn_mean_r3__cal_isotonic__thr_f1.csv,confirmed_models__results_full_coverage_improvements__experiments__knn_mean_r3__internal_summary__knn_mean_r3__cal_isotonic__thr_f1.csv,confirmed_models,3,kappa,0.6015149672695165,0.008925691339102,,,,,,,,,,,,
,,,,,,,,,,,,,confirmed_models/results_full_coverage_improvements/experiments/knn_mean_r3/internal_summary__knn_mean_r3__cal_isotonic__thr_kappa.csv,confirmed_models__results_full_coverage_improvements__experiments__knn_mean_r3__internal_summary__knn_mean_r3__cal_isotonic__thr_kappa.csv,confirmed_models,0,auroc,0.8828178400546822,0.0006645740424686,,,,,,,,,,,,
,,,,,,,,,,,,,confirmed_models/results_full_coverage_improvements/experiments/knn_mean_r3/internal_summary__knn_mean_r3__cal_isotonic__thr_kappa.csv,confirmed_models__results_full_coverage_improvements__experiments__knn_mean_r3__internal_summary__knn_mean_r3__cal_isotonic__thr_kappa.csv,confirmed_models,1,accuracy,0.8006535947712419,0.0046216129489316,,,,,,,,,,,,
,,,,,,,,,,,,,confirmed_models/results_full_coverage_improvements/experiments/knn_mean_r3/internal_summary__knn_mean_r3__cal_isotonic__thr_kappa.csv,confirmed_models__results_full_coverage_improvements__experiments__knn_mean_r3__internal_summary__knn_mean_r3__cal_isotonic__thr_kappa.csv,confirmed_models,2,f1,0.7727021040974529,0.0184020037185867,,,,,,,,,,,,
,,,,,,,,,,,,,confirmed_models/results_full_coverage_improvements/experiments/knn_mean_r3/internal_summary__knn_mean_r3__cal_isotonic__thr_kappa.csv,confirmed_models__results_full_coverage_improvements__experiments__knn_mean_r3__internal_summary__knn_mean_r3__cal_isotonic__thr_kappa.csv,confirmed_models,3,kappa,0.601956315297111,0.0089641561177345,,,,,,,,,,,,
,,,,,,,,,,,,,confirmed_models/results_full_coverage_improvements/experiments/knn_mean_r3/internal_summary__knn_mean_r3__cal_none__thr_f1.csv,confirmed_models__results_full_coverage_improvements__experiments__knn_mean_r3__internal_summary__knn_mean_r3__cal_none__thr_f1.csv,confirmed_models,0,auroc,0.8858082706766917,0.0036853651445983,,,,,,,,,,,,
,,,,,,,,,,,,,confirmed_models/results_full_coverage_improvements/experiments/knn_mean_r3/internal_summary__knn_mean_r3__cal_none__thr_f1.csv,confirmed_models__results_full_coverage_improvements__experiments__knn_mean_r3__internal_summary__knn_mean_r3__cal_none__thr_f1.csv,confirmed_models,1,accuracy,0.8071895424836601,0.0046216129489316,,,,,,,,,,,,
,,,,,,,,,,,,,confirmed_models/results_full_coverage_improvements/experiments/knn_mean_r3/internal_summary__knn_mean_r3__cal_none__thr_f1.csv,confirmed_models__results_full_coverage_improvements__experiments__knn_mean_r3__internal_summary__knn_mean_r3__cal_none__thr_f1.csv,confirmed_models,2,f1,0.8074536800951895,0.014363294297432,,,,,,,,,,,,
,,,,,,,,,,,,,confirmed_models/results_full_coverage_improvements/experiments/knn_mean_r3/internal_summary__knn_mean_r3__cal_none__thr_f1.csv,confirmed_models__results_full_coverage_improvements__experiments__knn_mean_r3__internal_summary__knn_mean_r3__cal_none__thr_f1.csv,confirmed_models,3,kappa,0.6143820710916412,0.0089869651795703,,,,,,,,,,,,
,,,,,,,,,,,,,confirmed_models/results_full_coverage_improvements/experiments/knn_mean_r3/internal_summary__knn_mean_r3__cal_none__thr_kappa.csv,confirmed_models__results_full_coverage_improvements__experiments__knn_mean_r3__internal_summary__knn_mean_r3__cal_none__thr_kappa.csv,confirmed_models,0,auroc,0.8858082706766917,0.0036853651445983,,,,,,,,,,,,
,,,,,,,,,,,,,confirmed_models/results_full_coverage_improvements/experiments/knn_mean_r3/internal_summary__knn_mean_r3__cal_none__thr_kappa.csv,confirmed_models__results_full_coverage_improvements__experiments__knn_mean_r3__internal_summary__knn_mean_r3__cal_none__thr_kappa.csv,confirmed_models,1,accuracy,0.8071895424836601,0.0046216129489316,,,,,,,,,,,,
,,,,,,,,,,,,,confirmed_models/results_full_coverage_improvements/experiments/knn_mean_r3/internal_summary__knn_mean_r3__cal_none__thr_kappa.csv,confirmed_models__results_full_coverage_improvements__experiments__knn_mean_r3__internal_summary__knn_mean_r3__cal_none__thr_kappa.csv,confirmed_models,2,f1,0.8074536800951895,0.014363294297432,,,,,,,,,,,,
,,,,,,,,,,,,,confirmed_models/results_full_coverage_improvements/experiments/knn_mean_r3/internal_summary__knn_mean_r3__cal_none__thr_kappa.csv,confirmed_models__results_full_coverage_improvements__experiments__knn_mean_r3__internal_summary__knn_mean_r3__cal_none__thr_kappa.csv,confirmed_models,3,kappa,0.6143820710916412,0.0089869651795703,,,,,,,,,,,,
,,,,,,,,,,,,,confirmed_models/results_full_coverage_improvements/experiments/knn_mean_r3/internal_summary__knn_mean_r3__cal_sigmoid__thr_f1.csv,confirmed_models__results_full_coverage_improvements__experiments__knn_mean_r3__internal_summary__knn_mean_r3__cal_sigmoid__thr_f1.csv,confirmed_models,0,auroc,0.8858082706766917,0.0036853651445983,,,,,,,,,,,,
,,,,,,,,,,,,,confirmed_models/results_full_coverage_improvements/experiments/knn_mean_r3/internal_summary__knn_mean_r3__cal_sigmoid__thr_f1.csv,confirmed_models__results_full_coverage_improvements__experiments__knn_mean_r3__internal_summary__knn_mean_r3__cal_sigmoid__thr_f1.csv,confirmed_models,1,accuracy,0.8071895424836601,0.013864838846795,,,,,,,,,,,,
,,,,,,,,,,,,,confirmed_models/results_full_coverage_improvements/experiments/knn_mean_r3/internal_summary__knn_mean_r3__cal_sigmoid__thr_f1.csv,confirmed_models__results_full_coverage_improvements__experiments__knn_mean_r3__internal_summary__knn_mean_r3__cal_sigmoid__thr_f1.csv,confirmed_models,2,f1,0.7979656588279209,0.0252066807029918,,,,,,,,,,,,
,,,,,,,,,,,,,confirmed_models/results_full_coverage_improvements/experiments/knn_mean_r3/internal_summary__knn_mean_r3__cal_sigmoid__thr_f1.csv,confirmed_models__results_full_coverage_improvements__experiments__knn_mean_r3__internal_summary__knn_mean_r3__cal_sigmoid__thr_f1.csv,confirmed_models,3,kappa,0.6146186896013,0.0274571531782815,,,,,,,,,,,,
,,,,,,,,,,,,,confirmed_models/results_full_coverage_improvements/experiments/knn_mean_r3/internal_summary__knn_mean_r3__cal_sigmoid__thr_kappa.csv,confirmed_models__results_full_coverage_improvements__experiments__knn_mean_r3__internal_summary__knn_mean_r3__cal_sigmoid__thr_kappa.csv,confirmed_models,0,auroc,0.8858082706766917,0.0036853651445983,,,,,,,,,,,,
,,,,,,,,,,,,,confirmed_models/results_full_coverage_improvements/experiments/knn_mean_r3/internal_summary__knn_mean_r3__cal_sigmoid__thr_kappa.csv,confirmed_models__results_full_coverage_improvements__experiments__knn_mean_r3__internal_summary__knn_mean_r3__cal_sigmoid__thr_kappa.csv,confirmed_models,1,accuracy,0.8071895424836601,0.013864838846795,,,,,,,,,,,,
,,,,,,,,,,,,,confirmed_models/results_full_coverage_improvements/experiments/knn_mean_r3/internal_summary__knn_mean_r3__cal_sigmoid__thr_kappa.csv,confirmed_models__results_full_coverage_improvements__experiments__knn_mean_r3__internal_summary__knn_mean_r3__cal_sigmoid__thr_kappa.csv,confirmed_models,2,f1,0.7979656588279209,0.0252066807029918,,,,,,,,,,,,
,,,,,,,,,,,,,confirmed_models/results_full_coverage_improvements/experiments/knn_mean_r3/internal_summary__knn_mean_r3__cal_sigmoid__thr_kappa.csv,confirmed_models__results_full_coverage_improvements__experiments__knn_mean_r3__internal_summary__knn_mean_r3__cal_sigmoid__thr_kappa.csv,confirmed_models,3,kappa,0.6146186896013,0.0274571531782815,,,,,,,,,,,,
0.7350993377483444,0.7777777777777778,0.6533333333333333,0.7101449275362319,0.4696171408500176,0.8088377192982455,0.8157894736842105,0.6533333333333333,0.4756772315733114,98.0,28.0,124.0,52.0,confirmed_models/results_full_coverage_improvements/experiments/lgbm_morgan_r2_only/external_metrics__lgbm_morgan_r2_only__cal_isotonic__thr_f1.csv,confirmed_models__results_full_coverage_improvements__experiments__lgbm_morgan_r2_only__external_metrics__lgbm_morgan_r2_only__cal_isotonic__thr_f1.csv,confirmed_models,0,,,,,,,,,,,,,,,
0.7450331125827815,0.8411214953271028,0.6,0.7003891050583657,0.4890802829898493,0.8088377192982455,0.8881578947368421,0.6,0.5102917491268946,90.0,17.0,135.0,60.0,confirmed_models/results_full_coverage_improvements/experiments/lgbm_morgan_r2_only/external_metrics__lgbm_morgan_r2_only__cal_isotonic__thr_kappa.csv,confirmed_models__results_full_coverage_improvements__experiments__lgbm_morgan_r2_only__external_metrics__lgbm_morgan_r2_only__cal_isotonic__thr_kappa.csv,confirmed_models,0,,,,,,,,,,,,,,,
0.7615894039735099,0.7407407407407407,0.8,0.7692307692307693,0.5234087322461862,0.8228947368421053,0.7236842105263158,0.8,0.5250677907724974,120.0,42.0,110.0,30.0,confirmed_models/results_full_coverage_improvements/experiments/lgbm_morgan_r2_only/external_metrics__lgbm_morgan_r2_only__cal_none__thr_f1.csv,confirmed_models__results_full_coverage_improvements__experiments__lgbm_morgan_r2_only__external_metrics__lgbm_morgan_r2_only__cal_none__thr_f1.csv,confirmed_models,0,,,,,,,,,,,,,,,
0.7615894039735099,0.7407407407407407,0.8,0.7692307692307693,0.5234087322461862,0.8228947368421053,0.7236842105263158,0.8,0.5250677907724974,120.0,42.0,110.0,30.0,confirmed_models/results_full_coverage_improvements/experiments/lgbm_morgan_r2_only/external_metrics__lgbm_morgan_r2_only__cal_none__thr_kappa.csv,confirmed_models__results_full_coverage_improvements__experiments__lgbm_morgan_r2_only__external_metrics__lgbm_morgan_r2_only__cal_none__thr_kappa.csv,confirmed_models,0,,,,,,,,,,,,,,,
0.7317880794701986,0.6864864864864865,0.8466666666666667,0.7582089552238805,0.4643748631486752,0.8228947368421053,0.618421052631579,0.8466666666666667,0.4773352427321883,127.0,58.0,94.0,23.0,confirmed_models/results_full_coverage_improvements/experiments/lgbm_morgan_r2_only/external_metrics__lgbm_morgan_r2_only__cal_sigmoid__thr_f1.csv,confirmed_models__results_full_coverage_improvements__experiments__lgbm_morgan_r2_only__external_metrics__lgbm_morgan_r2_only__cal_sigmoid__thr_f1.csv,confirmed_models,0,,,,,,,,,,,,,,,
0.7615894039735099,0.7746478873239436,0.7333333333333333,0.7534246575342466,0.522990522990523,0.8228947368421053,0.7894736842105263,0.7333333333333333,0.5237266436152718,110.0,32.0,120.0,40.0,confirmed_models/results_full_coverage_improvements/experiments/lgbm_morgan_r2_only/external_metrics__lgbm_morgan_r2_only__cal_sigmoid__thr_kappa.csv,confirmed_models__results_full_coverage_improvements__experiments__lgbm_morgan_r2_only__external_metrics__lgbm_morgan_r2_only__cal_sigmoid__thr_kappa.csv,confirmed_models,0,,,,,,,,,,,,,,,
,,,,,,,,,,,,,confirmed_models/results_full_coverage_improvements/experiments/lgbm_morgan_r2_only/internal_summary__lgbm_morgan_r2_only__cal_isotonic__thr_f1.csv,confirmed_models__results_full_coverage_improvements__experiments__lgbm_morgan_r2_only__internal_summary__lgbm_morgan_r2_only__cal_isotonic__thr_f1.csv,confirmed_models,0,auroc,0.9010594668489404,0.0096665315268154,,,,,,,,,,,,
,,,,,,,,,,,,,confirmed_models/results_full_coverage_improvements/experiments/lgbm_morgan_r2_only/internal_summary__lgbm_morgan_r2_only__cal_isotonic__thr_f1.csv,confirmed_models__results_full_coverage_improvements__experiments__lgbm_morgan_r2_only__internal_summary__lgbm_morgan_r2_only__cal_isotonic__thr_f1.csv,confirmed_models,1,accuracy,0.7973856209150327,0.0184864517957267,,,,,,,,,,,,
,,,,,,,,,,,,,confirmed_models/results_full_coverage_improvements/experiments/lgbm_morgan_r2_only/internal_summary__lgbm_morgan_r2_only__cal_isotonic__thr_f1.csv,confirmed_models__results_full_coverage_improvements__experiments__lgbm_morgan_r2_only__internal_summary__lgbm_morgan_r2_only__cal_isotonic__thr_f1.csv,confirmed_models,2,f1,0.7773003938417472,0.0359502910592516,,,,,,,,,,,,
,,,,,,,,,,,,,confirmed_models/results_full_coverage_improvements/experiments/lgbm_morgan_r2_only/internal_summary__lgbm_morgan_r2_only__cal_isotonic__thr_f1.csv,confirmed_models__results_full_coverage_improvements__experiments__lgbm_morgan_r2_only__internal_summary__lgbm_morgan_r2_only__cal_isotonic__thr_f1.csv,confirmed_models,3,kappa,0.5952535503678771,0.0365883738400257,,,,,,,,,,,,
,,,,,,,,,,,,,confirmed_models/results_full_coverage_improvements/experiments/lgbm_morgan_r2_only/internal_summary__lgbm_morgan_r2_only__cal_isotonic__thr_kappa.csv,confirmed_models__results_full_coverage_improvements__experiments__lgbm_morgan_r2_only__internal_summary__lgbm_morgan_r2_only__cal_isotonic__thr_kappa.csv,confirmed_models,0,auroc,0.9010594668489404,0.0096665315268154,,,,,,,,,,,,
,,,,,,,,,,,,,confirmed_models/results_full_coverage_improvements/experiments/lgbm_morgan_r2_only/internal_summary__lgbm_morgan_r2_only__cal_isotonic__thr_kappa.csv,confirmed_models__results_full_coverage_improvements__experiments__lgbm_morgan_r2_only__internal_summary__lgbm_morgan_r2_only__cal_isotonic__thr_kappa.csv,confirmed_models,1,accuracy,0.8104575163398693,0.0277296776935901,,,,,,,,,,,,
,,,,,,,,,,,,,confirmed_models/results_full_coverage_improvements/experiments/lgbm_morgan_r2_only/internal_summary__lgbm_morgan_r2_only__cal_isotonic__thr_kappa.csv,confirmed_models__results_full_coverage_improvements__experiments__lgbm_morgan_r2_only__internal_summary__lgbm_morgan_r2_only__cal_isotonic__thr_kappa.csv,confirmed_models,2,f1,0.779418446160836,0.0530089136282509,,,,,,,,,,,,
,,,,,,,,,,,,,confirmed_models/results_full_coverage_improvements/experiments/lgbm_morgan_r2_only/internal_summary__lgbm_morgan_r2_only__cal_isotonic__thr_kappa.csv,confirmed_models__results_full_coverage_improvements__experiments__lgbm_morgan_r2_only__internal_summary__lgbm_morgan_r2_only__cal_isotonic__thr_kappa.csv,confirmed_models,3,kappa,0.6216076511761248,0.0549516312839919,,,,,,,,,,,,
,,,,,,,,,,,,,confirmed_models/results_full_coverage_improvements/experiments/lgbm_morgan_r2_only/internal_summary__lgbm_morgan_r2_only__cal_none__thr_f1.csv,confirmed_models__results_full_coverage_improvements__experiments__lgbm_morgan_r2_only__internal_summary__lgbm_morgan_r2_only__cal_none__thr_f1.csv,confirmed_models,0,auroc,0.9046052631578948,0.0067061562467281,,,,,,,,,,,,
,,,,,,,,,,,,,confirmed_models/results_full_coverage_improvements/experiments/lgbm_morgan_r2_only/internal_summary__lgbm_morgan_r2_only__cal_none__thr_f1.csv,confirmed_models__results_full_coverage_improvements__experiments__lgbm_morgan_r2_only__internal_summary__lgbm_morgan_r2_only__cal_none__thr_f1.csv,confirmed_models,1,accuracy,0.8006535947712419,0.0046216129489316,,,,,,,,,,,,
,,,,,,,,,,,,,confirmed_models/results_full_coverage_improvements/experiments/lgbm_morgan_r2_only/internal_summary__lgbm_morgan_r2_only__cal_none__thr_f1.csv,confirmed_models__results_full_coverage_improvements__experiments__lgbm_morgan_r2_only__internal_summary__lgbm_morgan_r2_only__cal_none__thr_f1.csv,confirmed_models,2,f1,0.7978583916083917,0.0207063611623682,,,,,,,,,,,,
,,,,,,,,,,,,,confirmed_models/results_full_coverage_improvements/experiments/lgbm_morgan_r2_only/internal_summary__lgbm_morgan_r2_only__cal_none__thr_f1.csv,confirmed_models__results_full_coverage_improvements__experiments__lgbm_morgan_r2_only__internal_summary__lgbm_morgan_r2_only__cal_none__thr_f1.csv,confirmed_models,3,kappa,0.6013798390523435,0.0088323237688326,,,,,,,,,,,,
,,,,,,,,,,,,,confirmed_models/results_full_coverage_improvements/experiments/lgbm_morgan_r2_only/internal_summary__lgbm_morgan_r2_only__cal_none__thr_kappa.csv,confirmed_models__results_full_coverage_improvements__experiments__lgbm_morgan_r2_only__internal_summary__lgbm_morgan_r2_only__cal_none__thr_kappa.csv,confirmed_models,0,auroc,0.9046052631578948,0.0067061562467281,,,,,,,,,,,,
,,,,,,,,,,,,,confirmed_models/results_full_coverage_improvements/experiments/lgbm_morgan_r2_only/internal_summary__lgbm_morgan_r2_only__cal_none__thr_kappa.csv,confirmed_models__results_full_coverage_improvements__experiments__lgbm_morgan_r2_only__internal_summary__lgbm_morgan_r2_only__cal_none__thr_kappa.csv,confirmed_models,1,accuracy,0.8006535947712419,0.0046216129489316,,,,,,,,,,,,
,,,,,,,,,,,,,confirmed_models/results_full_coverage_improvements/experiments/lgbm_morgan_r2_only/internal_summary__lgbm_morgan_r2_only__cal_none__thr_kappa.csv,confirmed_models__results_full_coverage_improvements__experiments__lgbm_morgan_r2_only__internal_summary__lgbm_morgan_r2_only__cal_none__thr_kappa.csv,confirmed_models,2,f1,0.7978583916083917,0.0207063611623682,,,,,,,,,,,,
,,,,,,,,,,,,,confirmed_models/results_full_coverage_improvements/experiments/lgbm_morgan_r2_only/internal_summary__lgbm_morgan_r2_only__cal_none__thr_kappa.csv,confirmed_models__results_full_coverage_improvements__experiments__lgbm_morgan_r2_only__internal_summary__lgbm_morgan_r2_only__cal_none__thr_kappa.csv,confirmed_models,3,kappa,0.6013798390523435,0.0088323237688326,,,,,,,,,,,,
,,,,,,,,,,,,,confirmed_models/results_full_coverage_improvements/experiments/lgbm_morgan_r2_only/internal_summary__lgbm_morgan_r2_only__cal_sigmoid__thr_f1.csv,confirmed_models__results_full_coverage_improvements__experiments__lgbm_morgan_r2_only__internal_summary__lgbm_morgan_r2_only__cal_sigmoid__thr_f1.csv,confirmed_models,0,auroc,0.9046052631578948,0.0067061562467281,,,,,,,,,,,,
,,,,,,,,,,,,,confirmed_models/results_full_coverage_improvements/experiments/lgbm_morgan_r2_only/internal_summary__lgbm_morgan_r2_only__cal_sigmoid__thr_f1.csv,confirmed_models__results_full_coverage_improvements__experiments__lgbm_morgan_r2_only__internal_summary__lgbm_morgan_r2_only__cal_sigmoid__thr_f1.csv,confirmed_models,1,accuracy,0.8104575163398693,0.0184864517957266,,,,,,,,,,,,
,,,,,,,,,,,,,confirmed_models/results_full_coverage_improvements/experiments/lgbm_morgan_r2_only/internal_summary__lgbm_morgan_r2_only__cal_sigmoid__thr_f1.csv,confirmed_models__results_full_coverage_improvements__experiments__lgbm_morgan_r2_only__internal_summary__lgbm_morgan_r2_only__cal_sigmoid__thr_f1.csv,confirmed_models,2,f1,0.8200888545489666,0.0080859033120038,,,,,,,,,,,,
,,,,,,,,,,,,,confirmed_models/results_full_coverage_improvements/experiments/lgbm_morgan_r2_only/internal_summary__lgbm_morgan_r2_only__cal_sigmoid__thr_f1.csv,confirmed_models__results_full_coverage_improvements__experiments__lgbm_morgan_r2_only__internal_summary__lgbm_morgan_r2_only__cal_sigmoid__thr_f1.csv,confirmed_models,3,kappa,0.6206584482492892,0.0372717936128676,,,,,,,,,,,,
,,,,,,,,,,,,,confirmed_models/results_full_coverage_improvements/experiments/lgbm_morgan_r2_only/internal_summary__lgbm_morgan_r2_only__cal_sigmoid__thr_kappa.csv,confirmed_models__results_full_coverage_improvements__experiments__lgbm_morgan_r2_only__internal_summary__lgbm_morgan_r2_only__cal_sigmoid__thr_kappa.csv,confirmed_models,0,auroc,0.9046052631578948,0.0067061562467281,,,,,,,,,,,,
,,,,,,,,,,,,,confirmed_models/results_full_coverage_improvements/experiments/lgbm_morgan_r2_only/internal_summary__lgbm_morgan_r2_only__cal_sigmoid__thr_kappa.csv,confirmed_models__results_full_coverage_improvements__experiments__lgbm_morgan_r2_only__internal_summary__lgbm_morgan_r2_only__cal_sigmoid__thr_kappa.csv,confirmed_models,1,accuracy,0.8006535947712419,0.013864838846795,,,,,,,,,,,,
,,,,,,,,,,,,,confirmed_models/results_full_coverage_improvements/experiments/lgbm_morgan_r2_only/internal_summary__lgbm_morgan_r2_only__cal_sigmoid__thr_kappa.csv,confirmed_models__results_full_coverage_improvements__experiments__lgbm_morgan_r2_only__internal_summary__lgbm_morgan_r2_only__cal_sigmoid__thr_kappa.csv,confirmed_models,2,f1,0.7863264511102455,0.0305761015627997,,,,,,,,,,,,
,,,,,,,,,,,,,confirmed_models/results_full_coverage_improvements/experiments/lgbm_morgan_r2_only/internal_summary__lgbm_morgan_r2_only__cal_sigmoid__thr_kappa.csv,confirmed_models__results_full_coverage_improvements__experiments__lgbm_morgan_r2_only__internal_summary__lgbm_morgan_r2_only__cal_sigmoid__thr_kappa.csv,confirmed_models,3,kappa,0.6016599104154419,0.0273453393560262,,,,,,,,,,,,
0.7715231788079471,0.8785046728971962,0.6266666666666667,0.7315175097276264,0.542162850990904,0.8289035087719299,0.9144736842105264,0.6266666666666667,0.5656765139917004,94.0,13.0,139.0,56.0,confirmed_models/results_full_coverage_improvements/experiments/lgbm_morgan_r2_plus_knn_probs/external_metrics__lgbm_morgan_r2_plus_knn_probs__cal_isotonic__thr_f1.csv,confirmed_models__results_full_coverage_improvements__experiments__lgbm_morgan_r2_plus_knn_probs__external_metrics__lgbm_morgan_r2_plus_knn_probs__cal_isotonic__thr_f1.csv,confirmed_models,0,,,,,,,,,,,,,,,
0.6887417218543046,0.9242424242424242,0.4066666666666667,0.5648148148148148,0.3751540764219052,0.8289035087719299,0.9671052631578948,0.4066666666666667,0.4522162217001726,61.0,5.0,147.0,89.0,confirmed_models/results_full_coverage_improvements/experiments/lgbm_morgan_r2_plus_knn_probs/external_metrics__lgbm_morgan_r2_plus_knn_probs__cal_isotonic__thr_kappa.csv,confirmed_models__results_full_coverage_improvements__experiments__lgbm_morgan_r2_plus_knn_probs__external_metrics__lgbm_morgan_r2_plus_knn_probs__cal_isotonic__thr_kappa.csv,confirmed_models,0,,,,,,,,,,,,,,,
0.7748344370860927,0.8596491228070176,0.6533333333333333,0.7424242424242424,0.5489369179406081,0.8536403508771929,0.8947368421052632,0.6533333333333333,0.5652912233881527,98.0,16.0,136.0,52.0,confirmed_models/results_full_coverage_improvements/experiments/lgbm_morgan_r2_plus_knn_probs/external_metrics__lgbm_morgan_r2_plus_knn_probs__cal_none__thr_f1.csv,confirmed_models__results_full_coverage_improvements__experiments__lgbm_morgan_r2_plus_knn_probs__external_metrics__lgbm_morgan_r2_plus_knn_probs__cal_none__thr_f1.csv,confirmed_models,0,,,,,,,,,,,,,,,
0.7748344370860927,0.8596491228070176,0.6533333333333333,0.7424242424242424,0.5489369179406081,0.8536403508771929,0.8947368421052632,0.6533333333333333,0.5652912233881527,98.0,16.0,136.0,52.0,confirmed_models/results_full_coverage_improvements/experiments/lgbm_morgan_r2_plus_knn_probs/external_metrics__lgbm_morgan_r2_plus_knn_probs__cal_none__thr_kappa.csv,confirmed_models__results_full_coverage_improvements__experiments__lgbm_morgan_r2_plus_knn_probs__external_metrics__lgbm_morgan_r2_plus_knn_probs__cal_none__thr_kappa.csv,confirmed_models,0,,,,,,,,,,,,,,,
0.7748344370860927,0.8596491228070176,0.6533333333333333,0.7424242424242424,0.5489369179406081,0.8536403508771929,0.8947368421052632,0.6533333333333333,0.5652912233881527,98.0,16.0,136.0,52.0,confirmed_models/results_full_coverage_improvements/experiments/lgbm_morgan_r2_plus_knn_probs/external_metrics__lgbm_morgan_r2_plus_knn_probs__cal_sigmoid__thr_f1.csv,confirmed_models__results_full_coverage_improvements__experiments__lgbm_morgan_r2_plus_knn_probs__external_metrics__lgbm_morgan_r2_plus_knn_probs__cal_sigmoid__thr_f1.csv,confirmed_models,0,,,,,,,,,,,,,,,
0.7019867549668874,0.9285714285714286,0.4333333333333333,0.5909090909090909,0.4018485915492957,0.8536403508771929,0.9671052631578948,0.4333333333333333,0.4744717302232986,65.0,5.0,147.0,85.0,confirmed_models/results_full_coverage_improvements/experiments/lgbm_morgan_r2_plus_knn_probs/external_metrics__lgbm_morgan_r2_plus_knn_probs__cal_sigmoid__thr_kappa.csv,confirmed_models__results_full_coverage_improvements__experiments__lgbm_morgan_r2_plus_knn_probs__external_metrics__lgbm_morgan_r2_plus_knn_probs__cal_sigmoid__thr_kappa.csv,confirmed_models,0,,,,,,,,,,,,,,,
,,,,,,,,,,,,,confirmed_models/results_full_coverage_improvements/experiments/lgbm_morgan_r2_plus_knn_probs/internal_summary__lgbm_morgan_r2_plus_knn_probs__cal_isotonic__thr_f1.csv,confirmed_models__results_full_coverage_improvements__experiments__lgbm_morgan_r2_plus_knn_probs__internal_summary__lgbm_morgan_r2_plus_knn_probs__cal_isotonic__thr_f1.csv,confirmed_models,0,auroc,0.803485987696514,0.0768489256381825,,,,,,,,,,,,
,,,,,,,,,,,,,confirmed_models/results_full_coverage_improvements/experiments/lgbm_morgan_r2_plus_knn_probs/internal_summary__lgbm_morgan_r2_plus_knn_probs__cal_isotonic__thr_f1.csv,confirmed_models__results_full_coverage_improvements__experiments__lgbm_morgan_r2_plus_knn_probs__internal_summary__lgbm_morgan_r2_plus_knn_probs__cal_isotonic__thr_f1.csv,confirmed_models,1,accuracy,0.6470588235294117,0.1663780661615405,,,,,,,,,,,,
,,,,,,,,,,,,,confirmed_models/results_full_coverage_improvements/experiments/lgbm_morgan_r2_plus_knn_probs/internal_summary__lgbm_morgan_r2_plus_knn_probs__cal_isotonic__thr_f1.csv,confirmed_models__results_full_coverage_improvements__experiments__lgbm_morgan_r2_plus_knn_probs__internal_summary__lgbm_morgan_r2_plus_knn_probs__cal_isotonic__thr_f1.csv,confirmed_models,2,f1,0.7267839139688586,0.0641600193526497,,,,,,,,,,,,
,,,,,,,,,,,,,confirmed_models/results_full_coverage_improvements/experiments/lgbm_morgan_r2_plus_knn_probs/internal_summary__lgbm_morgan_r2_plus_knn_probs__cal_isotonic__thr_f1.csv,confirmed_models__results_full_coverage_improvements__experiments__lgbm_morgan_r2_plus_knn_probs__internal_summary__lgbm_morgan_r2_plus_knn_probs__cal_isotonic__thr_f1.csv,confirmed_models,3,kappa,0.291094064120199,0.3367761580662107,,,,,,,,,,,,
,,,,,,,,,,,,,confirmed_models/results_full_coverage_improvements/experiments/lgbm_morgan_r2_plus_knn_probs/internal_summary__lgbm_morgan_r2_plus_knn_probs__cal_isotonic__thr_kappa.csv,confirmed_models__results_full_coverage_improvements__experiments__lgbm_morgan_r2_plus_knn_probs__internal_summary__lgbm_morgan_r2_plus_knn_probs__cal_isotonic__thr_kappa.csv,confirmed_models,0,auroc,0.803485987696514,0.0768489256381825,,,,,,,,,,,,
,,,,,,,,,,,,,confirmed_models/results_full_coverage_improvements/experiments/lgbm_morgan_r2_plus_knn_probs/internal_summary__lgbm_morgan_r2_plus_knn_probs__cal_isotonic__thr_kappa.csv,confirmed_models__results_full_coverage_improvements__experiments__lgbm_morgan_r2_plus_knn_probs__internal_summary__lgbm_morgan_r2_plus_knn_probs__cal_isotonic__thr_kappa.csv,confirmed_models,1,accuracy,0.6339869281045751,0.1109187107743604,,,,,,,,,,,,
,,,,,,,,,,,,,confirmed_models/results_full_coverage_improvements/experiments/lgbm_morgan_r2_plus_knn_probs/internal_summary__lgbm_morgan_r2_plus_knn_probs__cal_isotonic__thr_kappa.csv,confirmed_models__results_full_coverage_improvements__experiments__lgbm_morgan_r2_plus_knn_probs__internal_summary__lgbm_morgan_r2_plus_knn_probs__cal_isotonic__thr_kappa.csv,confirmed_models,2,f1,0.6504182754182755,0.061200683442465,,,,,,,,,,,,
,,,,,,,,,,,,,confirmed_models/results_full_coverage_improvements/experiments/lgbm_morgan_r2_plus_knn_probs/internal_summary__lgbm_morgan_r2_plus_knn_probs__cal_isotonic__thr_kappa.csv,confirmed_models__results_full_coverage_improvements__experiments__lgbm_morgan_r2_plus_knn_probs__internal_summary__lgbm_morgan_r2_plus_knn_probs__cal_isotonic__thr_kappa.csv,confirmed_models,3,kappa,0.2663735149819805,0.2269744974238795,,,,,,,,,,,,
,,,,,,,,,,,,,confirmed_models/results_full_coverage_improvements/experiments/lgbm_morgan_r2_plus_knn_probs/internal_summary__lgbm_morgan_r2_plus_knn_probs__cal_none__thr_f1.csv,confirmed_models__results_full_coverage_improvements__experiments__lgbm_morgan_r2_plus_knn_probs__internal_summary__lgbm_morgan_r2_plus_knn_probs__cal_none__thr_f1.csv,confirmed_models,0,auroc,0.8281356801093642,0.0607179011528092,,,,,,,,,,,,
,,,,,,,,,,,,,confirmed_models/results_full_coverage_improvements/experiments/lgbm_morgan_r2_plus_knn_probs/internal_summary__lgbm_morgan_r2_plus_knn_probs__cal_none__thr_f1.csv,confirmed_models__results_full_coverage_improvements__experiments__lgbm_morgan_r2_plus_knn_probs__internal_summary__lgbm_morgan_r2_plus_knn_probs__cal_none__thr_f1.csv,confirmed_models,1,accuracy,0.6437908496732025,0.1617564532126088,,,,,,,,,,,,
,,,,,,,,,,,,,confirmed_models/results_full_coverage_improvements/experiments/lgbm_morgan_r2_plus_knn_probs/internal_summary__lgbm_morgan_r2_plus_knn_probs__cal_none__thr_f1.csv,confirmed_models__results_full_coverage_improvements__experiments__lgbm_morgan_r2_plus_knn_probs__internal_summary__lgbm_morgan_r2_plus_knn_probs__cal_none__thr_f1.csv,confirmed_models,2,f1,0.7258011323036333,0.0627701561928365,,,,,,,,,,,,
,,,,,,,,,,,,,confirmed_models/results_full_coverage_improvements/experiments/lgbm_morgan_r2_plus_knn_probs/internal_summary__lgbm_morgan_r2_plus_knn_probs__cal_none__thr_f1.csv,confirmed_models__results_full_coverage_improvements__experiments__lgbm_morgan_r2_plus_knn_probs__internal_summary__lgbm_morgan_r2_plus_knn_probs__cal_none__thr_f1.csv,confirmed_models,3,kappa,0.284493555113945,0.3274416287110004,,,,,,,,,,,,
,,,,,,,,,,,,,confirmed_models/results_full_coverage_improvements/experiments/lgbm_morgan_r2_plus_knn_probs/internal_summary__lgbm_morgan_r2_plus_knn_probs__cal_none__thr_kappa.csv,confirmed_models__results_full_coverage_improvements__experiments__lgbm_morgan_r2_plus_knn_probs__internal_summary__lgbm_morgan_r2_plus_knn_probs__cal_none__thr_kappa.csv,confirmed_models,0,auroc,0.8281356801093642,0.0607179011528092,,,,,,,,,,,,
,,,,,,,,,,,,,confirmed_models/results_full_coverage_improvements/experiments/lgbm_morgan_r2_plus_knn_probs/internal_summary__lgbm_morgan_r2_plus_knn_probs__cal_none__thr_kappa.csv,confirmed_models__results_full_coverage_improvements__experiments__lgbm_morgan_r2_plus_knn_probs__internal_summary__lgbm_morgan_r2_plus_knn_probs__cal_none__thr_kappa.csv,confirmed_models,1,accuracy,0.6437908496732025,0.1617564532126088,,,,,,,,,,,,
,,,,,,,,,,,,,confirmed_models/results_full_coverage_improvements/experiments/lgbm_morgan_r2_plus_knn_probs/internal_summary__lgbm_morgan_r2_plus_knn_probs__cal_none__thr_kappa.csv,confirmed_models__results_full_coverage_improvements__experiments__lgbm_morgan_r2_plus_knn_probs__internal_summary__lgbm_morgan_r2_plus_knn_probs__cal_none__thr_kappa.csv,confirmed_models,2,f1,0.7258011323036333,0.0627701561928365,,,,,,,,,,,,
,,,,,,,,,,,,,confirmed_models/results_full_coverage_improvements/experiments/lgbm_morgan_r2_plus_knn_probs/internal_summary__lgbm_morgan_r2_plus_knn_probs__cal_none__thr_kappa.csv,confirmed_models__results_full_coverage_improvements__experiments__lgbm_morgan_r2_plus_knn_probs__internal_summary__lgbm_morgan_r2_plus_knn_probs__cal_none__thr_kappa.csv,confirmed_models,3,kappa,0.284493555113945,0.3274416287110004,,,,,,,,,,,,
,,,,,,,,,,,,,confirmed_models/results_full_coverage_improvements/experiments/lgbm_morgan_r2_plus_knn_probs/internal_summary__lgbm_morgan_r2_plus_knn_probs__cal_sigmoid__thr_f1.csv,confirmed_models__results_full_coverage_improvements__experiments__lgbm_morgan_r2_plus_knn_probs__internal_summary__lgbm_morgan_r2_plus_knn_probs__cal_sigmoid__thr_f1.csv,confirmed_models,0,auroc,0.8281356801093642,0.0607179011528092,,,,,,,,,,,,
,,,,,,,,,,,,,confirmed_models/results_full_coverage_improvements/experiments/lgbm_morgan_r2_plus_knn_probs/internal_summary__lgbm_morgan_r2_plus_knn_probs__cal_sigmoid__thr_f1.csv,confirmed_models__results_full_coverage_improvements__experiments__lgbm_morgan_r2_plus_knn_probs__internal_summary__lgbm_morgan_r2_plus_knn_probs__cal_sigmoid__thr_f1.csv,confirmed_models,1,accuracy,0.6437908496732025,0.1617564532126088,,,,,,,,,,,,
,,,,,,,,,,,,,confirmed_models/results_full_coverage_improvements/experiments/lgbm_morgan_r2_plus_knn_probs/internal_summary__lgbm_morgan_r2_plus_knn_probs__cal_sigmoid__thr_f1.csv,confirmed_models__results_full_coverage_improvements__experiments__lgbm_morgan_r2_plus_knn_probs__internal_summary__lgbm_morgan_r2_plus_knn_probs__cal_sigmoid__thr_f1.csv,confirmed_models,2,f1,0.7258011323036333,0.0627701561928365,,,,,,,,,,,,
,,,,,,,,,,,,,confirmed_models/results_full_coverage_improvements/experiments/lgbm_morgan_r2_plus_knn_probs/internal_summary__lgbm_morgan_r2_plus_knn_probs__cal_sigmoid__thr_f1.csv,confirmed_models__results_full_coverage_improvements__experiments__lgbm_morgan_r2_plus_knn_probs__internal_summary__lgbm_morgan_r2_plus_knn_probs__cal_sigmoid__thr_f1.csv,confirmed_models,3,kappa,0.284493555113945,0.3274416287110004,,,,,,,,,,,,
,,,,,,,,,,,,,confirmed_models/results_full_coverage_improvements/experiments/lgbm_morgan_r2_plus_knn_probs/internal_summary__lgbm_morgan_r2_plus_knn_probs__cal_sigmoid__thr_kappa.csv,confirmed_models__results_full_coverage_improvements__experiments__lgbm_morgan_r2_plus_knn_probs__internal_summary__lgbm_morgan_r2_plus_knn_probs__cal_sigmoid__thr_kappa.csv,confirmed_models,0,auroc,0.8281356801093642,0.0607179011528092,,,,,,,,,,,,
,,,,,,,,,,,,,confirmed_models/results_full_coverage_improvements/experiments/lgbm_morgan_r2_plus_knn_probs/internal_summary__lgbm_morgan_r2_plus_knn_probs__cal_sigmoid__thr_kappa.csv,confirmed_models__results_full_coverage_improvements__experiments__lgbm_morgan_r2_plus_knn_probs__internal_summary__lgbm_morgan_r2_plus_knn_probs__cal_sigmoid__thr_kappa.csv,confirmed_models,1,accuracy,0.6274509803921569,0.1386483884679504,,,,,,,,,,,,
,,,,,,,,,,,,,confirmed_models/results_full_coverage_improvements/experiments/lgbm_morgan_r2_plus_knn_probs/internal_summary__lgbm_morgan_r2_plus_knn_probs__cal_sigmoid__thr_kappa.csv,confirmed_models__results_full_coverage_improvements__experiments__lgbm_morgan_r2_plus_knn_probs__internal_summary__lgbm_morgan_r2_plus_knn_probs__cal_sigmoid__thr_kappa.csv,confirmed_models,2,f1,0.6596734818431492,0.0307484639362474,,,,,,,,,,,,
,,,,,,,,,,,,,confirmed_models/results_full_coverage_improvements/experiments/lgbm_morgan_r2_plus_knn_probs/internal_summary__lgbm_morgan_r2_plus_knn_probs__cal_sigmoid__thr_kappa.csv,confirmed_models__results_full_coverage_improvements__experiments__lgbm_morgan_r2_plus_knn_probs__internal_summary__lgbm_morgan_r2_plus_knn_probs__cal_sigmoid__thr_kappa.csv,confirmed_models,3,kappa,0.2528455675988359,0.2826846155453188,,,,,,,,,,,,
0.7549668874172185,0.8333333333333334,0.6333333333333333,0.7196969696969697,0.5091372342294851,0.8477192982456141,0.875,0.6333333333333333,0.5243058001815534,95.0,19.0,133.0,55.0,confirmed_models/results_full_coverage_improvements/experiments/meta_logreg_knn_plus_lgbm/external_metrics__meta_logreg_knn_plus_lgbm__cal_isotonic__thr_f1.csv,confirmed_models__results_full_coverage_improvements__experiments__meta_logreg_knn_plus_lgbm__external_metrics__meta_logreg_knn_plus_lgbm__cal_isotonic__thr_f1.csv,confirmed_models,0,,,,,,,,,,,,,,,
0.7549668874172185,0.8333333333333334,0.6333333333333333,0.7196969696969697,0.5091372342294851,0.8477192982456141,0.875,0.6333333333333333,0.5243058001815534,95.0,19.0,133.0,55.0,confirmed_models/results_full_coverage_improvements/experiments/meta_logreg_knn_plus_lgbm/external_metrics__meta_logreg_knn_plus_lgbm__cal_isotonic__thr_kappa.csv,confirmed_models__results_full_coverage_improvements__experiments__meta_logreg_knn_plus_lgbm__external_metrics__meta_logreg_knn_plus_lgbm__cal_isotonic__thr_kappa.csv,confirmed_models,0,,,,,,,,,,,,,,,
0.7682119205298014,0.7777777777777778,0.7466666666666667,0.7619047619047619,0.5362814775818198,0.8603508771929824,0.7894736842105263,0.7466666666666667,0.5367056017994747,112.0,32.0,120.0,38.0,confirmed_models/results_full_coverage_improvements/experiments/meta_logreg_knn_plus_lgbm/external_metrics__meta_logreg_knn_plus_lgbm__cal_none__thr_f1.csv,confirmed_models__results_full_coverage_improvements__experiments__meta_logreg_knn_plus_lgbm__external_metrics__meta_logreg_knn_plus_lgbm__cal_none__thr_f1.csv,confirmed_models,0,,,,,,,,,,,,,,,
0.7682119205298014,0.7777777777777778,0.7466666666666667,0.7619047619047619,0.5362814775818198,0.8603508771929824,0.7894736842105263,0.7466666666666667,0.5367056017994747,112.0,32.0,120.0,38.0,confirmed_models/results_full_coverage_improvements/experiments/meta_logreg_knn_plus_lgbm/external_metrics__meta_logreg_knn_plus_lgbm__cal_none__thr_kappa.csv,confirmed_models__results_full_coverage_improvements__experiments__meta_logreg_knn_plus_lgbm__external_metrics__meta_logreg_knn_plus_lgbm__cal_none__thr_kappa.csv,confirmed_models,0,,,,,,,,,,,,,,,
0.7682119205298014,0.7777777777777778,0.7466666666666667,0.7619047619047619,0.5362814775818198,0.8603508771929824,0.7894736842105263,0.7466666666666667,0.5367056017994747,112.0,32.0,120.0,38.0,confirmed_models/results_full_coverage_improvements/experiments/meta_logreg_knn_plus_lgbm/external_metrics__meta_logreg_knn_plus_lgbm__cal_sigmoid__thr_f1.csv,confirmed_models__results_full_coverage_improvements__experiments__meta_logreg_knn_plus_lgbm__external_metrics__meta_logreg_knn_plus_lgbm__cal_sigmoid__thr_f1.csv,confirmed_models,0,,,,,,,,,,,,,,,
0.7682119205298014,0.7777777777777778,0.7466666666666667,0.7619047619047619,0.5362814775818198,0.8603508771929824,0.7894736842105263,0.7466666666666667,0.5367056017994747,112.0,32.0,120.0,38.0,confirmed_models/results_full_coverage_improvements/experiments/meta_logreg_knn_plus_lgbm/external_metrics__meta_logreg_knn_plus_lgbm__cal_sigmoid__thr_kappa.csv,confirmed_models__results_full_coverage_improvements__experiments__meta_logreg_knn_plus_lgbm__external_metrics__meta_logreg_knn_plus_lgbm__cal_sigmoid__thr_kappa.csv,confirmed_models,0,,,,,,,,,,,,,,,
,,,,,,,,,,,,,confirmed_models/results_full_coverage_improvements/experiments/meta_logreg_knn_plus_lgbm/internal_summary__meta_logreg_knn_plus_lgbm__cal_isotonic__thr_f1.csv,confirmed_models__results_full_coverage_improvements__experiments__meta_logreg_knn_plus_lgbm__internal_summary__meta_logreg_knn_plus_lgbm__cal_isotonic__thr_f1.csv,confirmed_models,0,auroc,0.8913619275461382,0.0001812474661276,,,,,,,,,,,,
,,,,,,,,,,,,,confirmed_models/results_full_coverage_improvements/experiments/meta_logreg_knn_plus_lgbm/internal_summary__meta_logreg_knn_plus_lgbm__cal_isotonic__thr_f1.csv,confirmed_models__results_full_coverage_improvements__experiments__meta_logreg_knn_plus_lgbm__internal_summary__meta_logreg_knn_plus_lgbm__cal_isotonic__thr_f1.csv,confirmed_models,1,accuracy,0.803921568627451,0.0462161294893168,,,,,,,,,,,,
,,,,,,,,,,,,,confirmed_models/results_full_coverage_improvements/experiments/meta_logreg_knn_plus_lgbm/internal_summary__meta_logreg_knn_plus_lgbm__cal_isotonic__thr_f1.csv,confirmed_models__results_full_coverage_improvements__experiments__meta_logreg_knn_plus_lgbm__internal_summary__meta_logreg_knn_plus_lgbm__cal_isotonic__thr_f1.csv,confirmed_models,2,f1,0.7690710949662688,0.0758357039155266,,,,,,,,,,,,
,,,,,,,,,,,,,confirmed_models/results_full_coverage_improvements/experiments/meta_logreg_knn_plus_lgbm/internal_summary__meta_logreg_knn_plus_lgbm__cal_isotonic__thr_f1.csv,confirmed_models__results_full_coverage_improvements__experiments__meta_logreg_knn_plus_lgbm__internal_summary__meta_logreg_knn_plus_lgbm__cal_isotonic__thr_f1.csv,confirmed_models,3,kappa,0.608612012036888,0.0918379515102227,,,,,,,,,,,,
,,,,,,,,,,,,,confirmed_models/results_full_coverage_improvements/experiments/meta_logreg_knn_plus_lgbm/internal_summary__meta_logreg_knn_plus_lgbm__cal_isotonic__thr_kappa.csv,confirmed_models__results_full_coverage_improvements__experiments__meta_logreg_knn_plus_lgbm__internal_summary__meta_logreg_knn_plus_lgbm__cal_isotonic__thr_kappa.csv,confirmed_models,0,auroc,0.8913619275461382,0.0001812474661276,,,,,,,,,,,,
,,,,,,,,,,,,,confirmed_models/results_full_coverage_improvements/experiments/meta_logreg_knn_plus_lgbm/internal_summary__meta_logreg_knn_plus_lgbm__cal_isotonic__thr_kappa.csv,confirmed_models__results_full_coverage_improvements__experiments__meta_logreg_knn_plus_lgbm__internal_summary__meta_logreg_knn_plus_lgbm__cal_isotonic__thr_kappa.csv,confirmed_models,1,accuracy,0.803921568627451,0.0462161294893168,,,,,,,,,,,,
,,,,,,,,,,,,,confirmed_models/results_full_coverage_improvements/experiments/meta_logreg_knn_plus_lgbm/internal_summary__meta_logreg_knn_plus_lgbm__cal_isotonic__thr_kappa.csv,confirmed_models__results_full_coverage_improvements__experiments__meta_logreg_knn_plus_lgbm__internal_summary__meta_logreg_knn_plus_lgbm__cal_isotonic__thr_kappa.csv,confirmed_models,2,f1,0.7690710949662688,0.0758357039155266,,,,,,,,,,,,
,,,,,,,,,,,,,confirmed_models/results_full_coverage_improvements/experiments/meta_logreg_knn_plus_lgbm/internal_summary__meta_logreg_knn_plus_lgbm__cal_isotonic__thr_kappa.csv,confirmed_models__results_full_coverage_improvements__experiments__meta_logreg_knn_plus_lgbm__internal_summary__meta_logreg_knn_plus_lgbm__cal_isotonic__thr_kappa.csv,confirmed_models,3,kappa,0.608612012036888,0.0918379515102227,,,,,,,,,,,,
,,,,,,,,,,,,,confirmed_models/results_full_coverage_improvements/experiments/meta_logreg_knn_plus_lgbm/internal_summary__meta_logreg_knn_plus_lgbm__cal_none__thr_f1.csv,confirmed_models__results_full_coverage_improvements__experiments__meta_logreg_knn_plus_lgbm__internal_summary__meta_logreg_knn_plus_lgbm__cal_none__thr_f1.csv,confirmed_models,0,auroc,0.9047761449077238,0.0044103550091096,,,,,,,,,,,,
,,,,,,,,,,,,,confirmed_models/results_full_coverage_improvements/experiments/meta_logreg_knn_plus_lgbm/internal_summary__meta_logreg_knn_plus_lgbm__cal_none__thr_f1.csv,confirmed_models__results_full_coverage_improvements__experiments__meta_logreg_knn_plus_lgbm__internal_summary__meta_logreg_knn_plus_lgbm__cal_none__thr_f1.csv,confirmed_models,1,accuracy,0.8104575163398693,0.0184864517957266,,,,,,,,,,,,
,,,,,,,,,,,,,confirmed_models/results_full_coverage_improvements/experiments/meta_logreg_knn_plus_lgbm/internal_summary__meta_logreg_knn_plus_lgbm__cal_none__thr_f1.csv,confirmed_models__results_full_coverage_improvements__experiments__meta_logreg_knn_plus_lgbm__internal_summary__meta_logreg_knn_plus_lgbm__cal_none__thr_f1.csv,confirmed_models,2,f1,0.7957812116752514,0.0359363564046731,,,,,,,,,,,,
,,,,,,,,,,,,,confirmed_models/results_full_coverage_improvements/experiments/meta_logreg_knn_plus_lgbm/internal_summary__meta_logreg_knn_plus_lgbm__cal_none__thr_f1.csv,confirmed_models__results_full_coverage_improvements__experiments__meta_logreg_knn_plus_lgbm__internal_summary__meta_logreg_knn_plus_lgbm__cal_none__thr_f1.csv,confirmed_models,3,kappa,0.6212724621296376,0.0365740108512304,,,,,,,,,,,,
,,,,,,,,,,,,,confirmed_models/results_full_coverage_improvements/experiments/meta_logreg_knn_plus_lgbm/internal_summary__meta_logreg_knn_plus_lgbm__cal_none__thr_kappa.csv,confirmed_models__results_full_coverage_improvements__experiments__meta_logreg_knn_plus_lgbm__internal_summary__meta_logreg_knn_plus_lgbm__cal_none__thr_kappa.csv,confirmed_models,0,auroc,0.9047761449077238,0.0044103550091096,,,,,,,,,,,,
,,,,,,,,,,,,,confirmed_models/results_full_coverage_improvements/experiments/meta_logreg_knn_plus_lgbm/internal_summary__meta_logreg_knn_plus_lgbm__cal_none__thr_kappa.csv,confirmed_models__results_full_coverage_improvements__experiments__meta_logreg_knn_plus_lgbm__internal_summary__meta_logreg_knn_plus_lgbm__cal_none__thr_kappa.csv,confirmed_models,1,accuracy,0.8104575163398693,0.0184864517957266,,,,,,,,,,,,
,,,,,,,,,,,,,confirmed_models/results_full_coverage_improvements/experiments/meta_logreg_knn_plus_lgbm/internal_summary__meta_logreg_knn_plus_lgbm__cal_none__thr_kappa.csv,confirmed_models__results_full_coverage_improvements__experiments__meta_logreg_knn_plus_lgbm__internal_summary__meta_logreg_knn_plus_lgbm__cal_none__thr_kappa.csv,confirmed_models,2,f1,0.7957812116752514,0.0359363564046731,,,,,,,,,,,,
,,,,,,,,,,,,,confirmed_models/results_full_coverage_improvements/experiments/meta_logreg_knn_plus_lgbm/internal_summary__meta_logreg_knn_plus_lgbm__cal_none__thr_kappa.csv,confirmed_models__results_full_coverage_improvements__experiments__meta_logreg_knn_plus_lgbm__internal_summary__meta_logreg_knn_plus_lgbm__cal_none__thr_kappa.csv,confirmed_models,3,kappa,0.6212724621296376,0.0365740108512304,,,,,,,,,,,,
,,,,,,,,,,,,,confirmed_models/results_full_coverage_improvements/experiments/meta_logreg_knn_plus_lgbm/internal_summary__meta_logreg_knn_plus_lgbm__cal_sigmoid__thr_f1.csv,confirmed_models__results_full_coverage_improvements__experiments__meta_logreg_knn_plus_lgbm__internal_summary__meta_logreg_knn_plus_lgbm__cal_sigmoid__thr_f1.csv,confirmed_models,0,auroc,0.9047761449077238,0.0044103550091096,,,,,,,,,,,,
,,,,,,,,,,,,,confirmed_models/results_full_coverage_improvements/experiments/meta_logreg_knn_plus_lgbm/internal_summary__meta_logreg_knn_plus_lgbm__cal_sigmoid__thr_f1.csv,confirmed_models__results_full_coverage_improvements__experiments__meta_logreg_knn_plus_lgbm__internal_summary__meta_logreg_knn_plus_lgbm__cal_sigmoid__thr_f1.csv,confirmed_models,1,accuracy,0.8104575163398693,0.0184864517957266,,,,,,,,,,,,
,,,,,,,,,,,,,confirmed_models/results_full_coverage_improvements/experiments/meta_logreg_knn_plus_lgbm/internal_summary__meta_logreg_knn_plus_lgbm__cal_sigmoid__thr_f1.csv,confirmed_models__results_full_coverage_improvements__experiments__meta_logreg_knn_plus_lgbm__internal_summary__meta_logreg_knn_plus_lgbm__cal_sigmoid__thr_f1.csv,confirmed_models,2,f1,0.7957812116752514,0.0359363564046731,,,,,,,,,,,,
,,,,,,,,,,,,,confirmed_models/results_full_coverage_improvements/experiments/meta_logreg_knn_plus_lgbm/internal_summary__meta_logreg_knn_plus_lgbm__cal_sigmoid__thr_f1.csv,confirmed_models__results_full_coverage_improvements__experiments__meta_logreg_knn_plus_lgbm__internal_summary__meta_logreg_knn_plus_lgbm__cal_sigmoid__thr_f1.csv,confirmed_models,3,kappa,0.6212724621296376,0.0365740108512304,,,,,,,,,,,,
,,,,,,,,,,,,,confirmed_models/results_full_coverage_improvements/experiments/meta_logreg_knn_plus_lgbm/internal_summary__meta_logreg_knn_plus_lgbm__cal_sigmoid__thr_kappa.csv,confirmed_models__results_full_coverage_improvements__experiments__meta_logreg_knn_plus_lgbm__internal_summary__meta_logreg_knn_plus_lgbm__cal_sigmoid__thr_kappa.csv,confirmed_models,0,auroc,0.9047761449077238,0.0044103550091096,,,,,,,,,,,,
,,,,,,,,,,,,,confirmed_models/results_full_coverage_improvements/experiments/meta_logreg_knn_plus_lgbm/internal_summary__meta_logreg_knn_plus_lgbm__cal_sigmoid__thr_kappa.csv,confirmed_models__results_full_coverage_improvements__experiments__meta_logreg_knn_plus_lgbm__internal_summary__meta_logreg_knn_plus_lgbm__cal_sigmoid__thr_kappa.csv,confirmed_models,1,accuracy,0.8104575163398693,0.0184864517957266,,,,,,,,,,,,
,,,,,,,,,,,,,confirmed_models/results_full_coverage_improvements/experiments/meta_logreg_knn_plus_lgbm/internal_summary__meta_logreg_knn_plus_lgbm__cal_sigmoid__thr_kappa.csv,confirmed_models__results_full_coverage_improvements__experiments__meta_logreg_knn_plus_lgbm__internal_summary__meta_logreg_knn_plus_lgbm__cal_sigmoid__thr_kappa.csv,confirmed_models,2,f1,0.7957812116752514,0.0359363564046731,,,,,,,,,,,,
,,,,,,,,,,,,,confirmed_models/results_full_coverage_improvements/experiments/meta_logreg_knn_plus_lgbm/internal_summary__meta_logreg_knn_plus_lgbm__cal_sigmoid__thr_kappa.csv,confirmed_models__results_full_coverage_improvements__experiments__meta_logreg_knn_plus_lgbm__internal_summary__meta_logreg_knn_plus_lgbm__cal_sigmoid__thr_kappa.csv,confirmed_models,3,kappa,0.6212724621296376,0.0365740108512304,,,,,,,,,,,,
0.7781456953642384,0.7677419354838709,0.7933333333333333,0.780327868852459,0.556369217276913,0.8506578947368422,0.7631578947368421,0.7933333333333333,0.5566743747685913,119.0,36.0,116.0,31.0,confirmed_models/results_full_coverage_improvements/experiments/stacking_combo_logreg/external_metrics__stacking_combo_logreg__cal_isotonic__thr_f1.csv,confirmed_models__results_full_coverage_improvements__experiments__stacking_combo_logreg__external_metrics__stacking_combo_logreg__cal_isotonic__thr_f1.csv,confirmed_models,0,,,,,,,,,,,,,,,
0.7450331125827815,0.8543689320388349,0.5866666666666667,0.6956521739130435,0.4889904627961148,0.8506578947368422,0.9013157894736842,0.5866666666666667,0.514667188411517,88.0,15.0,137.0,62.0,confirmed_models/results_full_coverage_improvements/experiments/stacking_combo_logreg/external_metrics__stacking_combo_logreg__cal_isotonic__thr_kappa.csv,confirmed_models__results_full_coverage_improvements__experiments__stacking_combo_logreg__external_metrics__stacking_combo_logreg__cal_isotonic__thr_kappa.csv,confirmed_models,0,,,,,,,,,,,,,,,
0.7781456953642384,0.7677419354838709,0.7933333333333333,0.780327868852459,0.556369217276913,0.8509210526315789,0.7631578947368421,0.7933333333333333,0.5566743747685913,119.0,36.0,116.0,31.0,confirmed_models/results_full_coverage_improvements/experiments/stacking_combo_logreg/external_metrics__stacking_combo_logreg__cal_none__thr_f1.csv,confirmed_models__results_full_coverage_improvements__experiments__stacking_combo_logreg__external_metrics__stacking_combo_logreg__cal_none__thr_f1.csv,confirmed_models,0,,,,,,,,,,,,,,,
0.7781456953642384,0.7677419354838709,0.7933333333333333,0.780327868852459,0.556369217276913,0.8509210526315789,0.7631578947368421,0.7933333333333333,0.5566743747685913,119.0,36.0,116.0,31.0,confirmed_models/results_full_coverage_improvements/experiments/stacking_combo_logreg/external_metrics__stacking_combo_logreg__cal_none__thr_kappa.csv,confirmed_models__results_full_coverage_improvements__experiments__stacking_combo_logreg__external_metrics__stacking_combo_logreg__cal_none__thr_kappa.csv,confirmed_models,0,,,,,,,,,,,,,,,
0.7781456953642384,0.7677419354838709,0.7933333333333333,0.780327868852459,0.556369217276913,0.8509210526315789,0.7631578947368421,0.7933333333333333,0.5566743747685913,119.0,36.0,116.0,31.0,confirmed_models/results_full_coverage_improvements/experiments/stacking_combo_logreg/external_metrics__stacking_combo_logreg__cal_sigmoid__thr_f1.csv,confirmed_models__results_full_coverage_improvements__experiments__stacking_combo_logreg__external_metrics__stacking_combo_logreg__cal_sigmoid__thr_f1.csv,confirmed_models,0,,,,,,,,,,,,,,,
0.7781456953642384,0.7677419354838709,0.7933333333333333,0.780327868852459,0.556369217276913,0.8509210526315789,0.7631578947368421,0.7933333333333333,0.5566743747685913,119.0,36.0,116.0,31.0,confirmed_models/results_full_coverage_improvements/experiments/stacking_combo_logreg/external_metrics__stacking_combo_logreg__cal_sigmoid__thr_kappa.csv,confirmed_models__results_full_coverage_improvements__experiments__stacking_combo_logreg__external_metrics__stacking_combo_logreg__cal_sigmoid__thr_kappa.csv,confirmed_models,0,,,,,,,,,,,,,,,
,,,,,,,,,,,,,confirmed_models/results_full_coverage_improvements/experiments/stacking_combo_logreg/internal_summary__stacking_combo_logreg__cal_isotonic__thr_f1.csv,confirmed_models__results_full_coverage_improvements__experiments__stacking_combo_logreg__internal_summary__stacking_combo_logreg__cal_isotonic__thr_f1.csv,confirmed_models,0,auroc,0.901443950786056,0.0063436613144727,,,,,,,,,,,,
,,,,,,,,,,,,,confirmed_models/results_full_coverage_improvements/experiments/stacking_combo_logreg/internal_summary__stacking_combo_logreg__cal_isotonic__thr_f1.csv,confirmed_models__results_full_coverage_improvements__experiments__stacking_combo_logreg__internal_summary__stacking_combo_logreg__cal_isotonic__thr_f1.csv,confirmed_models,1,accuracy,0.8071895424836601,0.0046216129489316,,,,,,,,,,,,
,,,,,,,,,,,,,confirmed_models/results_full_coverage_improvements/experiments/stacking_combo_logreg/internal_summary__stacking_combo_logreg__cal_isotonic__thr_f1.csv,confirmed_models__results_full_coverage_improvements__experiments__stacking_combo_logreg__internal_summary__stacking_combo_logreg__cal_isotonic__thr_f1.csv,confirmed_models,2,f1,0.8034766454352442,0.0167018321458606,,,,,,,,,,,,
,,,,,,,,,,,,,confirmed_models/results_full_coverage_improvements/experiments/stacking_combo_logreg/internal_summary__stacking_combo_logreg__cal_isotonic__thr_f1.csv,confirmed_models__results_full_coverage_improvements__experiments__stacking_combo_logreg__internal_summary__stacking_combo_logreg__cal_isotonic__thr_f1.csv,confirmed_models,3,kappa,0.6144814077740955,0.0089381593833584,,,,,,,,,,,,
,,,,,,,,,,,,,confirmed_models/results_full_coverage_improvements/experiments/stacking_combo_logreg/internal_summary__stacking_combo_logreg__cal_isotonic__thr_kappa.csv,confirmed_models__results_full_coverage_improvements__experiments__stacking_combo_logreg__internal_summary__stacking_combo_logreg__cal_isotonic__thr_kappa.csv,confirmed_models,0,auroc,0.901443950786056,0.0063436613144727,,,,,,,,,,,,
,,,,,,,,,,,,,confirmed_models/results_full_coverage_improvements/experiments/stacking_combo_logreg/internal_summary__stacking_combo_logreg__cal_isotonic__thr_kappa.csv,confirmed_models__results_full_coverage_improvements__experiments__stacking_combo_logreg__internal_summary__stacking_combo_logreg__cal_isotonic__thr_kappa.csv,confirmed_models,1,accuracy,0.8104575163398693,0.0462161294893168,,,,,,,,,,,,
,,,,,,,,,,,,,confirmed_models/results_full_coverage_improvements/experiments/stacking_combo_logreg/internal_summary__stacking_combo_logreg__cal_isotonic__thr_kappa.csv,confirmed_models__results_full_coverage_improvements__experiments__stacking_combo_logreg__internal_summary__stacking_combo_logreg__cal_isotonic__thr_kappa.csv,confirmed_models,2,f1,0.7746679316888045,0.0691005678009623,,,,,,,,,,,,
,,,,,,,,,,,,,confirmed_models/results_full_coverage_improvements/experiments/stacking_combo_logreg/internal_summary__stacking_combo_logreg__cal_isotonic__thr_kappa.csv,confirmed_models__results_full_coverage_improvements__experiments__stacking_combo_logreg__internal_summary__stacking_combo_logreg__cal_isotonic__thr_kappa.csv,confirmed_models,3,kappa,0.6217078964768923,0.0919733509784593,,,,,,,,,,,,
,,,,,,,,,,,,,confirmed_models/results_full_coverage_improvements/experiments/stacking_combo_logreg/internal_summary__stacking_combo_logreg__cal_none__thr_f1.csv,confirmed_models__results_full_coverage_improvements__experiments__stacking_combo_logreg__internal_summary__stacking_combo_logreg__cal_none__thr_f1.csv,confirmed_models,0,auroc,0.9064849624060152,0.0036853651445983,,,,,,,,,,,,
,,,,,,,,,,,,,confirmed_models/results_full_coverage_improvements/experiments/stacking_combo_logreg/internal_summary__stacking_combo_logreg__cal_none__thr_f1.csv,confirmed_models__results_full_coverage_improvements__experiments__stacking_combo_logreg__internal_summary__stacking_combo_logreg__cal_none__thr_f1.csv,confirmed_models,1,accuracy,0.8071895424836601,0.0046216129489316,,,,,,,,,,,,
,,,,,,,,,,,,,confirmed_models/results_full_coverage_improvements/experiments/stacking_combo_logreg/internal_summary__stacking_combo_logreg__cal_none__thr_f1.csv,confirmed_models__results_full_coverage_improvements__experiments__stacking_combo_logreg__internal_summary__stacking_combo_logreg__cal_none__thr_f1.csv,confirmed_models,2,f1,0.8034766454352442,0.0167018321458606,,,,,,,,,,,,
,,,,,,,,,,,,,confirmed_models/results_full_coverage_improvements/experiments/stacking_combo_logreg/internal_summary__stacking_combo_logreg__cal_none__thr_f1.csv,confirmed_models__results_full_coverage_improvements__experiments__stacking_combo_logreg__internal_summary__stacking_combo_logreg__cal_none__thr_f1.csv,confirmed_models,3,kappa,0.6144814077740955,0.0089381593833584,,,,,,,,,,,,
,,,,,,,,,,,,,confirmed_models/results_full_coverage_improvements/experiments/stacking_combo_logreg/internal_summary__stacking_combo_logreg__cal_none__thr_kappa.csv,confirmed_models__results_full_coverage_improvements__experiments__stacking_combo_logreg__internal_summary__stacking_combo_logreg__cal_none__thr_kappa.csv,confirmed_models,0,auroc,0.9064849624060152,0.0036853651445983,,,,,,,,,,,,
,,,,,,,,,,,,,confirmed_models/results_full_coverage_improvements/experiments/stacking_combo_logreg/internal_summary__stacking_combo_logreg__cal_none__thr_kappa.csv,confirmed_models__results_full_coverage_improvements__experiments__stacking_combo_logreg__internal_summary__stacking_combo_logreg__cal_none__thr_kappa.csv,confirmed_models,1,accuracy,0.8071895424836601,0.0046216129489316,,,,,,,,,,,,
,,,,,,,,,,,,,confirmed_models/results_full_coverage_improvements/experiments/stacking_combo_logreg/internal_summary__stacking_combo_logreg__cal_none__thr_kappa.csv,confirmed_models__results_full_coverage_improvements__experiments__stacking_combo_logreg__internal_summary__stacking_combo_logreg__cal_none__thr_kappa.csv,confirmed_models,2,f1,0.8034766454352442,0.0167018321458606,,,,,,,,,,,,
,,,,,,,,,,,,,confirmed_models/results_full_coverage_improvements/experiments/stacking_combo_logreg/internal_summary__stacking_combo_logreg__cal_none__thr_kappa.csv,confirmed_models__results_full_coverage_improvements__experiments__stacking_combo_logreg__internal_summary__stacking_combo_logreg__cal_none__thr_kappa.csv,confirmed_models,3,kappa,0.6144814077740955,0.0089381593833584,,,,,,,,,,,,
,,,,,,,,,,,,,confirmed_models/results_full_coverage_improvements/experiments/stacking_combo_logreg/internal_summary__stacking_combo_logreg__cal_sigmoid__thr_f1.csv,confirmed_models__results_full_coverage_improvements__experiments__stacking_combo_logreg__internal_summary__stacking_combo_logreg__cal_sigmoid__thr_f1.csv,confirmed_models,0,auroc,0.9064849624060152,0.0036853651445983,,,,,,,,,,,,
,,,,,,,,,,,,,confirmed_models/results_full_coverage_improvements/experiments/stacking_combo_logreg/internal_summary__stacking_combo_logreg__cal_sigmoid__thr_f1.csv,confirmed_models__results_full_coverage_improvements__experiments__stacking_combo_logreg__internal_summary__stacking_combo_logreg__cal_sigmoid__thr_f1.csv,confirmed_models,1,accuracy,0.8071895424836601,0.0046216129489316,,,,,,,,,,,,
,,,,,,,,,,,,,confirmed_models/results_full_coverage_improvements/experiments/stacking_combo_logreg/internal_summary__stacking_combo_logreg__cal_sigmoid__thr_f1.csv,confirmed_models__results_full_coverage_improvements__experiments__stacking_combo_logreg__internal_summary__stacking_combo_logreg__cal_sigmoid__thr_f1.csv,confirmed_models,2,f1,0.8034766454352442,0.0167018321458606,,,,,,,,,,,,
,,,,,,,,,,,,,confirmed_models/results_full_coverage_improvements/experiments/stacking_combo_logreg/internal_summary__stacking_combo_logreg__cal_sigmoid__thr_f1.csv,confirmed_models__results_full_coverage_improvements__experiments__stacking_combo_logreg__internal_summary__stacking_combo_logreg__cal_sigmoid__thr_f1.csv,confirmed_models,3,kappa,0.6144814077740955,0.0089381593833584,,,,,,,,,,,,
,,,,,,,,,,,,,confirmed_models/results_full_coverage_improvements/experiments/stacking_combo_logreg/internal_summary__stacking_combo_logreg__cal_sigmoid__thr_kappa.csv,confirmed_models__results_full_coverage_improvements__experiments__stacking_combo_logreg__internal_summary__stacking_combo_logreg__cal_sigmoid__thr_kappa.csv,confirmed_models,0,auroc,0.9064849624060152,0.0036853651445983,,,,,,,,,,,,
,,,,,,,,,,,,,confirmed_models/results_full_coverage_improvements/experiments/stacking_combo_logreg/internal_summary__stacking_combo_logreg__cal_sigmoid__thr_kappa.csv,confirmed_models__results_full_coverage_improvements__experiments__stacking_combo_logreg__internal_summary__stacking_combo_logreg__cal_sigmoid__thr_kappa.csv,confirmed_models,1,accuracy,0.8071895424836601,0.0046216129489316,,,,,,,,,,,,
,,,,,,,,,,,,,confirmed_models/results_full_coverage_improvements/experiments/stacking_combo_logreg/internal_summary__stacking_combo_logreg__cal_sigmoid__thr_kappa.csv,confirmed_models__results_full_coverage_improvements__experiments__stacking_combo_logreg__internal_summary__stacking_combo_logreg__cal_sigmoid__thr_kappa.csv,confirmed_models,2,f1,0.8034766454352442,0.0167018321458606,,,,,,,,,,,,
,,,,,,,,,,,,,confirmed_models/results_full_coverage_improvements/experiments/stacking_combo_logreg/internal_summary__stacking_combo_logreg__cal_sigmoid__thr_kappa.csv,confirmed_models__results_full_coverage_improvements__experiments__stacking_combo_logreg__internal_summary__stacking_combo_logreg__cal_sigmoid__thr_kappa.csv,confirmed_models,3,kappa,0.6144814077740955,0.0089381593833584,,,,,,,,,,,,
0.7516556291390728,0.8378378378378378,0.62,0.7126436781609196,0.5024383814419402,0.848969298245614,0.881578947368421,0.62,0.5201499369352947,93.0,18.0,134.0,57.0,confirmed_models/results_full_coverage_improvements/experiments/weighted_knn_r2/external_metrics__weighted_knn_r2__cal_isotonic__thr_f1.csv,confirmed_models__results_full_coverage_improvements__experiments__weighted_knn_r2__external_metrics__weighted_knn_r2__cal_isotonic__thr_f1.csv,confirmed_models,0,,,,,,,,,,,,,,,
0.7516556291390728,0.8378378378378378,0.62,0.7126436781609196,0.5024383814419402,0.848969298245614,0.881578947368421,0.62,0.5201499369352947,93.0,18.0,134.0,57.0,confirmed_models/results_full_coverage_improvements/experiments/weighted_knn_r2/external_metrics__weighted_knn_r2__cal_isotonic__thr_kappa.csv,confirmed_models__results_full_coverage_improvements__experiments__weighted_knn_r2__external_metrics__weighted_knn_r2__cal_isotonic__thr_kappa.csv,confirmed_models,0,,,,,,,,,,,,,,,
0.7715231788079471,0.7718120805369127,0.7666666666666667,0.7692307692307693,0.5430062722049213,0.8566008771929825,0.7763157894736842,0.7666666666666667,0.5430181821959964,115.0,34.0,118.0,35.0,confirmed_models/results_full_coverage_improvements/experiments/weighted_knn_r2/external_metrics__weighted_knn_r2__cal_none__thr_f1.csv,confirmed_models__results_full_coverage_improvements__experiments__weighted_knn_r2__external_metrics__weighted_knn_r2__cal_none__thr_f1.csv,confirmed_models,0,,,,,,,,,,,,,,,
0.7715231788079471,0.7718120805369127,0.7666666666666667,0.7692307692307693,0.5430062722049213,0.8566008771929825,0.7763157894736842,0.7666666666666667,0.5430181821959964,115.0,34.0,118.0,35.0,confirmed_models/results_full_coverage_improvements/experiments/weighted_knn_r2/external_metrics__weighted_knn_r2__cal_none__thr_kappa.csv,confirmed_models__results_full_coverage_improvements__experiments__weighted_knn_r2__external_metrics__weighted_knn_r2__cal_none__thr_kappa.csv,confirmed_models,0,,,,,,,,,,,,,,,
0.7715231788079471,0.8091603053435115,0.7066666666666667,0.7544483985765125,0.5426451867784557,0.8566008771929825,0.8355263157894737,0.7066666666666667,0.5470003607226618,106.0,25.0,127.0,44.0,confirmed_models/results_full_coverage_improvements/experiments/weighted_knn_r2/external_metrics__weighted_knn_r2__cal_sigmoid__thr_f1.csv,confirmed_models__results_full_coverage_improvements__experiments__weighted_knn_r2__external_metrics__weighted_knn_r2__cal_sigmoid__thr_f1.csv,confirmed_models,0,,,,,,,,,,,,,,,
0.7549668874172185,0.8333333333333334,0.6333333333333333,0.7196969696969697,0.5091372342294851,0.8566008771929825,0.875,0.6333333333333333,0.5243058001815534,95.0,19.0,133.0,55.0,confirmed_models/results_full_coverage_improvements/experiments/weighted_knn_r2/external_metrics__weighted_knn_r2__cal_sigmoid__thr_kappa.csv,confirmed_models__results_full_coverage_improvements__experiments__weighted_knn_r2__external_metrics__weighted_knn_r2__cal_sigmoid__thr_kappa.csv,confirmed_models,0,,,,,,,,,,,,,,,
,,,,,,,,,,,,,confirmed_models/results_full_coverage_improvements/experiments/weighted_knn_r2/internal_summary__weighted_knn_r2__cal_isotonic__thr_f1.csv,confirmed_models__results_full_coverage_improvements__experiments__weighted_knn_r2__internal_summary__weighted_knn_r2__cal_isotonic__thr_f1.csv,confirmed_models,0,auroc,0.8829032809295967,0.0030812069241724,,,,,,,,,,,,
,,,,,,,,,,,,,confirmed_models/results_full_coverage_improvements/experiments/weighted_knn_r2/internal_summary__weighted_knn_r2__cal_isotonic__thr_f1.csv,confirmed_models__results_full_coverage_improvements__experiments__weighted_knn_r2__internal_summary__weighted_knn_r2__cal_isotonic__thr_f1.csv,confirmed_models,1,accuracy,0.7941176470588236,0.013864838846795,,,,,,,,,,,,
,,,,,,,,,,,,,confirmed_models/results_full_coverage_improvements/experiments/weighted_knn_r2/internal_summary__weighted_knn_r2__cal_isotonic__thr_f1.csv,confirmed_models__results_full_coverage_improvements__experiments__weighted_knn_r2__internal_summary__weighted_knn_r2__cal_isotonic__thr_f1.csv,confirmed_models,2,f1,0.7644449373405788,0.034347651121183,,,,,,,,,,,,
,,,,,,,,,,,,,confirmed_models/results_full_coverage_improvements/experiments/weighted_knn_r2/internal_summary__weighted_knn_r2__cal_isotonic__thr_f1.csv,confirmed_models__results_full_coverage_improvements__experiments__weighted_knn_r2__internal_summary__weighted_knn_r2__cal_isotonic__thr_f1.csv,confirmed_models,3,kappa,0.5889149868281811,0.0273128159302048,,,,,,,,,,,,
,,,,,,,,,,,,,confirmed_models/results_full_coverage_improvements/experiments/weighted_knn_r2/internal_summary__weighted_knn_r2__cal_isotonic__thr_kappa.csv,confirmed_models__results_full_coverage_improvements__experiments__weighted_knn_r2__internal_summary__weighted_knn_r2__cal_isotonic__thr_kappa.csv,confirmed_models,0,auroc,0.8829032809295967,0.0030812069241724,,,,,,,,,,,,
,,,,,,,,,,,,,confirmed_models/results_full_coverage_improvements/experiments/weighted_knn_r2/internal_summary__weighted_knn_r2__cal_isotonic__thr_kappa.csv,confirmed_models__results_full_coverage_improvements__experiments__weighted_knn_r2__internal_summary__weighted_knn_r2__cal_isotonic__thr_kappa.csv,confirmed_models,1,accuracy,0.7941176470588236,0.013864838846795,,,,,,,,,,,,
,,,,,,,,,,,,,confirmed_models/results_full_coverage_improvements/experiments/weighted_knn_r2/internal_summary__weighted_knn_r2__cal_isotonic__thr_kappa.csv,confirmed_models__results_full_coverage_improvements__experiments__weighted_knn_r2__internal_summary__weighted_knn_r2__cal_isotonic__thr_kappa.csv,confirmed_models,2,f1,0.7644449373405788,0.034347651121183,,,,,,,,,,,,
,,,,,,,,,,,,,confirmed_models/results_full_coverage_improvements/experiments/weighted_knn_r2/internal_summary__weighted_knn_r2__cal_isotonic__thr_kappa.csv,confirmed_models__results_full_coverage_improvements__experiments__weighted_knn_r2__internal_summary__weighted_knn_r2__cal_isotonic__thr_kappa.csv,confirmed_models,3,kappa,0.5889149868281811,0.0273128159302048,,,,,,,,,,,,
,,,,,,,,,,,,,confirmed_models/results_full_coverage_improvements/experiments/weighted_knn_r2/internal_summary__weighted_knn_r2__cal_none__thr_f1.csv,confirmed_models__results_full_coverage_improvements__experiments__weighted_knn_r2__internal_summary__weighted_knn_r2__cal_none__thr_f1.csv,confirmed_models,0,auroc,0.8945659603554341,0.0019333063053631,,,,,,,,,,,,
,,,,,,,,,,,,,confirmed_models/results_full_coverage_improvements/experiments/weighted_knn_r2/internal_summary__weighted_knn_r2__cal_none__thr_f1.csv,confirmed_models__results_full_coverage_improvements__experiments__weighted_knn_r2__internal_summary__weighted_knn_r2__cal_none__thr_f1.csv,confirmed_models,1,accuracy,0.7875816993464052,0.0046216129489316,,,,,,,,,,,,
,,,,,,,,,,,,,confirmed_models/results_full_coverage_improvements/experiments/weighted_knn_r2/internal_summary__weighted_knn_r2__cal_none__thr_f1.csv,confirmed_models__results_full_coverage_improvements__experiments__weighted_knn_r2__internal_summary__weighted_knn_r2__cal_none__thr_f1.csv,confirmed_models,2,f1,0.7851153039832286,0.0103768290740164,,,,,,,,,,,,
,,,,,,,,,,,,,confirmed_models/results_full_coverage_improvements/experiments/weighted_knn_r2/internal_summary__weighted_knn_r2__cal_none__thr_f1.csv,confirmed_models__results_full_coverage_improvements__experiments__weighted_knn_r2__internal_summary__weighted_knn_r2__cal_none__thr_f1.csv,confirmed_models,3,kappa,0.5752316189933069,0.0096265054936312,,,,,,,,,,,,
,,,,,,,,,,,,,confirmed_models/results_full_coverage_improvements/experiments/weighted_knn_r2/internal_summary__weighted_knn_r2__cal_none__thr_kappa.csv,confirmed_models__results_full_coverage_improvements__experiments__weighted_knn_r2__internal_summary__weighted_knn_r2__cal_none__thr_kappa.csv,confirmed_models,0,auroc,0.8945659603554341,0.0019333063053631,,,,,,,,,,,,
,,,,,,,,,,,,,confirmed_models/results_full_coverage_improvements/experiments/weighted_knn_r2/internal_summary__weighted_knn_r2__cal_none__thr_kappa.csv,confirmed_models__results_full_coverage_improvements__experiments__weighted_knn_r2__internal_summary__weighted_knn_r2__cal_none__thr_kappa.csv,confirmed_models,1,accuracy,0.7875816993464052,0.0046216129489316,,,,,,,,,,,,
,,,,,,,,,,,,,confirmed_models/results_full_coverage_improvements/experiments/weighted_knn_r2/internal_summary__weighted_knn_r2__cal_none__thr_kappa.csv,confirmed_models__results_full_coverage_improvements__experiments__weighted_knn_r2__internal_summary__weighted_knn_r2__cal_none__thr_kappa.csv,confirmed_models,2,f1,0.7851153039832286,0.0103768290740164,,,,,,,,,,,,
,,,,,,,,,,,,,confirmed_models/results_full_coverage_improvements/experiments/weighted_knn_r2/internal_summary__weighted_knn_r2__cal_none__thr_kappa.csv,confirmed_models__results_full_coverage_improvements__experiments__weighted_knn_r2__internal_summary__weighted_knn_r2__cal_none__thr_kappa.csv,confirmed_models,3,kappa,0.5752316189933069,0.0096265054936312,,,,,,,,,,,,
,,,,,,,,,,,,,confirmed_models/results_full_coverage_improvements/experiments/weighted_knn_r2/internal_summary__weighted_knn_r2__cal_sigmoid__thr_f1.csv,confirmed_models__results_full_coverage_improvements__experiments__weighted_knn_r2__internal_summary__weighted_knn_r2__cal_sigmoid__thr_f1.csv,confirmed_models,0,auroc,0.8945659603554341,0.0019333063053631,,,,,,,,,,,,
,,,,,,,,,,,,,confirmed_models/results_full_coverage_improvements/experiments/weighted_knn_r2/internal_summary__weighted_knn_r2__cal_sigmoid__thr_f1.csv,confirmed_models__results_full_coverage_improvements__experiments__weighted_knn_r2__internal_summary__weighted_knn_r2__cal_sigmoid__thr_f1.csv,confirmed_models,1,accuracy,0.7973856209150327,0.0369729035914534,,,,,,,,,,,,
,,,,,,,,,,,,,confirmed_models/results_full_coverage_improvements/experiments/weighted_knn_r2/internal_summary__weighted_knn_r2__cal_sigmoid__thr_f1.csv,confirmed_models__results_full_coverage_improvements__experiments__weighted_knn_r2__internal_summary__weighted_knn_r2__cal_sigmoid__thr_f1.csv,confirmed_models,2,f1,0.7765843179377014,0.0562039761630553,,,,,,,,,,,,
,,,,,,,,,,,,,confirmed_models/results_full_coverage_improvements/experiments/weighted_knn_r2/internal_summary__weighted_knn_r2__cal_sigmoid__thr_f1.csv,confirmed_models__results_full_coverage_improvements__experiments__weighted_knn_r2__internal_summary__weighted_knn_r2__cal_sigmoid__thr_f1.csv,confirmed_models,3,kappa,0.5952691499381243,0.0735186950991172,,,,,,,,,,,,
,,,,,,,,,,,,,confirmed_models/results_full_coverage_improvements/experiments/weighted_knn_r2/internal_summary__weighted_knn_r2__cal_sigmoid__thr_kappa.csv,confirmed_models__results_full_coverage_improvements__experiments__weighted_knn_r2__internal_summary__weighted_knn_r2__cal_sigmoid__thr_kappa.csv,confirmed_models,0,auroc,0.8945659603554341,0.0019333063053631,,,,,,,,,,,,
,,,,,,,,,,,,,confirmed_models/results_full_coverage_improvements/experiments/weighted_knn_r2/internal_summary__weighted_knn_r2__cal_sigmoid__thr_kappa.csv,confirmed_models__results_full_coverage_improvements__experiments__weighted_knn_r2__internal_summary__weighted_knn_r2__cal_sigmoid__thr_kappa.csv,confirmed_models,1,accuracy,0.7973856209150327,0.0092432258978634,,,,,,,,,,,,
,,,,,,,,,,,,,confirmed_models/results_full_coverage_improvements/experiments/weighted_knn_r2/internal_summary__weighted_knn_r2__cal_sigmoid__thr_kappa.csv,confirmed_models__results_full_coverage_improvements__experiments__weighted_knn_r2__internal_summary__weighted_knn_r2__cal_sigmoid__thr_kappa.csv,confirmed_models,2,f1,0.7712892741061754,0.0246682972418275,,,,,,,,,,,,
,,,,,,,,,,,,,confirmed_models/results_full_coverage_improvements/experiments/weighted_knn_r2/internal_summary__weighted_knn_r2__cal_sigmoid__thr_kappa.csv,confirmed_models__results_full_coverage_improvements__experiments__weighted_knn_r2__internal_summary__weighted_knn_r2__cal_sigmoid__thr_kappa.csv,confirmed_models,3,kappa,0.5953827906194675,0.0181659600897995,,,,,,,,,,,,
0.7203947368421053,,,0.7157190635451505,0.4406442116200537,0.7831601731601732,,,,,,,,confirmed_models/results_nephro_chemberta/external_metrics.csv,confirmed_models__results_nephro_chemberta__external_metrics.csv,confirmed_models,0,,,,chemberta_hybrid_cb_lgbm,1527.0,304.0,,,,,,,,,
0.6743421052631579,,,,0.3485150229457096,0.7340692640692641,,,,,,,,confirmed_models/results_nephro_sota/external_metrics.csv,confirmed_models__results_nephro_sota__external_metrics.csv,confirmed_models,0,,,,nephro_sota_catboost,1463.0,304.0,64.0,0.8905078049953561,,,,,,,
0.743421052631579,,,0.7253521126760564,0.4860412692907925,0.8184848484848485,,,,,,,,confirmed_models/results_nephro_unsupervised/external_metrics.csv,confirmed_models__results_nephro_unsupervised__external_metrics.csv,confirmed_models,0,,,,,,,,,PCA,,,,,,
0.7368421052631579,,,0.726027397260274,0.4732282100155952,0.827056277056277,,,,,,,,confirmed_models/results_nephro_unsupervised/external_metrics.csv,confirmed_models__results_nephro_unsupervised__external_metrics.csv,confirmed_models,1,,,,,,,,,Autoencoder,,,,,,
,,,0.9137380191693292,0.8235294117647058,,0.8888888888830793,,0.8243926780795865,,,,,noteworthy_models/nephrotox_fixed/results/cv_metrics.csv,noteworthy_models__nephrotox_fixed__results__cv_metrics.csv,nephrotox_fixed,0,,,,,,,,,,1.0,0.9735571788628306,0.9117647058823528,0.934640522875817,,
,,,0.930379746835443,0.8562091503267975,,0.8954248365954548,,0.8580438339046541,,,,,noteworthy_models/nephrotox_fixed/results/cv_metrics.csv,noteworthy_models__nephrotox_fixed__results__cv_metrics.csv,nephrotox_fixed,1,,,,,,,,,,2.0,0.98560382758768,0.9281045751633988,0.9607843137254902,,
,,,0.9108910891089108,0.8229451097589817,,0.9150326797325816,,0.8229628044590118,,,,,noteworthy_models/nephrotox_fixed/results/cv_metrics.csv,noteworthy_models__nephrotox_fixed__results__cv_metrics.csv,nephrotox_fixed,2,,,,,,,,,,3.0,0.9745442036463708,0.9114754098360656,0.9078947368421052,,
,,,0.9308176100628932,0.8556989247311828,,0.888157894730999,,0.8583619232097296,,,,,noteworthy_models/nephrotox_fixed/results/cv_metrics.csv,noteworthy_models__nephrotox_fixed__results__cv_metrics.csv,nephrotox_fixed,3,,,,,,,,,,4.0,0.9836601307189542,0.9278688524590164,0.9673202614379084,,
,,,0.939297124600639,0.875389743038383,,0.91447368420451,,0.8763137071136844,,,,,noteworthy_models/nephrotox_fixed/results/cv_metrics.csv,noteworthy_models__nephrotox_fixed__results__cv_metrics.csv,nephrotox_fixed,4,,,,,,,,,,5.0,0.9871431028551771,0.9377049180327868,0.9607843137254902,,
,,,,,,,,,,,,,noteworthy_models/nephrotox_fixed/results/cv_summary.csv,noteworthy_models__nephrotox_fixed__results__cv_summary.csv,nephrotox_fixed,0,auc,0.9809016887342026,0.005710232991793,,,,,,,,,,,,
,,,,,,,,,,,,,noteworthy_models/nephrotox_fixed/results/cv_summary.csv,noteworthy_models__nephrotox_fixed__results__cv_summary.csv,nephrotox_fixed,1,acc,0.923383692274724,0.0102402044878577,,,,,,,,,,,,
,,,,,,,,,,,,,noteworthy_models/nephrotox_fixed/results/cv_summary.csv,noteworthy_models__nephrotox_fixed__results__cv_summary.csv,nephrotox_fixed,2,se,0.9462848297213622,0.0222366749918444,,,,,,,,,,,,
,,,,,,,,,,,,,noteworthy_models/nephrotox_fixed/results/cv_summary.csv,noteworthy_models__nephrotox_fixed__results__cv_summary.csv,nephrotox_fixed,3,f1,0.9250247179554428,0.0108911391376661,,,,,,,,,,,,
,,,,,,,,,,,,,noteworthy_models/nephrotox_fixed/results/cv_summary.csv,noteworthy_models__nephrotox_fixed__results__cv_summary.csv,nephrotox_fixed,4,kappa,0.8467544679240101,0.0204727236957969,,,,,,,,,,,,
,,,,,,,,,,,,,noteworthy_models/nephrotox_fixed/results/cv_summary.csv,noteworthy_models__nephrotox_fixed__results__cv_summary.csv,nephrotox_fixed,5,specificity,0.9003955968293249,0.0119942559399934,,,,,,,,,,,,
,,,,,,,,,,,,,noteworthy_models/nephrotox_fixed/results/cv_summary.csv,noteworthy_models__nephrotox_fixed__results__cv_summary.csv,nephrotox_fixed,6,mcc,0.8480149893533333,0.0209479342563235,,,,,,,,,,,,
,,,0.6345381526104418,0.3985563962083659,,0.87012987012422,,0.4233302812698527,,,,,noteworthy_models/nephrotox_fixed/results/external_metrics.csv,noteworthy_models__nephrotox_fixed__results__external_metrics.csv,nephrotox_fixed,0,,,,,,,,,,,0.734978354978355,0.7006578947368421,0.5266666666666666,all,0.7805245535981994
,,,0.6851851851851852,0.4686192468619247,,0.9032258064443288,,0.4990459669247827,,,,,noteworthy_models/nephrotox_fixed/results/external_metrics.csv,noteworthy_models__nephrotox_fixed__results__external_metrics.csv,nephrotox_fixed,1,,,,,,,,,,,0.7594292803970223,0.7322834645669292,0.5692307692307692,high_confidence,0.809695281590884
0.6788079470198676,,0.56,0.6339622641509434,0.3566000439270811,0.7278508771929824,0.7960526315789473,,0.3666164097114309,,,,,noteworthy_models/nephrotox_project_plus/outputs_compare/leaderboard.csv,noteworthy_models__nephrotox_project_plus__outputs_compare__leaderboard.csv,nephrotox_project_plus,0,,,,chemberta,,,,,,,,,,,
0.6589403973509934,,0.58,0.628158844765343,0.3171620494358343,0.6840789473684211,0.7368421052631579,,0.3209145654362835,,,,,noteworthy_models/nephrotox_project_plus/outputs_compare/leaderboard.csv,noteworthy_models__nephrotox_project_plus__outputs_compare__leaderboard.csv,nephrotox_project_plus,1,,,,gin_hybrid,,,,,,,,,,,
0.6059602649006622,,0.4666666666666667,0.5405405405405406,0.210466189199877,0.6421052631578948,0.743421052631579,,0.2187138001136548,,,,,noteworthy_models/nephrotox_project_plus/outputs_compare/leaderboard.csv,noteworthy_models__nephrotox_project_plus__outputs_compare__leaderboard.csv,nephrotox_project_plus,2,,,,gin,,,,,,,,,,,
