source_csv,source_name,model_group,row_index,metric,score
confirmed_models/results_full_coverage_descriptor_fp_meta_v4/summaries/external_metrics__blend_challenger_desc_logreg_50_50__cal_none__thr_f1.csv,confirmed_models__results_full_coverage_descriptor_fp_meta_v4__summaries__external_metrics__blend_challenger_desc_logreg_50_50__cal_none__thr_f1.csv,confirmed_models,0,accuracy,0.7615894039735099
confirmed_models/results_full_coverage_descriptor_fp_meta_v4/summaries/external_metrics__blend_challenger_desc_logreg_50_50__cal_none__thr_f1.csv,confirmed_models__results_full_coverage_descriptor_fp_meta_v4__summaries__external_metrics__blend_challenger_desc_logreg_50_50__cal_none__thr_f1.csv,confirmed_models,0,precision,0.7910447761194029
confirmed_models/results_full_coverage_descriptor_fp_meta_v4/summaries/external_metrics__blend_challenger_desc_logreg_50_50__cal_none__thr_f1.csv,confirmed_models__results_full_coverage_descriptor_fp_meta_v4__summaries__external_metrics__blend_challenger_desc_logreg_50_50__cal_none__thr_f1.csv,confirmed_models,0,recall,0.7066666666666667
confirmed_models/results_full_coverage_descriptor_fp_meta_v4/summaries/external_metrics__blend_challenger_desc_logreg_50_50__cal_none__thr_f1.csv,confirmed_models__results_full_coverage_descriptor_fp_meta_v4__summaries__external_metrics__blend_challenger_desc_logreg_50_50__cal_none__thr_f1.csv,confirmed_models,0,f1,0.7464788732394366
confirmed_models/results_full_coverage_descriptor_fp_meta_v4/summaries/external_metrics__blend_challenger_desc_logreg_50_50__cal_none__thr_f1.csv,confirmed_models__results_full_coverage_descriptor_fp_meta_v4__summaries__external_metrics__blend_challenger_desc_logreg_50_50__cal_none__thr_f1.csv,confirmed_models,0,kappa,0.5228230337078652
confirmed_models/results_full_coverage_descriptor_fp_meta_v4/summaries/external_metrics__blend_challenger_desc_logreg_50_50__cal_none__thr_f1.csv,confirmed_models__results_full_coverage_descriptor_fp_meta_v4__summaries__external_metrics__blend_challenger_desc_logreg_50_50__cal_none__thr_f1.csv,confirmed_models,0,auroc,0.803377192982456
confirmed_models/results_full_coverage_descriptor_fp_meta_v4/summaries/external_metrics__blend_challenger_desc_logreg_50_50__cal_none__thr_f1.csv,confirmed_models__results_full_coverage_descriptor_fp_meta_v4__summaries__external_metrics__blend_challenger_desc_logreg_50_50__cal_none__thr_f1.csv,confirmed_models,0,specificity,0.8157894736842105
confirmed_models/results_full_coverage_descriptor_fp_meta_v4/summaries/external_metrics__blend_challenger_desc_logreg_50_50__cal_none__thr_f1.csv,confirmed_models__results_full_coverage_descriptor_fp_meta_v4__summaries__external_metrics__blend_challenger_desc_logreg_50_50__cal_none__thr_f1.csv,confirmed_models,0,sensitivity,0.7066666666666667
confirmed_models/results_full_coverage_descriptor_fp_meta_v4/summaries/external_metrics__blend_challenger_desc_logreg_50_50__cal_none__thr_f1.csv,confirmed_models__results_full_coverage_descriptor_fp_meta_v4__summaries__external_metrics__blend_challenger_desc_logreg_50_50__cal_none__thr_f1.csv,confirmed_models,0,mcc,0.5257874566132115
confirmed_models/results_full_coverage_descriptor_fp_meta_v4/summaries/external_metrics__blend_challenger_desc_logreg_50_50__cal_none__thr_f1.csv,confirmed_models__results_full_coverage_descriptor_fp_meta_v4__summaries__external_metrics__blend_challenger_desc_logreg_50_50__cal_none__thr_f1.csv,confirmed_models,0,tp,106.0
confirmed_models/results_full_coverage_descriptor_fp_meta_v4/summaries/external_metrics__blend_challenger_desc_logreg_50_50__cal_none__thr_f1.csv,confirmed_models__results_full_coverage_descriptor_fp_meta_v4__summaries__external_metrics__blend_challenger_desc_logreg_50_50__cal_none__thr_f1.csv,confirmed_models,0,fp,28.0
confirmed_models/results_full_coverage_descriptor_fp_meta_v4/summaries/external_metrics__blend_challenger_desc_logreg_50_50__cal_none__thr_f1.csv,confirmed_models__results_full_coverage_descriptor_fp_meta_v4__summaries__external_metrics__blend_challenger_desc_logreg_50_50__cal_none__thr_f1.csv,confirmed_models,0,tn,124.0
confirmed_models/results_full_coverage_descriptor_fp_meta_v4/summaries/external_metrics__blend_challenger_desc_logreg_50_50__cal_none__thr_f1.csv,confirmed_models__results_full_coverage_descriptor_fp_meta_v4__summaries__external_metrics__blend_challenger_desc_logreg_50_50__cal_none__thr_f1.csv,confirmed_models,0,fn,44.0
confirmed_models/results_full_coverage_descriptor_fp_meta_v4/summaries/external_metrics__blend_challenger_desc_logreg_valopt__cal_none__thr_f1.csv,confirmed_models__results_full_coverage_descriptor_fp_meta_v4__summaries__external_metrics__blend_challenger_desc_logreg_valopt__cal_none__thr_f1.csv,confirmed_models,0,accuracy,0.7682119205298014
confirmed_models/results_full_coverage_descriptor_fp_meta_v4/summaries/external_metrics__blend_challenger_desc_logreg_valopt__cal_none__thr_f1.csv,confirmed_models__results_full_coverage_descriptor_fp_meta_v4__summaries__external_metrics__blend_challenger_desc_logreg_valopt__cal_none__thr_f1.csv,confirmed_models,0,precision,0.8225806451612904
confirmed_models/results_full_coverage_descriptor_fp_meta_v4/summaries/external_metrics__blend_challenger_desc_logreg_valopt__cal_none__thr_f1.csv,confirmed_models__results_full_coverage_descriptor_fp_meta_v4__summaries__external_metrics__blend_challenger_desc_logreg_valopt__cal_none__thr_f1.csv,confirmed_models,0,recall,0.68
confirmed_models/results_full_coverage_descriptor_fp_meta_v4/summaries/external_metrics__blend_challenger_desc_logreg_valopt__cal_none__thr_f1.csv,confirmed_models__results_full_coverage_descriptor_fp_meta_v4__summaries__external_metrics__blend_challenger_desc_logreg_valopt__cal_none__thr_f1.csv,confirmed_models,0,f1,0.7445255474452555
confirmed_models/results_full_coverage_descriptor_fp_meta_v4/summaries/external_metrics__blend_challenger_desc_logreg_valopt__cal_none__thr_f1.csv,confirmed_models__results_full_coverage_descriptor_fp_meta_v4__summaries__external_metrics__blend_challenger_desc_logreg_valopt__cal_none__thr_f1.csv,confirmed_models,0,kappa,0.5358742425573022
confirmed_models/results_full_coverage_descriptor_fp_meta_v4/summaries/external_metrics__blend_challenger_desc_logreg_valopt__cal_none__thr_f1.csv,confirmed_models__results_full_coverage_descriptor_fp_meta_v4__summaries__external_metrics__blend_challenger_desc_logreg_valopt__cal_none__thr_f1.csv,confirmed_models,0,auroc,0.8428070175438598
confirmed_models/results_full_coverage_descriptor_fp_meta_v4/summaries/external_metrics__blend_challenger_desc_logreg_valopt__cal_none__thr_f1.csv,confirmed_models__results_full_coverage_descriptor_fp_meta_v4__summaries__external_metrics__blend_challenger_desc_logreg_valopt__cal_none__thr_f1.csv,confirmed_models,0,specificity,0.8552631578947368
confirmed_models/results_full_coverage_descriptor_fp_meta_v4/summaries/external_metrics__blend_challenger_desc_logreg_valopt__cal_none__thr_f1.csv,confirmed_models__results_full_coverage_descriptor_fp_meta_v4__summaries__external_metrics__blend_challenger_desc_logreg_valopt__cal_none__thr_f1.csv,confirmed_models,0,sensitivity,0.68
confirmed_models/results_full_coverage_descriptor_fp_meta_v4/summaries/external_metrics__blend_challenger_desc_logreg_valopt__cal_none__thr_f1.csv,confirmed_models__results_full_coverage_descriptor_fp_meta_v4__summaries__external_metrics__blend_challenger_desc_logreg_valopt__cal_none__thr_f1.csv,confirmed_models,0,mcc,0.54401882954922
confirmed_models/results_full_coverage_descriptor_fp_meta_v4/summaries/external_metrics__blend_challenger_desc_logreg_valopt__cal_none__thr_f1.csv,confirmed_models__results_full_coverage_descriptor_fp_meta_v4__summaries__external_metrics__blend_challenger_desc_logreg_valopt__cal_none__thr_f1.csv,confirmed_models,0,tp,102.0
confirmed_models/results_full_coverage_descriptor_fp_meta_v4/summaries/external_metrics__blend_challenger_desc_logreg_valopt__cal_none__thr_f1.csv,confirmed_models__results_full_coverage_descriptor_fp_meta_v4__summaries__external_metrics__blend_challenger_desc_logreg_valopt__cal_none__thr_f1.csv,confirmed_models,0,fp,22.0
confirmed_models/results_full_coverage_descriptor_fp_meta_v4/summaries/external_metrics__blend_challenger_desc_logreg_valopt__cal_none__thr_f1.csv,confirmed_models__results_full_coverage_descriptor_fp_meta_v4__summaries__external_metrics__blend_challenger_desc_logreg_valopt__cal_none__thr_f1.csv,confirmed_models,0,tn,130.0
confirmed_models/results_full_coverage_descriptor_fp_meta_v4/summaries/external_metrics__blend_challenger_desc_logreg_valopt__cal_none__thr_f1.csv,confirmed_models__results_full_coverage_descriptor_fp_meta_v4__summaries__external_metrics__blend_challenger_desc_logreg_valopt__cal_none__thr_f1.csv,confirmed_models,0,fn,48.0
confirmed_models/results_full_coverage_descriptor_fp_meta_v4/summaries/external_metrics__blend_challenger_fpdesc_desclogreg_valopt3__cal_isotonic__thr_f1.csv,confirmed_models__results_full_coverage_descriptor_fp_meta_v4__summaries__external_metrics__blend_challenger_fpdesc_desclogreg_valopt3__cal_isotonic__thr_f1.csv,confirmed_models,0,accuracy,0.7350993377483444
confirmed_models/results_full_coverage_descriptor_fp_meta_v4/summaries/external_metrics__blend_challenger_fpdesc_desclogreg_valopt3__cal_isotonic__thr_f1.csv,confirmed_models__results_full_coverage_descriptor_fp_meta_v4__summaries__external_metrics__blend_challenger_fpdesc_desclogreg_valopt3__cal_isotonic__thr_f1.csv,confirmed_models,0,precision,0.7966101694915254
confirmed_models/results_full_coverage_descriptor_fp_meta_v4/summaries/external_metrics__blend_challenger_fpdesc_desclogreg_valopt3__cal_isotonic__thr_f1.csv,confirmed_models__results_full_coverage_descriptor_fp_meta_v4__summaries__external_metrics__blend_challenger_fpdesc_desclogreg_valopt3__cal_isotonic__thr_f1.csv,confirmed_models,0,recall,0.6266666666666667
confirmed_models/results_full_coverage_descriptor_fp_meta_v4/summaries/external_metrics__blend_challenger_fpdesc_desclogreg_valopt3__cal_isotonic__thr_f1.csv,confirmed_models__results_full_coverage_descriptor_fp_meta_v4__summaries__external_metrics__blend_challenger_fpdesc_desclogreg_valopt3__cal_isotonic__thr_f1.csv,confirmed_models,0,f1,0.7014925373134329
confirmed_models/results_full_coverage_descriptor_fp_meta_v4/summaries/external_metrics__blend_challenger_fpdesc_desclogreg_valopt3__cal_isotonic__thr_f1.csv,confirmed_models__results_full_coverage_descriptor_fp_meta_v4__summaries__external_metrics__blend_challenger_fpdesc_desclogreg_valopt3__cal_isotonic__thr_f1.csv,confirmed_models,0,kappa,0.4694307800421644
confirmed_models/results_full_coverage_descriptor_fp_meta_v4/summaries/external_metrics__blend_challenger_fpdesc_desclogreg_valopt3__cal_isotonic__thr_f1.csv,confirmed_models__results_full_coverage_descriptor_fp_meta_v4__summaries__external_metrics__blend_challenger_fpdesc_desclogreg_valopt3__cal_isotonic__thr_f1.csv,confirmed_models,0,auroc,0.8195394736842105
confirmed_models/results_full_coverage_descriptor_fp_meta_v4/summaries/external_metrics__blend_challenger_fpdesc_desclogreg_valopt3__cal_isotonic__thr_f1.csv,confirmed_models__results_full_coverage_descriptor_fp_meta_v4__summaries__external_metrics__blend_challenger_fpdesc_desclogreg_valopt3__cal_isotonic__thr_f1.csv,confirmed_models,0,specificity,0.8421052631578947
confirmed_models/results_full_coverage_descriptor_fp_meta_v4/summaries/external_metrics__blend_challenger_fpdesc_desclogreg_valopt3__cal_isotonic__thr_f1.csv,confirmed_models__results_full_coverage_descriptor_fp_meta_v4__summaries__external_metrics__blend_challenger_fpdesc_desclogreg_valopt3__cal_isotonic__thr_f1.csv,confirmed_models,0,sensitivity,0.6266666666666667
confirmed_models/results_full_coverage_descriptor_fp_meta_v4/summaries/external_metrics__blend_challenger_fpdesc_desclogreg_valopt3__cal_isotonic__thr_f1.csv,confirmed_models__results_full_coverage_descriptor_fp_meta_v4__summaries__external_metrics__blend_challenger_fpdesc_desclogreg_valopt3__cal_isotonic__thr_f1.csv,confirmed_models,0,mcc,0.4803735720225674
confirmed_models/results_full_coverage_descriptor_fp_meta_v4/summaries/external_metrics__blend_challenger_fpdesc_desclogreg_valopt3__cal_isotonic__thr_f1.csv,confirmed_models__results_full_coverage_descriptor_fp_meta_v4__summaries__external_metrics__blend_challenger_fpdesc_desclogreg_valopt3__cal_isotonic__thr_f1.csv,confirmed_models,0,tp,94.0
confirmed_models/results_full_coverage_descriptor_fp_meta_v4/summaries/external_metrics__blend_challenger_fpdesc_desclogreg_valopt3__cal_isotonic__thr_f1.csv,confirmed_models__results_full_coverage_descriptor_fp_meta_v4__summaries__external_metrics__blend_challenger_fpdesc_desclogreg_valopt3__cal_isotonic__thr_f1.csv,confirmed_models,0,fp,24.0
confirmed_models/results_full_coverage_descriptor_fp_meta_v4/summaries/external_metrics__blend_challenger_fpdesc_desclogreg_valopt3__cal_isotonic__thr_f1.csv,confirmed_models__results_full_coverage_descriptor_fp_meta_v4__summaries__external_metrics__blend_challenger_fpdesc_desclogreg_valopt3__cal_isotonic__thr_f1.csv,confirmed_models,0,tn,128.0
confirmed_models/results_full_coverage_descriptor_fp_meta_v4/summaries/external_metrics__blend_challenger_fpdesc_desclogreg_valopt3__cal_isotonic__thr_f1.csv,confirmed_models__results_full_coverage_descriptor_fp_meta_v4__summaries__external_metrics__blend_challenger_fpdesc_desclogreg_valopt3__cal_isotonic__thr_f1.csv,confirmed_models,0,fn,56.0
confirmed_models/results_full_coverage_descriptor_fp_meta_v4/summaries/external_metrics__blend_challenger_fpdesc_desclogreg_valopt3__cal_isotonic__thr_kappa.csv,confirmed_models__results_full_coverage_descriptor_fp_meta_v4__summaries__external_metrics__blend_challenger_fpdesc_desclogreg_valopt3__cal_isotonic__thr_kappa.csv,confirmed_models,0,accuracy,0.7350993377483444
confirmed_models/results_full_coverage_descriptor_fp_meta_v4/summaries/external_metrics__blend_challenger_fpdesc_desclogreg_valopt3__cal_isotonic__thr_kappa.csv,confirmed_models__results_full_coverage_descriptor_fp_meta_v4__summaries__external_metrics__blend_challenger_fpdesc_desclogreg_valopt3__cal_isotonic__thr_kappa.csv,confirmed_models,0,precision,0.7966101694915254
confirmed_models/results_full_coverage_descriptor_fp_meta_v4/summaries/external_metrics__blend_challenger_fpdesc_desclogreg_valopt3__cal_isotonic__thr_kappa.csv,confirmed_models__results_full_coverage_descriptor_fp_meta_v4__summaries__external_metrics__blend_challenger_fpdesc_desclogreg_valopt3__cal_isotonic__thr_kappa.csv,confirmed_models,0,recall,0.6266666666666667
confirmed_models/results_full_coverage_descriptor_fp_meta_v4/summaries/external_metrics__blend_challenger_fpdesc_desclogreg_valopt3__cal_isotonic__thr_kappa.csv,confirmed_models__results_full_coverage_descriptor_fp_meta_v4__summaries__external_metrics__blend_challenger_fpdesc_desclogreg_valopt3__cal_isotonic__thr_kappa.csv,confirmed_models,0,f1,0.7014925373134329
confirmed_models/results_full_coverage_descriptor_fp_meta_v4/summaries/external_metrics__blend_challenger_fpdesc_desclogreg_valopt3__cal_isotonic__thr_kappa.csv,confirmed_models__results_full_coverage_descriptor_fp_meta_v4__summaries__external_metrics__blend_challenger_fpdesc_desclogreg_valopt3__cal_isotonic__thr_kappa.csv,confirmed_models,0,kappa,0.4694307800421644
confirmed_models/results_full_coverage_descriptor_fp_meta_v4/summaries/external_metrics__blend_challenger_fpdesc_desclogreg_valopt3__cal_isotonic__thr_kappa.csv,confirmed_models__results_full_coverage_descriptor_fp_meta_v4__summaries__external_metrics__blend_challenger_fpdesc_desclogreg_valopt3__cal_isotonic__thr_kappa.csv,confirmed_models,0,auroc,0.8195394736842105
confirmed_models/results_full_coverage_descriptor_fp_meta_v4/summaries/external_metrics__blend_challenger_fpdesc_desclogreg_valopt3__cal_isotonic__thr_kappa.csv,confirmed_models__results_full_coverage_descriptor_fp_meta_v4__summaries__external_metrics__blend_challenger_fpdesc_desclogreg_valopt3__cal_isotonic__thr_kappa.csv,confirmed_models,0,specificity,0.8421052631578947
confirmed_models/results_full_coverage_descriptor_fp_meta_v4/summaries/external_metrics__blend_challenger_fpdesc_desclogreg_valopt3__cal_isotonic__thr_kappa.csv,confirmed_models__results_full_coverage_descriptor_fp_meta_v4__summaries__external_metrics__blend_challenger_fpdesc_desclogreg_valopt3__cal_isotonic__thr_kappa.csv,confirmed_models,0,sensitivity,0.6266666666666667
confirmed_models/results_full_coverage_descriptor_fp_meta_v4/summaries/external_metrics__blend_challenger_fpdesc_desclogreg_valopt3__cal_isotonic__thr_kappa.csv,confirmed_models__results_full_coverage_descriptor_fp_meta_v4__summaries__external_metrics__blend_challenger_fpdesc_desclogreg_valopt3__cal_isotonic__thr_kappa.csv,confirmed_models,0,mcc,0.4803735720225674
confirmed_models/results_full_coverage_descriptor_fp_meta_v4/summaries/external_metrics__blend_challenger_fpdesc_desclogreg_valopt3__cal_isotonic__thr_kappa.csv,confirmed_models__results_full_coverage_descriptor_fp_meta_v4__summaries__external_metrics__blend_challenger_fpdesc_desclogreg_valopt3__cal_isotonic__thr_kappa.csv,confirmed_models,0,tp,94.0
confirmed_models/results_full_coverage_descriptor_fp_meta_v4/summaries/external_metrics__blend_challenger_fpdesc_desclogreg_valopt3__cal_isotonic__thr_kappa.csv,confirmed_models__results_full_coverage_descriptor_fp_meta_v4__summaries__external_metrics__blend_challenger_fpdesc_desclogreg_valopt3__cal_isotonic__thr_kappa.csv,confirmed_models,0,fp,24.0
confirmed_models/results_full_coverage_descriptor_fp_meta_v4/summaries/external_metrics__blend_challenger_fpdesc_desclogreg_valopt3__cal_isotonic__thr_kappa.csv,confirmed_models__results_full_coverage_descriptor_fp_meta_v4__summaries__external_metrics__blend_challenger_fpdesc_desclogreg_valopt3__cal_isotonic__thr_kappa.csv,confirmed_models,0,tn,128.0
confirmed_models/results_full_coverage_descriptor_fp_meta_v4/summaries/external_metrics__blend_challenger_fpdesc_desclogreg_valopt3__cal_isotonic__thr_kappa.csv,confirmed_models__results_full_coverage_descriptor_fp_meta_v4__summaries__external_metrics__blend_challenger_fpdesc_desclogreg_valopt3__cal_isotonic__thr_kappa.csv,confirmed_models,0,fn,56.0
confirmed_models/results_full_coverage_descriptor_fp_meta_v4/summaries/external_metrics__blend_challenger_fpdesc_desclogreg_valopt3__cal_none__thr_f1.csv,confirmed_models__results_full_coverage_descriptor_fp_meta_v4__summaries__external_metrics__blend_challenger_fpdesc_desclogreg_valopt3__cal_none__thr_f1.csv,confirmed_models,0,accuracy,0.7350993377483444
confirmed_models/results_full_coverage_descriptor_fp_meta_v4/summaries/external_metrics__blend_challenger_fpdesc_desclogreg_valopt3__cal_none__thr_f1.csv,confirmed_models__results_full_coverage_descriptor_fp_meta_v4__summaries__external_metrics__blend_challenger_fpdesc_desclogreg_valopt3__cal_none__thr_f1.csv,confirmed_models,0,precision,0.7058823529411765
confirmed_models/results_full_coverage_descriptor_fp_meta_v4/summaries/external_metrics__blend_challenger_fpdesc_desclogreg_valopt3__cal_none__thr_f1.csv,confirmed_models__results_full_coverage_descriptor_fp_meta_v4__summaries__external_metrics__blend_challenger_fpdesc_desclogreg_valopt3__cal_none__thr_f1.csv,confirmed_models,0,recall,0.8
confirmed_models/results_full_coverage_descriptor_fp_meta_v4/summaries/external_metrics__blend_challenger_fpdesc_desclogreg_valopt3__cal_none__thr_f1.csv,confirmed_models__results_full_coverage_descriptor_fp_meta_v4__summaries__external_metrics__blend_challenger_fpdesc_desclogreg_valopt3__cal_none__thr_f1.csv,confirmed_models,0,f1,0.75
confirmed_models/results_full_coverage_descriptor_fp_meta_v4/summaries/external_metrics__blend_challenger_fpdesc_desclogreg_valopt3__cal_none__thr_f1.csv,confirmed_models__results_full_coverage_descriptor_fp_meta_v4__summaries__external_metrics__blend_challenger_fpdesc_desclogreg_valopt3__cal_none__thr_f1.csv,confirmed_models,0,kappa,0.4706397896581945
confirmed_models/results_full_coverage_descriptor_fp_meta_v4/summaries/external_metrics__blend_challenger_fpdesc_desclogreg_valopt3__cal_none__thr_f1.csv,confirmed_models__results_full_coverage_descriptor_fp_meta_v4__summaries__external_metrics__blend_challenger_fpdesc_desclogreg_valopt3__cal_none__thr_f1.csv,confirmed_models,0,auroc,0.8207456140350877
confirmed_models/results_full_coverage_descriptor_fp_meta_v4/summaries/external_metrics__blend_challenger_fpdesc_desclogreg_valopt3__cal_none__thr_f1.csv,confirmed_models__results_full_coverage_descriptor_fp_meta_v4__summaries__external_metrics__blend_challenger_fpdesc_desclogreg_valopt3__cal_none__thr_f1.csv,confirmed_models,0,specificity,0.6710526315789473
confirmed_models/results_full_coverage_descriptor_fp_meta_v4/summaries/external_metrics__blend_challenger_fpdesc_desclogreg_valopt3__cal_none__thr_f1.csv,confirmed_models__results_full_coverage_descriptor_fp_meta_v4__summaries__external_metrics__blend_challenger_fpdesc_desclogreg_valopt3__cal_none__thr_f1.csv,confirmed_models,0,sensitivity,0.8
confirmed_models/results_full_coverage_descriptor_fp_meta_v4/summaries/external_metrics__blend_challenger_fpdesc_desclogreg_valopt3__cal_none__thr_f1.csv,confirmed_models__results_full_coverage_descriptor_fp_meta_v4__summaries__external_metrics__blend_challenger_fpdesc_desclogreg_valopt3__cal_none__thr_f1.csv,confirmed_models,0,mcc,0.4748160945778248
confirmed_models/results_full_coverage_descriptor_fp_meta_v4/summaries/external_metrics__blend_challenger_fpdesc_desclogreg_valopt3__cal_none__thr_f1.csv,confirmed_models__results_full_coverage_descriptor_fp_meta_v4__summaries__external_metrics__blend_challenger_fpdesc_desclogreg_valopt3__cal_none__thr_f1.csv,confirmed_models,0,tp,120.0
confirmed_models/results_full_coverage_descriptor_fp_meta_v4/summaries/external_metrics__blend_challenger_fpdesc_desclogreg_valopt3__cal_none__thr_f1.csv,confirmed_models__results_full_coverage_descriptor_fp_meta_v4__summaries__external_metrics__blend_challenger_fpdesc_desclogreg_valopt3__cal_none__thr_f1.csv,confirmed_models,0,fp,50.0
confirmed_models/results_full_coverage_descriptor_fp_meta_v4/summaries/external_metrics__blend_challenger_fpdesc_desclogreg_valopt3__cal_none__thr_f1.csv,confirmed_models__results_full_coverage_descriptor_fp_meta_v4__summaries__external_metrics__blend_challenger_fpdesc_desclogreg_valopt3__cal_none__thr_f1.csv,confirmed_models,0,tn,102.0
confirmed_models/results_full_coverage_descriptor_fp_meta_v4/summaries/external_metrics__blend_challenger_fpdesc_desclogreg_valopt3__cal_none__thr_f1.csv,confirmed_models__results_full_coverage_descriptor_fp_meta_v4__summaries__external_metrics__blend_challenger_fpdesc_desclogreg_valopt3__cal_none__thr_f1.csv,confirmed_models,0,fn,30.0
confirmed_models/results_full_coverage_descriptor_fp_meta_v4/summaries/external_metrics__blend_challenger_fpdesc_desclogreg_valopt3__cal_none__thr_kappa.csv,confirmed_models__results_full_coverage_descriptor_fp_meta_v4__summaries__external_metrics__blend_challenger_fpdesc_desclogreg_valopt3__cal_none__thr_kappa.csv,confirmed_models,0,accuracy,0.7317880794701986
confirmed_models/results_full_coverage_descriptor_fp_meta_v4/summaries/external_metrics__blend_challenger_fpdesc_desclogreg_valopt3__cal_none__thr_kappa.csv,confirmed_models__results_full_coverage_descriptor_fp_meta_v4__summaries__external_metrics__blend_challenger_fpdesc_desclogreg_valopt3__cal_none__thr_kappa.csv,confirmed_models,0,precision,0.7225806451612903
confirmed_models/results_full_coverage_descriptor_fp_meta_v4/summaries/external_metrics__blend_challenger_fpdesc_desclogreg_valopt3__cal_none__thr_kappa.csv,confirmed_models__results_full_coverage_descriptor_fp_meta_v4__summaries__external_metrics__blend_challenger_fpdesc_desclogreg_valopt3__cal_none__thr_kappa.csv,confirmed_models,0,recall,0.7466666666666667
confirmed_models/results_full_coverage_descriptor_fp_meta_v4/summaries/external_metrics__blend_challenger_fpdesc_desclogreg_valopt3__cal_none__thr_kappa.csv,confirmed_models__results_full_coverage_descriptor_fp_meta_v4__summaries__external_metrics__blend_challenger_fpdesc_desclogreg_valopt3__cal_none__thr_kappa.csv,confirmed_models,0,f1,0.7344262295081967
confirmed_models/results_full_coverage_descriptor_fp_meta_v4/summaries/external_metrics__blend_challenger_fpdesc_desclogreg_valopt3__cal_none__thr_kappa.csv,confirmed_models__results_full_coverage_descriptor_fp_meta_v4__summaries__external_metrics__blend_challenger_fpdesc_desclogreg_valopt3__cal_none__thr_kappa.csv,confirmed_models,0,kappa,0.4636702477526858
confirmed_models/results_full_coverage_descriptor_fp_meta_v4/summaries/external_metrics__blend_challenger_fpdesc_desclogreg_valopt3__cal_none__thr_kappa.csv,confirmed_models__results_full_coverage_descriptor_fp_meta_v4__summaries__external_metrics__blend_challenger_fpdesc_desclogreg_valopt3__cal_none__thr_kappa.csv,confirmed_models,0,auroc,0.8207456140350877
confirmed_models/results_full_coverage_descriptor_fp_meta_v4/summaries/external_metrics__blend_challenger_fpdesc_desclogreg_valopt3__cal_none__thr_kappa.csv,confirmed_models__results_full_coverage_descriptor_fp_meta_v4__summaries__external_metrics__blend_challenger_fpdesc_desclogreg_valopt3__cal_none__thr_kappa.csv,confirmed_models,0,specificity,0.7171052631578947
confirmed_models/results_full_coverage_descriptor_fp_meta_v4/summaries/external_metrics__blend_challenger_fpdesc_desclogreg_valopt3__cal_none__thr_kappa.csv,confirmed_models__results_full_coverage_descriptor_fp_meta_v4__summaries__external_metrics__blend_challenger_fpdesc_desclogreg_valopt3__cal_none__thr_kappa.csv,confirmed_models,0,sensitivity,0.7466666666666667
confirmed_models/results_full_coverage_descriptor_fp_meta_v4/summaries/external_metrics__blend_challenger_fpdesc_desclogreg_valopt3__cal_none__thr_kappa.csv,confirmed_models__results_full_coverage_descriptor_fp_meta_v4__summaries__external_metrics__blend_challenger_fpdesc_desclogreg_valopt3__cal_none__thr_kappa.csv,confirmed_models,0,mcc,0.4639245616963339
confirmed_models/results_full_coverage_descriptor_fp_meta_v4/summaries/external_metrics__blend_challenger_fpdesc_desclogreg_valopt3__cal_none__thr_kappa.csv,confirmed_models__results_full_coverage_descriptor_fp_meta_v4__summaries__external_metrics__blend_challenger_fpdesc_desclogreg_valopt3__cal_none__thr_kappa.csv,confirmed_models,0,tp,112.0
confirmed_models/results_full_coverage_descriptor_fp_meta_v4/summaries/external_metrics__blend_challenger_fpdesc_desclogreg_valopt3__cal_none__thr_kappa.csv,confirmed_models__results_full_coverage_descriptor_fp_meta_v4__summaries__external_metrics__blend_challenger_fpdesc_desclogreg_valopt3__cal_none__thr_kappa.csv,confirmed_models,0,fp,43.0
confirmed_models/results_full_coverage_descriptor_fp_meta_v4/summaries/external_metrics__blend_challenger_fpdesc_desclogreg_valopt3__cal_none__thr_kappa.csv,confirmed_models__results_full_coverage_descriptor_fp_meta_v4__summaries__external_metrics__blend_challenger_fpdesc_desclogreg_valopt3__cal_none__thr_kappa.csv,confirmed_models,0,tn,109.0
confirmed_models/results_full_coverage_descriptor_fp_meta_v4/summaries/external_metrics__blend_challenger_fpdesc_desclogreg_valopt3__cal_none__thr_kappa.csv,confirmed_models__results_full_coverage_descriptor_fp_meta_v4__summaries__external_metrics__blend_challenger_fpdesc_desclogreg_valopt3__cal_none__thr_kappa.csv,confirmed_models,0,fn,38.0
confirmed_models/results_full_coverage_descriptor_fp_meta_v4/summaries/external_metrics__blend_challenger_fpdesc_desclogreg_valopt3__cal_sigmoid__thr_f1.csv,confirmed_models__results_full_coverage_descriptor_fp_meta_v4__summaries__external_metrics__blend_challenger_fpdesc_desclogreg_valopt3__cal_sigmoid__thr_f1.csv,confirmed_models,0,accuracy,0.7350993377483444
confirmed_models/results_full_coverage_descriptor_fp_meta_v4/summaries/external_metrics__blend_challenger_fpdesc_desclogreg_valopt3__cal_sigmoid__thr_f1.csv,confirmed_models__results_full_coverage_descriptor_fp_meta_v4__summaries__external_metrics__blend_challenger_fpdesc_desclogreg_valopt3__cal_sigmoid__thr_f1.csv,confirmed_models,0,precision,0.7058823529411765
confirmed_models/results_full_coverage_descriptor_fp_meta_v4/summaries/external_metrics__blend_challenger_fpdesc_desclogreg_valopt3__cal_sigmoid__thr_f1.csv,confirmed_models__results_full_coverage_descriptor_fp_meta_v4__summaries__external_metrics__blend_challenger_fpdesc_desclogreg_valopt3__cal_sigmoid__thr_f1.csv,confirmed_models,0,recall,0.8
confirmed_models/results_full_coverage_descriptor_fp_meta_v4/summaries/external_metrics__blend_challenger_fpdesc_desclogreg_valopt3__cal_sigmoid__thr_f1.csv,confirmed_models__results_full_coverage_descriptor_fp_meta_v4__summaries__external_metrics__blend_challenger_fpdesc_desclogreg_valopt3__cal_sigmoid__thr_f1.csv,confirmed_models,0,f1,0.75
confirmed_models/results_full_coverage_descriptor_fp_meta_v4/summaries/external_metrics__blend_challenger_fpdesc_desclogreg_valopt3__cal_sigmoid__thr_f1.csv,confirmed_models__results_full_coverage_descriptor_fp_meta_v4__summaries__external_metrics__blend_challenger_fpdesc_desclogreg_valopt3__cal_sigmoid__thr_f1.csv,confirmed_models,0,kappa,0.4706397896581945
confirmed_models/results_full_coverage_descriptor_fp_meta_v4/summaries/external_metrics__blend_challenger_fpdesc_desclogreg_valopt3__cal_sigmoid__thr_f1.csv,confirmed_models__results_full_coverage_descriptor_fp_meta_v4__summaries__external_metrics__blend_challenger_fpdesc_desclogreg_valopt3__cal_sigmoid__thr_f1.csv,confirmed_models,0,auroc,0.8207456140350877
confirmed_models/results_full_coverage_descriptor_fp_meta_v4/summaries/external_metrics__blend_challenger_fpdesc_desclogreg_valopt3__cal_sigmoid__thr_f1.csv,confirmed_models__results_full_coverage_descriptor_fp_meta_v4__summaries__external_metrics__blend_challenger_fpdesc_desclogreg_valopt3__cal_sigmoid__thr_f1.csv,confirmed_models,0,specificity,0.6710526315789473
confirmed_models/results_full_coverage_descriptor_fp_meta_v4/summaries/external_metrics__blend_challenger_fpdesc_desclogreg_valopt3__cal_sigmoid__thr_f1.csv,confirmed_models__results_full_coverage_descriptor_fp_meta_v4__summaries__external_metrics__blend_challenger_fpdesc_desclogreg_valopt3__cal_sigmoid__thr_f1.csv,confirmed_models,0,sensitivity,0.8
confirmed_models/results_full_coverage_descriptor_fp_meta_v4/summaries/external_metrics__blend_challenger_fpdesc_desclogreg_valopt3__cal_sigmoid__thr_f1.csv,confirmed_models__results_full_coverage_descriptor_fp_meta_v4__summaries__external_metrics__blend_challenger_fpdesc_desclogreg_valopt3__cal_sigmoid__thr_f1.csv,confirmed_models,0,mcc,0.4748160945778248
confirmed_models/results_full_coverage_descriptor_fp_meta_v4/summaries/external_metrics__blend_challenger_fpdesc_desclogreg_valopt3__cal_sigmoid__thr_f1.csv,confirmed_models__results_full_coverage_descriptor_fp_meta_v4__summaries__external_metrics__blend_challenger_fpdesc_desclogreg_valopt3__cal_sigmoid__thr_f1.csv,confirmed_models,0,tp,120.0
confirmed_models/results_full_coverage_descriptor_fp_meta_v4/summaries/external_metrics__blend_challenger_fpdesc_desclogreg_valopt3__cal_sigmoid__thr_f1.csv,confirmed_models__results_full_coverage_descriptor_fp_meta_v4__summaries__external_metrics__blend_challenger_fpdesc_desclogreg_valopt3__cal_sigmoid__thr_f1.csv,confirmed_models,0,fp,50.0
confirmed_models/results_full_coverage_descriptor_fp_meta_v4/summaries/external_metrics__blend_challenger_fpdesc_desclogreg_valopt3__cal_sigmoid__thr_f1.csv,confirmed_models__results_full_coverage_descriptor_fp_meta_v4__summaries__external_metrics__blend_challenger_fpdesc_desclogreg_valopt3__cal_sigmoid__thr_f1.csv,confirmed_models,0,tn,102.0
confirmed_models/results_full_coverage_descriptor_fp_meta_v4/summaries/external_metrics__blend_challenger_fpdesc_desclogreg_valopt3__cal_sigmoid__thr_f1.csv,confirmed_models__results_full_coverage_descriptor_fp_meta_v4__summaries__external_metrics__blend_challenger_fpdesc_desclogreg_valopt3__cal_sigmoid__thr_f1.csv,confirmed_models,0,fn,30.0
confirmed_models/results_full_coverage_descriptor_fp_meta_v4/summaries/external_metrics__blend_challenger_fpdesc_desclogreg_valopt3__cal_sigmoid__thr_kappa.csv,confirmed_models__results_full_coverage_descriptor_fp_meta_v4__summaries__external_metrics__blend_challenger_fpdesc_desclogreg_valopt3__cal_sigmoid__thr_kappa.csv,confirmed_models,0,accuracy,0.7317880794701986
confirmed_models/results_full_coverage_descriptor_fp_meta_v4/summaries/external_metrics__blend_challenger_fpdesc_desclogreg_valopt3__cal_sigmoid__thr_kappa.csv,confirmed_models__results_full_coverage_descriptor_fp_meta_v4__summaries__external_metrics__blend_challenger_fpdesc_desclogreg_valopt3__cal_sigmoid__thr_kappa.csv,confirmed_models,0,precision,0.7225806451612903
confirmed_models/results_full_coverage_descriptor_fp_meta_v4/summaries/external_metrics__blend_challenger_fpdesc_desclogreg_valopt3__cal_sigmoid__thr_kappa.csv,confirmed_models__results_full_coverage_descriptor_fp_meta_v4__summaries__external_metrics__blend_challenger_fpdesc_desclogreg_valopt3__cal_sigmoid__thr_kappa.csv,confirmed_models,0,recall,0.7466666666666667
confirmed_models/results_full_coverage_descriptor_fp_meta_v4/summaries/external_metrics__blend_challenger_fpdesc_desclogreg_valopt3__cal_sigmoid__thr_kappa.csv,confirmed_models__results_full_coverage_descriptor_fp_meta_v4__summaries__external_metrics__blend_challenger_fpdesc_desclogreg_valopt3__cal_sigmoid__thr_kappa.csv,confirmed_models,0,f1,0.7344262295081967
confirmed_models/results_full_coverage_descriptor_fp_meta_v4/summaries/external_metrics__blend_challenger_fpdesc_desclogreg_valopt3__cal_sigmoid__thr_kappa.csv,confirmed_models__results_full_coverage_descriptor_fp_meta_v4__summaries__external_metrics__blend_challenger_fpdesc_desclogreg_valopt3__cal_sigmoid__thr_kappa.csv,confirmed_models,0,kappa,0.4636702477526858
confirmed_models/results_full_coverage_descriptor_fp_meta_v4/summaries/external_metrics__blend_challenger_fpdesc_desclogreg_valopt3__cal_sigmoid__thr_kappa.csv,confirmed_models__results_full_coverage_descriptor_fp_meta_v4__summaries__external_metrics__blend_challenger_fpdesc_desclogreg_valopt3__cal_sigmoid__thr_kappa.csv,confirmed_models,0,auroc,0.8207456140350877
confirmed_models/results_full_coverage_descriptor_fp_meta_v4/summaries/external_metrics__blend_challenger_fpdesc_desclogreg_valopt3__cal_sigmoid__thr_kappa.csv,confirmed_models__results_full_coverage_descriptor_fp_meta_v4__summaries__external_metrics__blend_challenger_fpdesc_desclogreg_valopt3__cal_sigmoid__thr_kappa.csv,confirmed_models,0,specificity,0.7171052631578947
confirmed_models/results_full_coverage_descriptor_fp_meta_v4/summaries/external_metrics__blend_challenger_fpdesc_desclogreg_valopt3__cal_sigmoid__thr_kappa.csv,confirmed_models__results_full_coverage_descriptor_fp_meta_v4__summaries__external_metrics__blend_challenger_fpdesc_desclogreg_valopt3__cal_sigmoid__thr_kappa.csv,confirmed_models,0,sensitivity,0.7466666666666667
confirmed_models/results_full_coverage_descriptor_fp_meta_v4/summaries/external_metrics__blend_challenger_fpdesc_desclogreg_valopt3__cal_sigmoid__thr_kappa.csv,confirmed_models__results_full_coverage_descriptor_fp_meta_v4__summaries__external_metrics__blend_challenger_fpdesc_desclogreg_valopt3__cal_sigmoid__thr_kappa.csv,confirmed_models,0,mcc,0.4639245616963339
confirmed_models/results_full_coverage_descriptor_fp_meta_v4/summaries/external_metrics__blend_challenger_fpdesc_desclogreg_valopt3__cal_sigmoid__thr_kappa.csv,confirmed_models__results_full_coverage_descriptor_fp_meta_v4__summaries__external_metrics__blend_challenger_fpdesc_desclogreg_valopt3__cal_sigmoid__thr_kappa.csv,confirmed_models,0,tp,112.0
confirmed_models/results_full_coverage_descriptor_fp_meta_v4/summaries/external_metrics__blend_challenger_fpdesc_desclogreg_valopt3__cal_sigmoid__thr_kappa.csv,confirmed_models__results_full_coverage_descriptor_fp_meta_v4__summaries__external_metrics__blend_challenger_fpdesc_desclogreg_valopt3__cal_sigmoid__thr_kappa.csv,confirmed_models,0,fp,43.0
confirmed_models/results_full_coverage_descriptor_fp_meta_v4/summaries/external_metrics__blend_challenger_fpdesc_desclogreg_valopt3__cal_sigmoid__thr_kappa.csv,confirmed_models__results_full_coverage_descriptor_fp_meta_v4__summaries__external_metrics__blend_challenger_fpdesc_desclogreg_valopt3__cal_sigmoid__thr_kappa.csv,confirmed_models,0,tn,109.0
confirmed_models/results_full_coverage_descriptor_fp_meta_v4/summaries/external_metrics__blend_challenger_fpdesc_desclogreg_valopt3__cal_sigmoid__thr_kappa.csv,confirmed_models__results_full_coverage_descriptor_fp_meta_v4__summaries__external_metrics__blend_challenger_fpdesc_desclogreg_valopt3__cal_sigmoid__thr_kappa.csv,confirmed_models,0,fn,38.0
confirmed_models/results_full_coverage_descriptor_fp_meta_v4/summaries/external_metrics__blend_challenger_fpdesc_lgbm_50_50__cal_isotonic__thr_f1.csv,confirmed_models__results_full_coverage_descriptor_fp_meta_v4__summaries__external_metrics__blend_challenger_fpdesc_lgbm_50_50__cal_isotonic__thr_f1.csv,confirmed_models,0,accuracy,0.7384105960264901
confirmed_models/results_full_coverage_descriptor_fp_meta_v4/summaries/external_metrics__blend_challenger_fpdesc_lgbm_50_50__cal_isotonic__thr_f1.csv,confirmed_models__results_full_coverage_descriptor_fp_meta_v4__summaries__external_metrics__blend_challenger_fpdesc_lgbm_50_50__cal_isotonic__thr_f1.csv,confirmed_models,0,precision,0.7100591715976331
confirmed_models/results_full_coverage_descriptor_fp_meta_v4/summaries/external_metrics__blend_challenger_fpdesc_lgbm_50_50__cal_isotonic__thr_f1.csv,confirmed_models__results_full_coverage_descriptor_fp_meta_v4__summaries__external_metrics__blend_challenger_fpdesc_lgbm_50_50__cal_isotonic__thr_f1.csv,confirmed_models,0,recall,0.8
confirmed_models/results_full_coverage_descriptor_fp_meta_v4/summaries/external_metrics__blend_challenger_fpdesc_lgbm_50_50__cal_isotonic__thr_f1.csv,confirmed_models__results_full_coverage_descriptor_fp_meta_v4__summaries__external_metrics__blend_challenger_fpdesc_lgbm_50_50__cal_isotonic__thr_f1.csv,confirmed_models,0,f1,0.7523510971786834
confirmed_models/results_full_coverage_descriptor_fp_meta_v4/summaries/external_metrics__blend_challenger_fpdesc_lgbm_50_50__cal_isotonic__thr_f1.csv,confirmed_models__results_full_coverage_descriptor_fp_meta_v4__summaries__external_metrics__blend_challenger_fpdesc_lgbm_50_50__cal_isotonic__thr_f1.csv,confirmed_models,0,kappa,0.4772338840439983
confirmed_models/results_full_coverage_descriptor_fp_meta_v4/summaries/external_metrics__blend_challenger_fpdesc_lgbm_50_50__cal_isotonic__thr_f1.csv,confirmed_models__results_full_coverage_descriptor_fp_meta_v4__summaries__external_metrics__blend_challenger_fpdesc_lgbm_50_50__cal_isotonic__thr_f1.csv,confirmed_models,0,auroc,0.8304166666666666
confirmed_models/results_full_coverage_descriptor_fp_meta_v4/summaries/external_metrics__blend_challenger_fpdesc_lgbm_50_50__cal_isotonic__thr_f1.csv,confirmed_models__results_full_coverage_descriptor_fp_meta_v4__summaries__external_metrics__blend_challenger_fpdesc_lgbm_50_50__cal_isotonic__thr_f1.csv,confirmed_models,0,specificity,0.6776315789473685
confirmed_models/results_full_coverage_descriptor_fp_meta_v4/summaries/external_metrics__blend_challenger_fpdesc_lgbm_50_50__cal_isotonic__thr_f1.csv,confirmed_models__results_full_coverage_descriptor_fp_meta_v4__summaries__external_metrics__blend_challenger_fpdesc_lgbm_50_50__cal_isotonic__thr_f1.csv,confirmed_models,0,sensitivity,0.8
confirmed_models/results_full_coverage_descriptor_fp_meta_v4/summaries/external_metrics__blend_challenger_fpdesc_lgbm_50_50__cal_isotonic__thr_f1.csv,confirmed_models__results_full_coverage_descriptor_fp_meta_v4__summaries__external_metrics__blend_challenger_fpdesc_lgbm_50_50__cal_isotonic__thr_f1.csv,confirmed_models,0,mcc,0.4810511790829873
confirmed_models/results_full_coverage_descriptor_fp_meta_v4/summaries/external_metrics__blend_challenger_fpdesc_lgbm_50_50__cal_isotonic__thr_f1.csv,confirmed_models__results_full_coverage_descriptor_fp_meta_v4__summaries__external_metrics__blend_challenger_fpdesc_lgbm_50_50__cal_isotonic__thr_f1.csv,confirmed_models,0,tp,120.0
confirmed_models/results_full_coverage_descriptor_fp_meta_v4/summaries/external_metrics__blend_challenger_fpdesc_lgbm_50_50__cal_isotonic__thr_f1.csv,confirmed_models__results_full_coverage_descriptor_fp_meta_v4__summaries__external_metrics__blend_challenger_fpdesc_lgbm_50_50__cal_isotonic__thr_f1.csv,confirmed_models,0,fp,49.0
confirmed_models/results_full_coverage_descriptor_fp_meta_v4/summaries/external_metrics__blend_challenger_fpdesc_lgbm_50_50__cal_isotonic__thr_f1.csv,confirmed_models__results_full_coverage_descriptor_fp_meta_v4__summaries__external_metrics__blend_challenger_fpdesc_lgbm_50_50__cal_isotonic__thr_f1.csv,confirmed_models,0,tn,103.0
confirmed_models/results_full_coverage_descriptor_fp_meta_v4/summaries/external_metrics__blend_challenger_fpdesc_lgbm_50_50__cal_isotonic__thr_f1.csv,confirmed_models__results_full_coverage_descriptor_fp_meta_v4__summaries__external_metrics__blend_challenger_fpdesc_lgbm_50_50__cal_isotonic__thr_f1.csv,confirmed_models,0,fn,30.0
confirmed_models/results_full_coverage_descriptor_fp_meta_v4/summaries/external_metrics__blend_challenger_fpdesc_lgbm_50_50__cal_isotonic__thr_kappa.csv,confirmed_models__results_full_coverage_descriptor_fp_meta_v4__summaries__external_metrics__blend_challenger_fpdesc_lgbm_50_50__cal_isotonic__thr_kappa.csv,confirmed_models,0,accuracy,0.7350993377483444
confirmed_models/results_full_coverage_descriptor_fp_meta_v4/summaries/external_metrics__blend_challenger_fpdesc_lgbm_50_50__cal_isotonic__thr_kappa.csv,confirmed_models__results_full_coverage_descriptor_fp_meta_v4__summaries__external_metrics__blend_challenger_fpdesc_lgbm_50_50__cal_isotonic__thr_kappa.csv,confirmed_models,0,precision,0.782258064516129
confirmed_models/results_full_coverage_descriptor_fp_meta_v4/summaries/external_metrics__blend_challenger_fpdesc_lgbm_50_50__cal_isotonic__thr_kappa.csv,confirmed_models__results_full_coverage_descriptor_fp_meta_v4__summaries__external_metrics__blend_challenger_fpdesc_lgbm_50_50__cal_isotonic__thr_kappa.csv,confirmed_models,0,recall,0.6466666666666666
confirmed_models/results_full_coverage_descriptor_fp_meta_v4/summaries/external_metrics__blend_challenger_fpdesc_lgbm_50_50__cal_isotonic__thr_kappa.csv,confirmed_models__results_full_coverage_descriptor_fp_meta_v4__summaries__external_metrics__blend_challenger_fpdesc_lgbm_50_50__cal_isotonic__thr_kappa.csv,confirmed_models,0,f1,0.708029197080292
confirmed_models/results_full_coverage_descriptor_fp_meta_v4/summaries/external_metrics__blend_challenger_fpdesc_lgbm_50_50__cal_isotonic__thr_kappa.csv,confirmed_models__results_full_coverage_descriptor_fp_meta_v4__summaries__external_metrics__blend_challenger_fpdesc_lgbm_50_50__cal_isotonic__thr_kappa.csv,confirmed_models,0,kappa,0.4695705629226311
confirmed_models/results_full_coverage_descriptor_fp_meta_v4/summaries/external_metrics__blend_challenger_fpdesc_lgbm_50_50__cal_isotonic__thr_kappa.csv,confirmed_models__results_full_coverage_descriptor_fp_meta_v4__summaries__external_metrics__blend_challenger_fpdesc_lgbm_50_50__cal_isotonic__thr_kappa.csv,confirmed_models,0,auroc,0.8304166666666666
confirmed_models/results_full_coverage_descriptor_fp_meta_v4/summaries/external_metrics__blend_challenger_fpdesc_lgbm_50_50__cal_isotonic__thr_kappa.csv,confirmed_models__results_full_coverage_descriptor_fp_meta_v4__summaries__external_metrics__blend_challenger_fpdesc_lgbm_50_50__cal_isotonic__thr_kappa.csv,confirmed_models,0,specificity,0.8223684210526315
confirmed_models/results_full_coverage_descriptor_fp_meta_v4/summaries/external_metrics__blend_challenger_fpdesc_lgbm_50_50__cal_isotonic__thr_kappa.csv,confirmed_models__results_full_coverage_descriptor_fp_meta_v4__summaries__external_metrics__blend_challenger_fpdesc_lgbm_50_50__cal_isotonic__thr_kappa.csv,confirmed_models,0,sensitivity,0.6466666666666666
confirmed_models/results_full_coverage_descriptor_fp_meta_v4/summaries/external_metrics__blend_challenger_fpdesc_lgbm_50_50__cal_isotonic__thr_kappa.csv,confirmed_models__results_full_coverage_descriptor_fp_meta_v4__summaries__external_metrics__blend_challenger_fpdesc_lgbm_50_50__cal_isotonic__thr_kappa.csv,confirmed_models,0,mcc,0.4767074207800195
confirmed_models/results_full_coverage_descriptor_fp_meta_v4/summaries/external_metrics__blend_challenger_fpdesc_lgbm_50_50__cal_isotonic__thr_kappa.csv,confirmed_models__results_full_coverage_descriptor_fp_meta_v4__summaries__external_metrics__blend_challenger_fpdesc_lgbm_50_50__cal_isotonic__thr_kappa.csv,confirmed_models,0,tp,97.0
confirmed_models/results_full_coverage_descriptor_fp_meta_v4/summaries/external_metrics__blend_challenger_fpdesc_lgbm_50_50__cal_isotonic__thr_kappa.csv,confirmed_models__results_full_coverage_descriptor_fp_meta_v4__summaries__external_metrics__blend_challenger_fpdesc_lgbm_50_50__cal_isotonic__thr_kappa.csv,confirmed_models,0,fp,27.0
confirmed_models/results_full_coverage_descriptor_fp_meta_v4/summaries/external_metrics__blend_challenger_fpdesc_lgbm_50_50__cal_isotonic__thr_kappa.csv,confirmed_models__results_full_coverage_descriptor_fp_meta_v4__summaries__external_metrics__blend_challenger_fpdesc_lgbm_50_50__cal_isotonic__thr_kappa.csv,confirmed_models,0,tn,125.0
confirmed_models/results_full_coverage_descriptor_fp_meta_v4/summaries/external_metrics__blend_challenger_fpdesc_lgbm_50_50__cal_isotonic__thr_kappa.csv,confirmed_models__results_full_coverage_descriptor_fp_meta_v4__summaries__external_metrics__blend_challenger_fpdesc_lgbm_50_50__cal_isotonic__thr_kappa.csv,confirmed_models,0,fn,53.0
confirmed_models/results_full_coverage_descriptor_fp_meta_v4/summaries/external_metrics__blend_challenger_fpdesc_lgbm_50_50__cal_none__thr_f1.csv,confirmed_models__results_full_coverage_descriptor_fp_meta_v4__summaries__external_metrics__blend_challenger_fpdesc_lgbm_50_50__cal_none__thr_f1.csv,confirmed_models,0,accuracy,0.7384105960264901
confirmed_models/results_full_coverage_descriptor_fp_meta_v4/summaries/external_metrics__blend_challenger_fpdesc_lgbm_50_50__cal_none__thr_f1.csv,confirmed_models__results_full_coverage_descriptor_fp_meta_v4__summaries__external_metrics__blend_challenger_fpdesc_lgbm_50_50__cal_none__thr_f1.csv,confirmed_models,0,precision,0.7100591715976331
confirmed_models/results_full_coverage_descriptor_fp_meta_v4/summaries/external_metrics__blend_challenger_fpdesc_lgbm_50_50__cal_none__thr_f1.csv,confirmed_models__results_full_coverage_descriptor_fp_meta_v4__summaries__external_metrics__blend_challenger_fpdesc_lgbm_50_50__cal_none__thr_f1.csv,confirmed_models,0,recall,0.8
confirmed_models/results_full_coverage_descriptor_fp_meta_v4/summaries/external_metrics__blend_challenger_fpdesc_lgbm_50_50__cal_none__thr_f1.csv,confirmed_models__results_full_coverage_descriptor_fp_meta_v4__summaries__external_metrics__blend_challenger_fpdesc_lgbm_50_50__cal_none__thr_f1.csv,confirmed_models,0,f1,0.7523510971786834
confirmed_models/results_full_coverage_descriptor_fp_meta_v4/summaries/external_metrics__blend_challenger_fpdesc_lgbm_50_50__cal_none__thr_f1.csv,confirmed_models__results_full_coverage_descriptor_fp_meta_v4__summaries__external_metrics__blend_challenger_fpdesc_lgbm_50_50__cal_none__thr_f1.csv,confirmed_models,0,kappa,0.4772338840439983
confirmed_models/results_full_coverage_descriptor_fp_meta_v4/summaries/external_metrics__blend_challenger_fpdesc_lgbm_50_50__cal_none__thr_f1.csv,confirmed_models__results_full_coverage_descriptor_fp_meta_v4__summaries__external_metrics__blend_challenger_fpdesc_lgbm_50_50__cal_none__thr_f1.csv,confirmed_models,0,auroc,0.8315350877192982
confirmed_models/results_full_coverage_descriptor_fp_meta_v4/summaries/external_metrics__blend_challenger_fpdesc_lgbm_50_50__cal_none__thr_f1.csv,confirmed_models__results_full_coverage_descriptor_fp_meta_v4__summaries__external_metrics__blend_challenger_fpdesc_lgbm_50_50__cal_none__thr_f1.csv,confirmed_models,0,specificity,0.6776315789473685
confirmed_models/results_full_coverage_descriptor_fp_meta_v4/summaries/external_metrics__blend_challenger_fpdesc_lgbm_50_50__cal_none__thr_f1.csv,confirmed_models__results_full_coverage_descriptor_fp_meta_v4__summaries__external_metrics__blend_challenger_fpdesc_lgbm_50_50__cal_none__thr_f1.csv,confirmed_models,0,sensitivity,0.8
confirmed_models/results_full_coverage_descriptor_fp_meta_v4/summaries/external_metrics__blend_challenger_fpdesc_lgbm_50_50__cal_none__thr_f1.csv,confirmed_models__results_full_coverage_descriptor_fp_meta_v4__summaries__external_metrics__blend_challenger_fpdesc_lgbm_50_50__cal_none__thr_f1.csv,confirmed_models,0,mcc,0.4810511790829873
confirmed_models/results_full_coverage_descriptor_fp_meta_v4/summaries/external_metrics__blend_challenger_fpdesc_lgbm_50_50__cal_none__thr_f1.csv,confirmed_models__results_full_coverage_descriptor_fp_meta_v4__summaries__external_metrics__blend_challenger_fpdesc_lgbm_50_50__cal_none__thr_f1.csv,confirmed_models,0,tp,120.0
confirmed_models/results_full_coverage_descriptor_fp_meta_v4/summaries/external_metrics__blend_challenger_fpdesc_lgbm_50_50__cal_none__thr_f1.csv,confirmed_models__results_full_coverage_descriptor_fp_meta_v4__summaries__external_metrics__blend_challenger_fpdesc_lgbm_50_50__cal_none__thr_f1.csv,confirmed_models,0,fp,49.0
confirmed_models/results_full_coverage_descriptor_fp_meta_v4/summaries/external_metrics__blend_challenger_fpdesc_lgbm_50_50__cal_none__thr_f1.csv,confirmed_models__results_full_coverage_descriptor_fp_meta_v4__summaries__external_metrics__blend_challenger_fpdesc_lgbm_50_50__cal_none__thr_f1.csv,confirmed_models,0,tn,103.0
confirmed_models/results_full_coverage_descriptor_fp_meta_v4/summaries/external_metrics__blend_challenger_fpdesc_lgbm_50_50__cal_none__thr_f1.csv,confirmed_models__results_full_coverage_descriptor_fp_meta_v4__summaries__external_metrics__blend_challenger_fpdesc_lgbm_50_50__cal_none__thr_f1.csv,confirmed_models,0,fn,30.0
confirmed_models/results_full_coverage_descriptor_fp_meta_v4/summaries/external_metrics__blend_challenger_fpdesc_lgbm_50_50__cal_none__thr_kappa.csv,confirmed_models__results_full_coverage_descriptor_fp_meta_v4__summaries__external_metrics__blend_challenger_fpdesc_lgbm_50_50__cal_none__thr_kappa.csv,confirmed_models,0,accuracy,0.7384105960264901
confirmed_models/results_full_coverage_descriptor_fp_meta_v4/summaries/external_metrics__blend_challenger_fpdesc_lgbm_50_50__cal_none__thr_kappa.csv,confirmed_models__results_full_coverage_descriptor_fp_meta_v4__summaries__external_metrics__blend_challenger_fpdesc_lgbm_50_50__cal_none__thr_kappa.csv,confirmed_models,0,precision,0.7100591715976331
confirmed_models/results_full_coverage_descriptor_fp_meta_v4/summaries/external_metrics__blend_challenger_fpdesc_lgbm_50_50__cal_none__thr_kappa.csv,confirmed_models__results_full_coverage_descriptor_fp_meta_v4__summaries__external_metrics__blend_challenger_fpdesc_lgbm_50_50__cal_none__thr_kappa.csv,confirmed_models,0,recall,0.8
confirmed_models/results_full_coverage_descriptor_fp_meta_v4/summaries/external_metrics__blend_challenger_fpdesc_lgbm_50_50__cal_none__thr_kappa.csv,confirmed_models__results_full_coverage_descriptor_fp_meta_v4__summaries__external_metrics__blend_challenger_fpdesc_lgbm_50_50__cal_none__thr_kappa.csv,confirmed_models,0,f1,0.7523510971786834
confirmed_models/results_full_coverage_descriptor_fp_meta_v4/summaries/external_metrics__blend_challenger_fpdesc_lgbm_50_50__cal_none__thr_kappa.csv,confirmed_models__results_full_coverage_descriptor_fp_meta_v4__summaries__external_metrics__blend_challenger_fpdesc_lgbm_50_50__cal_none__thr_kappa.csv,confirmed_models,0,kappa,0.4772338840439983
confirmed_models/results_full_coverage_descriptor_fp_meta_v4/summaries/external_metrics__blend_challenger_fpdesc_lgbm_50_50__cal_none__thr_kappa.csv,confirmed_models__results_full_coverage_descriptor_fp_meta_v4__summaries__external_metrics__blend_challenger_fpdesc_lgbm_50_50__cal_none__thr_kappa.csv,confirmed_models,0,auroc,0.8315350877192982
confirmed_models/results_full_coverage_descriptor_fp_meta_v4/summaries/external_metrics__blend_challenger_fpdesc_lgbm_50_50__cal_none__thr_kappa.csv,confirmed_models__results_full_coverage_descriptor_fp_meta_v4__summaries__external_metrics__blend_challenger_fpdesc_lgbm_50_50__cal_none__thr_kappa.csv,confirmed_models,0,specificity,0.6776315789473685
confirmed_models/results_full_coverage_descriptor_fp_meta_v4/summaries/external_metrics__blend_challenger_fpdesc_lgbm_50_50__cal_none__thr_kappa.csv,confirmed_models__results_full_coverage_descriptor_fp_meta_v4__summaries__external_metrics__blend_challenger_fpdesc_lgbm_50_50__cal_none__thr_kappa.csv,confirmed_models,0,sensitivity,0.8
confirmed_models/results_full_coverage_descriptor_fp_meta_v4/summaries/external_metrics__blend_challenger_fpdesc_lgbm_50_50__cal_none__thr_kappa.csv,confirmed_models__results_full_coverage_descriptor_fp_meta_v4__summaries__external_metrics__blend_challenger_fpdesc_lgbm_50_50__cal_none__thr_kappa.csv,confirmed_models,0,mcc,0.4810511790829873
confirmed_models/results_full_coverage_descriptor_fp_meta_v4/summaries/external_metrics__blend_challenger_fpdesc_lgbm_50_50__cal_none__thr_kappa.csv,confirmed_models__results_full_coverage_descriptor_fp_meta_v4__summaries__external_metrics__blend_challenger_fpdesc_lgbm_50_50__cal_none__thr_kappa.csv,confirmed_models,0,tp,120.0
confirmed_models/results_full_coverage_descriptor_fp_meta_v4/summaries/external_metrics__blend_challenger_fpdesc_lgbm_50_50__cal_none__thr_kappa.csv,confirmed_models__results_full_coverage_descriptor_fp_meta_v4__summaries__external_metrics__blend_challenger_fpdesc_lgbm_50_50__cal_none__thr_kappa.csv,confirmed_models,0,fp,49.0
confirmed_models/results_full_coverage_descriptor_fp_meta_v4/summaries/external_metrics__blend_challenger_fpdesc_lgbm_50_50__cal_none__thr_kappa.csv,confirmed_models__results_full_coverage_descriptor_fp_meta_v4__summaries__external_metrics__blend_challenger_fpdesc_lgbm_50_50__cal_none__thr_kappa.csv,confirmed_models,0,tn,103.0
confirmed_models/results_full_coverage_descriptor_fp_meta_v4/summaries/external_metrics__blend_challenger_fpdesc_lgbm_50_50__cal_none__thr_kappa.csv,confirmed_models__results_full_coverage_descriptor_fp_meta_v4__summaries__external_metrics__blend_challenger_fpdesc_lgbm_50_50__cal_none__thr_kappa.csv,confirmed_models,0,fn,30.0
confirmed_models/results_full_coverage_descriptor_fp_meta_v4/summaries/external_metrics__blend_challenger_fpdesc_lgbm_50_50__cal_sigmoid__thr_f1.csv,confirmed_models__results_full_coverage_descriptor_fp_meta_v4__summaries__external_metrics__blend_challenger_fpdesc_lgbm_50_50__cal_sigmoid__thr_f1.csv,confirmed_models,0,accuracy,0.7384105960264901
confirmed_models/results_full_coverage_descriptor_fp_meta_v4/summaries/external_metrics__blend_challenger_fpdesc_lgbm_50_50__cal_sigmoid__thr_f1.csv,confirmed_models__results_full_coverage_descriptor_fp_meta_v4__summaries__external_metrics__blend_challenger_fpdesc_lgbm_50_50__cal_sigmoid__thr_f1.csv,confirmed_models,0,precision,0.7100591715976331
confirmed_models/results_full_coverage_descriptor_fp_meta_v4/summaries/external_metrics__blend_challenger_fpdesc_lgbm_50_50__cal_sigmoid__thr_f1.csv,confirmed_models__results_full_coverage_descriptor_fp_meta_v4__summaries__external_metrics__blend_challenger_fpdesc_lgbm_50_50__cal_sigmoid__thr_f1.csv,confirmed_models,0,recall,0.8
confirmed_models/results_full_coverage_descriptor_fp_meta_v4/summaries/external_metrics__blend_challenger_fpdesc_lgbm_50_50__cal_sigmoid__thr_f1.csv,confirmed_models__results_full_coverage_descriptor_fp_meta_v4__summaries__external_metrics__blend_challenger_fpdesc_lgbm_50_50__cal_sigmoid__thr_f1.csv,confirmed_models,0,f1,0.7523510971786834
confirmed_models/results_full_coverage_descriptor_fp_meta_v4/summaries/external_metrics__blend_challenger_fpdesc_lgbm_50_50__cal_sigmoid__thr_f1.csv,confirmed_models__results_full_coverage_descriptor_fp_meta_v4__summaries__external_metrics__blend_challenger_fpdesc_lgbm_50_50__cal_sigmoid__thr_f1.csv,confirmed_models,0,kappa,0.4772338840439983
confirmed_models/results_full_coverage_descriptor_fp_meta_v4/summaries/external_metrics__blend_challenger_fpdesc_lgbm_50_50__cal_sigmoid__thr_f1.csv,confirmed_models__results_full_coverage_descriptor_fp_meta_v4__summaries__external_metrics__blend_challenger_fpdesc_lgbm_50_50__cal_sigmoid__thr_f1.csv,confirmed_models,0,auroc,0.8315350877192982
confirmed_models/results_full_coverage_descriptor_fp_meta_v4/summaries/external_metrics__blend_challenger_fpdesc_lgbm_50_50__cal_sigmoid__thr_f1.csv,confirmed_models__results_full_coverage_descriptor_fp_meta_v4__summaries__external_metrics__blend_challenger_fpdesc_lgbm_50_50__cal_sigmoid__thr_f1.csv,confirmed_models,0,specificity,0.6776315789473685
confirmed_models/results_full_coverage_descriptor_fp_meta_v4/summaries/external_metrics__blend_challenger_fpdesc_lgbm_50_50__cal_sigmoid__thr_f1.csv,confirmed_models__results_full_coverage_descriptor_fp_meta_v4__summaries__external_metrics__blend_challenger_fpdesc_lgbm_50_50__cal_sigmoid__thr_f1.csv,confirmed_models,0,sensitivity,0.8
confirmed_models/results_full_coverage_descriptor_fp_meta_v4/summaries/external_metrics__blend_challenger_fpdesc_lgbm_50_50__cal_sigmoid__thr_f1.csv,confirmed_models__results_full_coverage_descriptor_fp_meta_v4__summaries__external_metrics__blend_challenger_fpdesc_lgbm_50_50__cal_sigmoid__thr_f1.csv,confirmed_models,0,mcc,0.4810511790829873
confirmed_models/results_full_coverage_descriptor_fp_meta_v4/summaries/external_metrics__blend_challenger_fpdesc_lgbm_50_50__cal_sigmoid__thr_f1.csv,confirmed_models__results_full_coverage_descriptor_fp_meta_v4__summaries__external_metrics__blend_challenger_fpdesc_lgbm_50_50__cal_sigmoid__thr_f1.csv,confirmed_models,0,tp,120.0
confirmed_models/results_full_coverage_descriptor_fp_meta_v4/summaries/external_metrics__blend_challenger_fpdesc_lgbm_50_50__cal_sigmoid__thr_f1.csv,confirmed_models__results_full_coverage_descriptor_fp_meta_v4__summaries__external_metrics__blend_challenger_fpdesc_lgbm_50_50__cal_sigmoid__thr_f1.csv,confirmed_models,0,fp,49.0
confirmed_models/results_full_coverage_descriptor_fp_meta_v4/summaries/external_metrics__blend_challenger_fpdesc_lgbm_50_50__cal_sigmoid__thr_f1.csv,confirmed_models__results_full_coverage_descriptor_fp_meta_v4__summaries__external_metrics__blend_challenger_fpdesc_lgbm_50_50__cal_sigmoid__thr_f1.csv,confirmed_models,0,tn,103.0
confirmed_models/results_full_coverage_descriptor_fp_meta_v4/summaries/external_metrics__blend_challenger_fpdesc_lgbm_50_50__cal_sigmoid__thr_f1.csv,confirmed_models__results_full_coverage_descriptor_fp_meta_v4__summaries__external_metrics__blend_challenger_fpdesc_lgbm_50_50__cal_sigmoid__thr_f1.csv,confirmed_models,0,fn,30.0
confirmed_models/results_full_coverage_descriptor_fp_meta_v4/summaries/external_metrics__blend_challenger_fpdesc_lgbm_50_50__cal_sigmoid__thr_kappa.csv,confirmed_models__results_full_coverage_descriptor_fp_meta_v4__summaries__external_metrics__blend_challenger_fpdesc_lgbm_50_50__cal_sigmoid__thr_kappa.csv,confirmed_models,0,accuracy,0.7384105960264901
confirmed_models/results_full_coverage_descriptor_fp_meta_v4/summaries/external_metrics__blend_challenger_fpdesc_lgbm_50_50__cal_sigmoid__thr_kappa.csv,confirmed_models__results_full_coverage_descriptor_fp_meta_v4__summaries__external_metrics__blend_challenger_fpdesc_lgbm_50_50__cal_sigmoid__thr_kappa.csv,confirmed_models,0,precision,0.7100591715976331
confirmed_models/results_full_coverage_descriptor_fp_meta_v4/summaries/external_metrics__blend_challenger_fpdesc_lgbm_50_50__cal_sigmoid__thr_kappa.csv,confirmed_models__results_full_coverage_descriptor_fp_meta_v4__summaries__external_metrics__blend_challenger_fpdesc_lgbm_50_50__cal_sigmoid__thr_kappa.csv,confirmed_models,0,recall,0.8
confirmed_models/results_full_coverage_descriptor_fp_meta_v4/summaries/external_metrics__blend_challenger_fpdesc_lgbm_50_50__cal_sigmoid__thr_kappa.csv,confirmed_models__results_full_coverage_descriptor_fp_meta_v4__summaries__external_metrics__blend_challenger_fpdesc_lgbm_50_50__cal_sigmoid__thr_kappa.csv,confirmed_models,0,f1,0.7523510971786834
confirmed_models/results_full_coverage_descriptor_fp_meta_v4/summaries/external_metrics__blend_challenger_fpdesc_lgbm_50_50__cal_sigmoid__thr_kappa.csv,confirmed_models__results_full_coverage_descriptor_fp_meta_v4__summaries__external_metrics__blend_challenger_fpdesc_lgbm_50_50__cal_sigmoid__thr_kappa.csv,confirmed_models,0,kappa,0.4772338840439983
confirmed_models/results_full_coverage_descriptor_fp_meta_v4/summaries/external_metrics__blend_challenger_fpdesc_lgbm_50_50__cal_sigmoid__thr_kappa.csv,confirmed_models__results_full_coverage_descriptor_fp_meta_v4__summaries__external_metrics__blend_challenger_fpdesc_lgbm_50_50__cal_sigmoid__thr_kappa.csv,confirmed_models,0,auroc,0.8315350877192982
confirmed_models/results_full_coverage_descriptor_fp_meta_v4/summaries/external_metrics__blend_challenger_fpdesc_lgbm_50_50__cal_sigmoid__thr_kappa.csv,confirmed_models__results_full_coverage_descriptor_fp_meta_v4__summaries__external_metrics__blend_challenger_fpdesc_lgbm_50_50__cal_sigmoid__thr_kappa.csv,confirmed_models,0,specificity,0.6776315789473685
confirmed_models/results_full_coverage_descriptor_fp_meta_v4/summaries/external_metrics__blend_challenger_fpdesc_lgbm_50_50__cal_sigmoid__thr_kappa.csv,confirmed_models__results_full_coverage_descriptor_fp_meta_v4__summaries__external_metrics__blend_challenger_fpdesc_lgbm_50_50__cal_sigmoid__thr_kappa.csv,confirmed_models,0,sensitivity,0.8
confirmed_models/results_full_coverage_descriptor_fp_meta_v4/summaries/external_metrics__blend_challenger_fpdesc_lgbm_50_50__cal_sigmoid__thr_kappa.csv,confirmed_models__results_full_coverage_descriptor_fp_meta_v4__summaries__external_metrics__blend_challenger_fpdesc_lgbm_50_50__cal_sigmoid__thr_kappa.csv,confirmed_models,0,mcc,0.4810511790829873
confirmed_models/results_full_coverage_descriptor_fp_meta_v4/summaries/external_metrics__blend_challenger_fpdesc_lgbm_50_50__cal_sigmoid__thr_kappa.csv,confirmed_models__results_full_coverage_descriptor_fp_meta_v4__summaries__external_metrics__blend_challenger_fpdesc_lgbm_50_50__cal_sigmoid__thr_kappa.csv,confirmed_models,0,tp,120.0
confirmed_models/results_full_coverage_descriptor_fp_meta_v4/summaries/external_metrics__blend_challenger_fpdesc_lgbm_50_50__cal_sigmoid__thr_kappa.csv,confirmed_models__results_full_coverage_descriptor_fp_meta_v4__summaries__external_metrics__blend_challenger_fpdesc_lgbm_50_50__cal_sigmoid__thr_kappa.csv,confirmed_models,0,fp,49.0
confirmed_models/results_full_coverage_descriptor_fp_meta_v4/summaries/external_metrics__blend_challenger_fpdesc_lgbm_50_50__cal_sigmoid__thr_kappa.csv,confirmed_models__results_full_coverage_descriptor_fp_meta_v4__summaries__external_metrics__blend_challenger_fpdesc_lgbm_50_50__cal_sigmoid__thr_kappa.csv,confirmed_models,0,tn,103.0
confirmed_models/results_full_coverage_descriptor_fp_meta_v4/summaries/external_metrics__blend_challenger_fpdesc_lgbm_50_50__cal_sigmoid__thr_kappa.csv,confirmed_models__results_full_coverage_descriptor_fp_meta_v4__summaries__external_metrics__blend_challenger_fpdesc_lgbm_50_50__cal_sigmoid__thr_kappa.csv,confirmed_models,0,fn,30.0
confirmed_models/results_full_coverage_descriptor_fp_meta_v4/summaries/external_metrics__blend_challenger_fpdesc_lgbm_valopt__cal_isotonic__thr_f1.csv,confirmed_models__results_full_coverage_descriptor_fp_meta_v4__summaries__external_metrics__blend_challenger_fpdesc_lgbm_valopt__cal_isotonic__thr_f1.csv,confirmed_models,0,accuracy,0.7317880794701986
confirmed_models/results_full_coverage_descriptor_fp_meta_v4/summaries/external_metrics__blend_challenger_fpdesc_lgbm_valopt__cal_isotonic__thr_f1.csv,confirmed_models__results_full_coverage_descriptor_fp_meta_v4__summaries__external_metrics__blend_challenger_fpdesc_lgbm_valopt__cal_isotonic__thr_f1.csv,confirmed_models,0,precision,0.7041420118343196
confirmed_models/results_full_coverage_descriptor_fp_meta_v4/summaries/external_metrics__blend_challenger_fpdesc_lgbm_valopt__cal_isotonic__thr_f1.csv,confirmed_models__results_full_coverage_descriptor_fp_meta_v4__summaries__external_metrics__blend_challenger_fpdesc_lgbm_valopt__cal_isotonic__thr_f1.csv,confirmed_models,0,recall,0.7933333333333333
confirmed_models/results_full_coverage_descriptor_fp_meta_v4/summaries/external_metrics__blend_challenger_fpdesc_lgbm_valopt__cal_isotonic__thr_f1.csv,confirmed_models__results_full_coverage_descriptor_fp_meta_v4__summaries__external_metrics__blend_challenger_fpdesc_lgbm_valopt__cal_isotonic__thr_f1.csv,confirmed_models,0,f1,0.7460815047021944
confirmed_models/results_full_coverage_descriptor_fp_meta_v4/summaries/external_metrics__blend_challenger_fpdesc_lgbm_valopt__cal_isotonic__thr_f1.csv,confirmed_models__results_full_coverage_descriptor_fp_meta_v4__summaries__external_metrics__blend_challenger_fpdesc_lgbm_valopt__cal_isotonic__thr_f1.csv,confirmed_models,0,kappa,0.4639992988299224
confirmed_models/results_full_coverage_descriptor_fp_meta_v4/summaries/external_metrics__blend_challenger_fpdesc_lgbm_valopt__cal_isotonic__thr_f1.csv,confirmed_models__results_full_coverage_descriptor_fp_meta_v4__summaries__external_metrics__blend_challenger_fpdesc_lgbm_valopt__cal_isotonic__thr_f1.csv,confirmed_models,0,auroc,0.8185964912280701
confirmed_models/results_full_coverage_descriptor_fp_meta_v4/summaries/external_metrics__blend_challenger_fpdesc_lgbm_valopt__cal_isotonic__thr_f1.csv,confirmed_models__results_full_coverage_descriptor_fp_meta_v4__summaries__external_metrics__blend_challenger_fpdesc_lgbm_valopt__cal_isotonic__thr_f1.csv,confirmed_models,0,specificity,0.6710526315789473
confirmed_models/results_full_coverage_descriptor_fp_meta_v4/summaries/external_metrics__blend_challenger_fpdesc_lgbm_valopt__cal_isotonic__thr_f1.csv,confirmed_models__results_full_coverage_descriptor_fp_meta_v4__summaries__external_metrics__blend_challenger_fpdesc_lgbm_valopt__cal_isotonic__thr_f1.csv,confirmed_models,0,sensitivity,0.7933333333333333
confirmed_models/results_full_coverage_descriptor_fp_meta_v4/summaries/external_metrics__blend_challenger_fpdesc_lgbm_valopt__cal_isotonic__thr_f1.csv,confirmed_models__results_full_coverage_descriptor_fp_meta_v4__summaries__external_metrics__blend_challenger_fpdesc_lgbm_valopt__cal_isotonic__thr_f1.csv,confirmed_models,0,mcc,0.4677107331616776
confirmed_models/results_full_coverage_descriptor_fp_meta_v4/summaries/external_metrics__blend_challenger_fpdesc_lgbm_valopt__cal_isotonic__thr_f1.csv,confirmed_models__results_full_coverage_descriptor_fp_meta_v4__summaries__external_metrics__blend_challenger_fpdesc_lgbm_valopt__cal_isotonic__thr_f1.csv,confirmed_models,0,tp,119.0
confirmed_models/results_full_coverage_descriptor_fp_meta_v4/summaries/external_metrics__blend_challenger_fpdesc_lgbm_valopt__cal_isotonic__thr_f1.csv,confirmed_models__results_full_coverage_descriptor_fp_meta_v4__summaries__external_metrics__blend_challenger_fpdesc_lgbm_valopt__cal_isotonic__thr_f1.csv,confirmed_models,0,fp,50.0
confirmed_models/results_full_coverage_descriptor_fp_meta_v4/summaries/external_metrics__blend_challenger_fpdesc_lgbm_valopt__cal_isotonic__thr_f1.csv,confirmed_models__results_full_coverage_descriptor_fp_meta_v4__summaries__external_metrics__blend_challenger_fpdesc_lgbm_valopt__cal_isotonic__thr_f1.csv,confirmed_models,0,tn,102.0
confirmed_models/results_full_coverage_descriptor_fp_meta_v4/summaries/external_metrics__blend_challenger_fpdesc_lgbm_valopt__cal_isotonic__thr_f1.csv,confirmed_models__results_full_coverage_descriptor_fp_meta_v4__summaries__external_metrics__blend_challenger_fpdesc_lgbm_valopt__cal_isotonic__thr_f1.csv,confirmed_models,0,fn,31.0
confirmed_models/results_full_coverage_descriptor_fp_meta_v4/summaries/external_metrics__blend_challenger_fpdesc_lgbm_valopt__cal_isotonic__thr_kappa.csv,confirmed_models__results_full_coverage_descriptor_fp_meta_v4__summaries__external_metrics__blend_challenger_fpdesc_lgbm_valopt__cal_isotonic__thr_kappa.csv,confirmed_models,0,accuracy,0.7317880794701986
confirmed_models/results_full_coverage_descriptor_fp_meta_v4/summaries/external_metrics__blend_challenger_fpdesc_lgbm_valopt__cal_isotonic__thr_kappa.csv,confirmed_models__results_full_coverage_descriptor_fp_meta_v4__summaries__external_metrics__blend_challenger_fpdesc_lgbm_valopt__cal_isotonic__thr_kappa.csv,confirmed_models,0,precision,0.7899159663865546
confirmed_models/results_full_coverage_descriptor_fp_meta_v4/summaries/external_metrics__blend_challenger_fpdesc_lgbm_valopt__cal_isotonic__thr_kappa.csv,confirmed_models__results_full_coverage_descriptor_fp_meta_v4__summaries__external_metrics__blend_challenger_fpdesc_lgbm_valopt__cal_isotonic__thr_kappa.csv,confirmed_models,0,recall,0.6266666666666667
confirmed_models/results_full_coverage_descriptor_fp_meta_v4/summaries/external_metrics__blend_challenger_fpdesc_lgbm_valopt__cal_isotonic__thr_kappa.csv,confirmed_models__results_full_coverage_descriptor_fp_meta_v4__summaries__external_metrics__blend_challenger_fpdesc_lgbm_valopt__cal_isotonic__thr_kappa.csv,confirmed_models,0,f1,0.6988847583643123
confirmed_models/results_full_coverage_descriptor_fp_meta_v4/summaries/external_metrics__blend_challenger_fpdesc_lgbm_valopt__cal_isotonic__thr_kappa.csv,confirmed_models__results_full_coverage_descriptor_fp_meta_v4__summaries__external_metrics__blend_challenger_fpdesc_lgbm_valopt__cal_isotonic__thr_kappa.csv,confirmed_models,0,kappa,0.4628222583336994
confirmed_models/results_full_coverage_descriptor_fp_meta_v4/summaries/external_metrics__blend_challenger_fpdesc_lgbm_valopt__cal_isotonic__thr_kappa.csv,confirmed_models__results_full_coverage_descriptor_fp_meta_v4__summaries__external_metrics__blend_challenger_fpdesc_lgbm_valopt__cal_isotonic__thr_kappa.csv,confirmed_models,0,auroc,0.8185964912280701
confirmed_models/results_full_coverage_descriptor_fp_meta_v4/summaries/external_metrics__blend_challenger_fpdesc_lgbm_valopt__cal_isotonic__thr_kappa.csv,confirmed_models__results_full_coverage_descriptor_fp_meta_v4__summaries__external_metrics__blend_challenger_fpdesc_lgbm_valopt__cal_isotonic__thr_kappa.csv,confirmed_models,0,specificity,0.8355263157894737
confirmed_models/results_full_coverage_descriptor_fp_meta_v4/summaries/external_metrics__blend_challenger_fpdesc_lgbm_valopt__cal_isotonic__thr_kappa.csv,confirmed_models__results_full_coverage_descriptor_fp_meta_v4__summaries__external_metrics__blend_challenger_fpdesc_lgbm_valopt__cal_isotonic__thr_kappa.csv,confirmed_models,0,sensitivity,0.6266666666666667
confirmed_models/results_full_coverage_descriptor_fp_meta_v4/summaries/external_metrics__blend_challenger_fpdesc_lgbm_valopt__cal_isotonic__thr_kappa.csv,confirmed_models__results_full_coverage_descriptor_fp_meta_v4__summaries__external_metrics__blend_challenger_fpdesc_lgbm_valopt__cal_isotonic__thr_kappa.csv,confirmed_models,0,mcc,0.4729244257520659
confirmed_models/results_full_coverage_descriptor_fp_meta_v4/summaries/external_metrics__blend_challenger_fpdesc_lgbm_valopt__cal_isotonic__thr_kappa.csv,confirmed_models__results_full_coverage_descriptor_fp_meta_v4__summaries__external_metrics__blend_challenger_fpdesc_lgbm_valopt__cal_isotonic__thr_kappa.csv,confirmed_models,0,tp,94.0
confirmed_models/results_full_coverage_descriptor_fp_meta_v4/summaries/external_metrics__blend_challenger_fpdesc_lgbm_valopt__cal_isotonic__thr_kappa.csv,confirmed_models__results_full_coverage_descriptor_fp_meta_v4__summaries__external_metrics__blend_challenger_fpdesc_lgbm_valopt__cal_isotonic__thr_kappa.csv,confirmed_models,0,fp,25.0
confirmed_models/results_full_coverage_descriptor_fp_meta_v4/summaries/external_metrics__blend_challenger_fpdesc_lgbm_valopt__cal_isotonic__thr_kappa.csv,confirmed_models__results_full_coverage_descriptor_fp_meta_v4__summaries__external_metrics__blend_challenger_fpdesc_lgbm_valopt__cal_isotonic__thr_kappa.csv,confirmed_models,0,tn,127.0
confirmed_models/results_full_coverage_descriptor_fp_meta_v4/summaries/external_metrics__blend_challenger_fpdesc_lgbm_valopt__cal_isotonic__thr_kappa.csv,confirmed_models__results_full_coverage_descriptor_fp_meta_v4__summaries__external_metrics__blend_challenger_fpdesc_lgbm_valopt__cal_isotonic__thr_kappa.csv,confirmed_models,0,fn,56.0
confirmed_models/results_full_coverage_descriptor_fp_meta_v4/summaries/external_metrics__blend_challenger_fpdesc_lgbm_valopt__cal_none__thr_f1.csv,confirmed_models__results_full_coverage_descriptor_fp_meta_v4__summaries__external_metrics__blend_challenger_fpdesc_lgbm_valopt__cal_none__thr_f1.csv,confirmed_models,0,accuracy,0.7350993377483444
confirmed_models/results_full_coverage_descriptor_fp_meta_v4/summaries/external_metrics__blend_challenger_fpdesc_lgbm_valopt__cal_none__thr_f1.csv,confirmed_models__results_full_coverage_descriptor_fp_meta_v4__summaries__external_metrics__blend_challenger_fpdesc_lgbm_valopt__cal_none__thr_f1.csv,confirmed_models,0,precision,0.7058823529411765
confirmed_models/results_full_coverage_descriptor_fp_meta_v4/summaries/external_metrics__blend_challenger_fpdesc_lgbm_valopt__cal_none__thr_f1.csv,confirmed_models__results_full_coverage_descriptor_fp_meta_v4__summaries__external_metrics__blend_challenger_fpdesc_lgbm_valopt__cal_none__thr_f1.csv,confirmed_models,0,recall,0.8
confirmed_models/results_full_coverage_descriptor_fp_meta_v4/summaries/external_metrics__blend_challenger_fpdesc_lgbm_valopt__cal_none__thr_f1.csv,confirmed_models__results_full_coverage_descriptor_fp_meta_v4__summaries__external_metrics__blend_challenger_fpdesc_lgbm_valopt__cal_none__thr_f1.csv,confirmed_models,0,f1,0.75
confirmed_models/results_full_coverage_descriptor_fp_meta_v4/summaries/external_metrics__blend_challenger_fpdesc_lgbm_valopt__cal_none__thr_f1.csv,confirmed_models__results_full_coverage_descriptor_fp_meta_v4__summaries__external_metrics__blend_challenger_fpdesc_lgbm_valopt__cal_none__thr_f1.csv,confirmed_models,0,kappa,0.4706397896581945
confirmed_models/results_full_coverage_descriptor_fp_meta_v4/summaries/external_metrics__blend_challenger_fpdesc_lgbm_valopt__cal_none__thr_f1.csv,confirmed_models__results_full_coverage_descriptor_fp_meta_v4__summaries__external_metrics__blend_challenger_fpdesc_lgbm_valopt__cal_none__thr_f1.csv,confirmed_models,0,auroc,0.8208771929824562
confirmed_models/results_full_coverage_descriptor_fp_meta_v4/summaries/external_metrics__blend_challenger_fpdesc_lgbm_valopt__cal_none__thr_f1.csv,confirmed_models__results_full_coverage_descriptor_fp_meta_v4__summaries__external_metrics__blend_challenger_fpdesc_lgbm_valopt__cal_none__thr_f1.csv,confirmed_models,0,specificity,0.6710526315789473
confirmed_models/results_full_coverage_descriptor_fp_meta_v4/summaries/external_metrics__blend_challenger_fpdesc_lgbm_valopt__cal_none__thr_f1.csv,confirmed_models__results_full_coverage_descriptor_fp_meta_v4__summaries__external_metrics__blend_challenger_fpdesc_lgbm_valopt__cal_none__thr_f1.csv,confirmed_models,0,sensitivity,0.8
confirmed_models/results_full_coverage_descriptor_fp_meta_v4/summaries/external_metrics__blend_challenger_fpdesc_lgbm_valopt__cal_none__thr_f1.csv,confirmed_models__results_full_coverage_descriptor_fp_meta_v4__summaries__external_metrics__blend_challenger_fpdesc_lgbm_valopt__cal_none__thr_f1.csv,confirmed_models,0,mcc,0.4748160945778248
confirmed_models/results_full_coverage_descriptor_fp_meta_v4/summaries/external_metrics__blend_challenger_fpdesc_lgbm_valopt__cal_none__thr_f1.csv,confirmed_models__results_full_coverage_descriptor_fp_meta_v4__summaries__external_metrics__blend_challenger_fpdesc_lgbm_valopt__cal_none__thr_f1.csv,confirmed_models,0,tp,120.0
confirmed_models/results_full_coverage_descriptor_fp_meta_v4/summaries/external_metrics__blend_challenger_fpdesc_lgbm_valopt__cal_none__thr_f1.csv,confirmed_models__results_full_coverage_descriptor_fp_meta_v4__summaries__external_metrics__blend_challenger_fpdesc_lgbm_valopt__cal_none__thr_f1.csv,confirmed_models,0,fp,50.0
confirmed_models/results_full_coverage_descriptor_fp_meta_v4/summaries/external_metrics__blend_challenger_fpdesc_lgbm_valopt__cal_none__thr_f1.csv,confirmed_models__results_full_coverage_descriptor_fp_meta_v4__summaries__external_metrics__blend_challenger_fpdesc_lgbm_valopt__cal_none__thr_f1.csv,confirmed_models,0,tn,102.0
confirmed_models/results_full_coverage_descriptor_fp_meta_v4/summaries/external_metrics__blend_challenger_fpdesc_lgbm_valopt__cal_none__thr_f1.csv,confirmed_models__results_full_coverage_descriptor_fp_meta_v4__summaries__external_metrics__blend_challenger_fpdesc_lgbm_valopt__cal_none__thr_f1.csv,confirmed_models,0,fn,30.0
confirmed_models/results_full_coverage_descriptor_fp_meta_v4/summaries/external_metrics__blend_challenger_fpdesc_lgbm_valopt__cal_none__thr_kappa.csv,confirmed_models__results_full_coverage_descriptor_fp_meta_v4__summaries__external_metrics__blend_challenger_fpdesc_lgbm_valopt__cal_none__thr_kappa.csv,confirmed_models,0,accuracy,0.7317880794701986
confirmed_models/results_full_coverage_descriptor_fp_meta_v4/summaries/external_metrics__blend_challenger_fpdesc_lgbm_valopt__cal_none__thr_kappa.csv,confirmed_models__results_full_coverage_descriptor_fp_meta_v4__summaries__external_metrics__blend_challenger_fpdesc_lgbm_valopt__cal_none__thr_kappa.csv,confirmed_models,0,precision,0.7225806451612903
confirmed_models/results_full_coverage_descriptor_fp_meta_v4/summaries/external_metrics__blend_challenger_fpdesc_lgbm_valopt__cal_none__thr_kappa.csv,confirmed_models__results_full_coverage_descriptor_fp_meta_v4__summaries__external_metrics__blend_challenger_fpdesc_lgbm_valopt__cal_none__thr_kappa.csv,confirmed_models,0,recall,0.7466666666666667
confirmed_models/results_full_coverage_descriptor_fp_meta_v4/summaries/external_metrics__blend_challenger_fpdesc_lgbm_valopt__cal_none__thr_kappa.csv,confirmed_models__results_full_coverage_descriptor_fp_meta_v4__summaries__external_metrics__blend_challenger_fpdesc_lgbm_valopt__cal_none__thr_kappa.csv,confirmed_models,0,f1,0.7344262295081967
confirmed_models/results_full_coverage_descriptor_fp_meta_v4/summaries/external_metrics__blend_challenger_fpdesc_lgbm_valopt__cal_none__thr_kappa.csv,confirmed_models__results_full_coverage_descriptor_fp_meta_v4__summaries__external_metrics__blend_challenger_fpdesc_lgbm_valopt__cal_none__thr_kappa.csv,confirmed_models,0,kappa,0.4636702477526858
confirmed_models/results_full_coverage_descriptor_fp_meta_v4/summaries/external_metrics__blend_challenger_fpdesc_lgbm_valopt__cal_none__thr_kappa.csv,confirmed_models__results_full_coverage_descriptor_fp_meta_v4__summaries__external_metrics__blend_challenger_fpdesc_lgbm_valopt__cal_none__thr_kappa.csv,confirmed_models,0,auroc,0.8208771929824562
confirmed_models/results_full_coverage_descriptor_fp_meta_v4/summaries/external_metrics__blend_challenger_fpdesc_lgbm_valopt__cal_none__thr_kappa.csv,confirmed_models__results_full_coverage_descriptor_fp_meta_v4__summaries__external_metrics__blend_challenger_fpdesc_lgbm_valopt__cal_none__thr_kappa.csv,confirmed_models,0,specificity,0.7171052631578947
confirmed_models/results_full_coverage_descriptor_fp_meta_v4/summaries/external_metrics__blend_challenger_fpdesc_lgbm_valopt__cal_none__thr_kappa.csv,confirmed_models__results_full_coverage_descriptor_fp_meta_v4__summaries__external_metrics__blend_challenger_fpdesc_lgbm_valopt__cal_none__thr_kappa.csv,confirmed_models,0,sensitivity,0.7466666666666667
confirmed_models/results_full_coverage_descriptor_fp_meta_v4/summaries/external_metrics__blend_challenger_fpdesc_lgbm_valopt__cal_none__thr_kappa.csv,confirmed_models__results_full_coverage_descriptor_fp_meta_v4__summaries__external_metrics__blend_challenger_fpdesc_lgbm_valopt__cal_none__thr_kappa.csv,confirmed_models,0,mcc,0.4639245616963339
confirmed_models/results_full_coverage_descriptor_fp_meta_v4/summaries/external_metrics__blend_challenger_fpdesc_lgbm_valopt__cal_none__thr_kappa.csv,confirmed_models__results_full_coverage_descriptor_fp_meta_v4__summaries__external_metrics__blend_challenger_fpdesc_lgbm_valopt__cal_none__thr_kappa.csv,confirmed_models,0,tp,112.0
confirmed_models/results_full_coverage_descriptor_fp_meta_v4/summaries/external_metrics__blend_challenger_fpdesc_lgbm_valopt__cal_none__thr_kappa.csv,confirmed_models__results_full_coverage_descriptor_fp_meta_v4__summaries__external_metrics__blend_challenger_fpdesc_lgbm_valopt__cal_none__thr_kappa.csv,confirmed_models,0,fp,43.0
confirmed_models/results_full_coverage_descriptor_fp_meta_v4/summaries/external_metrics__blend_challenger_fpdesc_lgbm_valopt__cal_none__thr_kappa.csv,confirmed_models__results_full_coverage_descriptor_fp_meta_v4__summaries__external_metrics__blend_challenger_fpdesc_lgbm_valopt__cal_none__thr_kappa.csv,confirmed_models,0,tn,109.0
confirmed_models/results_full_coverage_descriptor_fp_meta_v4/summaries/external_metrics__blend_challenger_fpdesc_lgbm_valopt__cal_none__thr_kappa.csv,confirmed_models__results_full_coverage_descriptor_fp_meta_v4__summaries__external_metrics__blend_challenger_fpdesc_lgbm_valopt__cal_none__thr_kappa.csv,confirmed_models,0,fn,38.0
confirmed_models/results_full_coverage_descriptor_fp_meta_v4/summaries/external_metrics__blend_challenger_fpdesc_lgbm_valopt__cal_sigmoid__thr_f1.csv,confirmed_models__results_full_coverage_descriptor_fp_meta_v4__summaries__external_metrics__blend_challenger_fpdesc_lgbm_valopt__cal_sigmoid__thr_f1.csv,confirmed_models,0,accuracy,0.7350993377483444
confirmed_models/results_full_coverage_descriptor_fp_meta_v4/summaries/external_metrics__blend_challenger_fpdesc_lgbm_valopt__cal_sigmoid__thr_f1.csv,confirmed_models__results_full_coverage_descriptor_fp_meta_v4__summaries__external_metrics__blend_challenger_fpdesc_lgbm_valopt__cal_sigmoid__thr_f1.csv,confirmed_models,0,precision,0.7058823529411765
confirmed_models/results_full_coverage_descriptor_fp_meta_v4/summaries/external_metrics__blend_challenger_fpdesc_lgbm_valopt__cal_sigmoid__thr_f1.csv,confirmed_models__results_full_coverage_descriptor_fp_meta_v4__summaries__external_metrics__blend_challenger_fpdesc_lgbm_valopt__cal_sigmoid__thr_f1.csv,confirmed_models,0,recall,0.8
confirmed_models/results_full_coverage_descriptor_fp_meta_v4/summaries/external_metrics__blend_challenger_fpdesc_lgbm_valopt__cal_sigmoid__thr_f1.csv,confirmed_models__results_full_coverage_descriptor_fp_meta_v4__summaries__external_metrics__blend_challenger_fpdesc_lgbm_valopt__cal_sigmoid__thr_f1.csv,confirmed_models,0,f1,0.75
confirmed_models/results_full_coverage_descriptor_fp_meta_v4/summaries/external_metrics__blend_challenger_fpdesc_lgbm_valopt__cal_sigmoid__thr_f1.csv,confirmed_models__results_full_coverage_descriptor_fp_meta_v4__summaries__external_metrics__blend_challenger_fpdesc_lgbm_valopt__cal_sigmoid__thr_f1.csv,confirmed_models,0,kappa,0.4706397896581945
confirmed_models/results_full_coverage_descriptor_fp_meta_v4/summaries/external_metrics__blend_challenger_fpdesc_lgbm_valopt__cal_sigmoid__thr_f1.csv,confirmed_models__results_full_coverage_descriptor_fp_meta_v4__summaries__external_metrics__blend_challenger_fpdesc_lgbm_valopt__cal_sigmoid__thr_f1.csv,confirmed_models,0,auroc,0.8208771929824562
confirmed_models/results_full_coverage_descriptor_fp_meta_v4/summaries/external_metrics__blend_challenger_fpdesc_lgbm_valopt__cal_sigmoid__thr_f1.csv,confirmed_models__results_full_coverage_descriptor_fp_meta_v4__summaries__external_metrics__blend_challenger_fpdesc_lgbm_valopt__cal_sigmoid__thr_f1.csv,confirmed_models,0,specificity,0.6710526315789473
confirmed_models/results_full_coverage_descriptor_fp_meta_v4/summaries/external_metrics__blend_challenger_fpdesc_lgbm_valopt__cal_sigmoid__thr_f1.csv,confirmed_models__results_full_coverage_descriptor_fp_meta_v4__summaries__external_metrics__blend_challenger_fpdesc_lgbm_valopt__cal_sigmoid__thr_f1.csv,confirmed_models,0,sensitivity,0.8
confirmed_models/results_full_coverage_descriptor_fp_meta_v4/summaries/external_metrics__blend_challenger_fpdesc_lgbm_valopt__cal_sigmoid__thr_f1.csv,confirmed_models__results_full_coverage_descriptor_fp_meta_v4__summaries__external_metrics__blend_challenger_fpdesc_lgbm_valopt__cal_sigmoid__thr_f1.csv,confirmed_models,0,mcc,0.4748160945778248
confirmed_models/results_full_coverage_descriptor_fp_meta_v4/summaries/external_metrics__blend_challenger_fpdesc_lgbm_valopt__cal_sigmoid__thr_f1.csv,confirmed_models__results_full_coverage_descriptor_fp_meta_v4__summaries__external_metrics__blend_challenger_fpdesc_lgbm_valopt__cal_sigmoid__thr_f1.csv,confirmed_models,0,tp,120.0
confirmed_models/results_full_coverage_descriptor_fp_meta_v4/summaries/external_metrics__blend_challenger_fpdesc_lgbm_valopt__cal_sigmoid__thr_f1.csv,confirmed_models__results_full_coverage_descriptor_fp_meta_v4__summaries__external_metrics__blend_challenger_fpdesc_lgbm_valopt__cal_sigmoid__thr_f1.csv,confirmed_models,0,fp,50.0
confirmed_models/results_full_coverage_descriptor_fp_meta_v4/summaries/external_metrics__blend_challenger_fpdesc_lgbm_valopt__cal_sigmoid__thr_f1.csv,confirmed_models__results_full_coverage_descriptor_fp_meta_v4__summaries__external_metrics__blend_challenger_fpdesc_lgbm_valopt__cal_sigmoid__thr_f1.csv,confirmed_models,0,tn,102.0
confirmed_models/results_full_coverage_descriptor_fp_meta_v4/summaries/external_metrics__blend_challenger_fpdesc_lgbm_valopt__cal_sigmoid__thr_f1.csv,confirmed_models__results_full_coverage_descriptor_fp_meta_v4__summaries__external_metrics__blend_challenger_fpdesc_lgbm_valopt__cal_sigmoid__thr_f1.csv,confirmed_models,0,fn,30.0
confirmed_models/results_full_coverage_descriptor_fp_meta_v4/summaries/external_metrics__blend_challenger_fpdesc_lgbm_valopt__cal_sigmoid__thr_kappa.csv,confirmed_models__results_full_coverage_descriptor_fp_meta_v4__summaries__external_metrics__blend_challenger_fpdesc_lgbm_valopt__cal_sigmoid__thr_kappa.csv,confirmed_models,0,accuracy,0.7317880794701986
confirmed_models/results_full_coverage_descriptor_fp_meta_v4/summaries/external_metrics__blend_challenger_fpdesc_lgbm_valopt__cal_sigmoid__thr_kappa.csv,confirmed_models__results_full_coverage_descriptor_fp_meta_v4__summaries__external_metrics__blend_challenger_fpdesc_lgbm_valopt__cal_sigmoid__thr_kappa.csv,confirmed_models,0,precision,0.7225806451612903
confirmed_models/results_full_coverage_descriptor_fp_meta_v4/summaries/external_metrics__blend_challenger_fpdesc_lgbm_valopt__cal_sigmoid__thr_kappa.csv,confirmed_models__results_full_coverage_descriptor_fp_meta_v4__summaries__external_metrics__blend_challenger_fpdesc_lgbm_valopt__cal_sigmoid__thr_kappa.csv,confirmed_models,0,recall,0.7466666666666667
confirmed_models/results_full_coverage_descriptor_fp_meta_v4/summaries/external_metrics__blend_challenger_fpdesc_lgbm_valopt__cal_sigmoid__thr_kappa.csv,confirmed_models__results_full_coverage_descriptor_fp_meta_v4__summaries__external_metrics__blend_challenger_fpdesc_lgbm_valopt__cal_sigmoid__thr_kappa.csv,confirmed_models,0,f1,0.7344262295081967
confirmed_models/results_full_coverage_descriptor_fp_meta_v4/summaries/external_metrics__blend_challenger_fpdesc_lgbm_valopt__cal_sigmoid__thr_kappa.csv,confirmed_models__results_full_coverage_descriptor_fp_meta_v4__summaries__external_metrics__blend_challenger_fpdesc_lgbm_valopt__cal_sigmoid__thr_kappa.csv,confirmed_models,0,kappa,0.4636702477526858
confirmed_models/results_full_coverage_descriptor_fp_meta_v4/summaries/external_metrics__blend_challenger_fpdesc_lgbm_valopt__cal_sigmoid__thr_kappa.csv,confirmed_models__results_full_coverage_descriptor_fp_meta_v4__summaries__external_metrics__blend_challenger_fpdesc_lgbm_valopt__cal_sigmoid__thr_kappa.csv,confirmed_models,0,auroc,0.8208771929824562
confirmed_models/results_full_coverage_descriptor_fp_meta_v4/summaries/external_metrics__blend_challenger_fpdesc_lgbm_valopt__cal_sigmoid__thr_kappa.csv,confirmed_models__results_full_coverage_descriptor_fp_meta_v4__summaries__external_metrics__blend_challenger_fpdesc_lgbm_valopt__cal_sigmoid__thr_kappa.csv,confirmed_models,0,specificity,0.7171052631578947
confirmed_models/results_full_coverage_descriptor_fp_meta_v4/summaries/external_metrics__blend_challenger_fpdesc_lgbm_valopt__cal_sigmoid__thr_kappa.csv,confirmed_models__results_full_coverage_descriptor_fp_meta_v4__summaries__external_metrics__blend_challenger_fpdesc_lgbm_valopt__cal_sigmoid__thr_kappa.csv,confirmed_models,0,sensitivity,0.7466666666666667
confirmed_models/results_full_coverage_descriptor_fp_meta_v4/summaries/external_metrics__blend_challenger_fpdesc_lgbm_valopt__cal_sigmoid__thr_kappa.csv,confirmed_models__results_full_coverage_descriptor_fp_meta_v4__summaries__external_metrics__blend_challenger_fpdesc_lgbm_valopt__cal_sigmoid__thr_kappa.csv,confirmed_models,0,mcc,0.4639245616963339
confirmed_models/results_full_coverage_descriptor_fp_meta_v4/summaries/external_metrics__blend_challenger_fpdesc_lgbm_valopt__cal_sigmoid__thr_kappa.csv,confirmed_models__results_full_coverage_descriptor_fp_meta_v4__summaries__external_metrics__blend_challenger_fpdesc_lgbm_valopt__cal_sigmoid__thr_kappa.csv,confirmed_models,0,tp,112.0
confirmed_models/results_full_coverage_descriptor_fp_meta_v4/summaries/external_metrics__blend_challenger_fpdesc_lgbm_valopt__cal_sigmoid__thr_kappa.csv,confirmed_models__results_full_coverage_descriptor_fp_meta_v4__summaries__external_metrics__blend_challenger_fpdesc_lgbm_valopt__cal_sigmoid__thr_kappa.csv,confirmed_models,0,fp,43.0
confirmed_models/results_full_coverage_descriptor_fp_meta_v4/summaries/external_metrics__blend_challenger_fpdesc_lgbm_valopt__cal_sigmoid__thr_kappa.csv,confirmed_models__results_full_coverage_descriptor_fp_meta_v4__summaries__external_metrics__blend_challenger_fpdesc_lgbm_valopt__cal_sigmoid__thr_kappa.csv,confirmed_models,0,tn,109.0
confirmed_models/results_full_coverage_descriptor_fp_meta_v4/summaries/external_metrics__blend_challenger_fpdesc_lgbm_valopt__cal_sigmoid__thr_kappa.csv,confirmed_models__results_full_coverage_descriptor_fp_meta_v4__summaries__external_metrics__blend_challenger_fpdesc_lgbm_valopt__cal_sigmoid__thr_kappa.csv,confirmed_models,0,fn,38.0
confirmed_models/results_full_coverage_descriptor_fp_meta_v4/summaries/external_metrics__challenger_proxy_meta_logreg_knn_plus_lgbm__cal_isotonic__thr_f1.csv,confirmed_models__results_full_coverage_descriptor_fp_meta_v4__summaries__external_metrics__challenger_proxy_meta_logreg_knn_plus_lgbm__cal_isotonic__thr_f1.csv,confirmed_models,0,accuracy,0.7649006622516556
confirmed_models/results_full_coverage_descriptor_fp_meta_v4/summaries/external_metrics__challenger_proxy_meta_logreg_knn_plus_lgbm__cal_isotonic__thr_f1.csv,confirmed_models__results_full_coverage_descriptor_fp_meta_v4__summaries__external_metrics__challenger_proxy_meta_logreg_knn_plus_lgbm__cal_isotonic__thr_f1.csv,confirmed_models,0,precision,0.8495575221238938
confirmed_models/results_full_coverage_descriptor_fp_meta_v4/summaries/external_metrics__challenger_proxy_meta_logreg_knn_plus_lgbm__cal_isotonic__thr_f1.csv,confirmed_models__results_full_coverage_descriptor_fp_meta_v4__summaries__external_metrics__challenger_proxy_meta_logreg_knn_plus_lgbm__cal_isotonic__thr_f1.csv,confirmed_models,0,recall,0.64
confirmed_models/results_full_coverage_descriptor_fp_meta_v4/summaries/external_metrics__challenger_proxy_meta_logreg_knn_plus_lgbm__cal_isotonic__thr_f1.csv,confirmed_models__results_full_coverage_descriptor_fp_meta_v4__summaries__external_metrics__challenger_proxy_meta_logreg_knn_plus_lgbm__cal_isotonic__thr_f1.csv,confirmed_models,0,f1,0.7300380228136882
confirmed_models/results_full_coverage_descriptor_fp_meta_v4/summaries/external_metrics__challenger_proxy_meta_logreg_knn_plus_lgbm__cal_isotonic__thr_f1.csv,confirmed_models__results_full_coverage_descriptor_fp_meta_v4__summaries__external_metrics__challenger_proxy_meta_logreg_knn_plus_lgbm__cal_isotonic__thr_f1.csv,confirmed_models,0,kappa,0.5290163862408295
confirmed_models/results_full_coverage_descriptor_fp_meta_v4/summaries/external_metrics__challenger_proxy_meta_logreg_knn_plus_lgbm__cal_isotonic__thr_f1.csv,confirmed_models__results_full_coverage_descriptor_fp_meta_v4__summaries__external_metrics__challenger_proxy_meta_logreg_knn_plus_lgbm__cal_isotonic__thr_f1.csv,confirmed_models,0,auroc,0.8459868421052632
confirmed_models/results_full_coverage_descriptor_fp_meta_v4/summaries/external_metrics__challenger_proxy_meta_logreg_knn_plus_lgbm__cal_isotonic__thr_f1.csv,confirmed_models__results_full_coverage_descriptor_fp_meta_v4__summaries__external_metrics__challenger_proxy_meta_logreg_knn_plus_lgbm__cal_isotonic__thr_f1.csv,confirmed_models,0,specificity,0.8881578947368421
confirmed_models/results_full_coverage_descriptor_fp_meta_v4/summaries/external_metrics__challenger_proxy_meta_logreg_knn_plus_lgbm__cal_isotonic__thr_f1.csv,confirmed_models__results_full_coverage_descriptor_fp_meta_v4__summaries__external_metrics__challenger_proxy_meta_logreg_knn_plus_lgbm__cal_isotonic__thr_f1.csv,confirmed_models,0,sensitivity,0.64
confirmed_models/results_full_coverage_descriptor_fp_meta_v4/summaries/external_metrics__challenger_proxy_meta_logreg_knn_plus_lgbm__cal_isotonic__thr_f1.csv,confirmed_models__results_full_coverage_descriptor_fp_meta_v4__summaries__external_metrics__challenger_proxy_meta_logreg_knn_plus_lgbm__cal_isotonic__thr_f1.csv,confirmed_models,0,mcc,0.5457089487114044
confirmed_models/results_full_coverage_descriptor_fp_meta_v4/summaries/external_metrics__challenger_proxy_meta_logreg_knn_plus_lgbm__cal_isotonic__thr_f1.csv,confirmed_models__results_full_coverage_descriptor_fp_meta_v4__summaries__external_metrics__challenger_proxy_meta_logreg_knn_plus_lgbm__cal_isotonic__thr_f1.csv,confirmed_models,0,tp,96.0
confirmed_models/results_full_coverage_descriptor_fp_meta_v4/summaries/external_metrics__challenger_proxy_meta_logreg_knn_plus_lgbm__cal_isotonic__thr_f1.csv,confirmed_models__results_full_coverage_descriptor_fp_meta_v4__summaries__external_metrics__challenger_proxy_meta_logreg_knn_plus_lgbm__cal_isotonic__thr_f1.csv,confirmed_models,0,fp,17.0
confirmed_models/results_full_coverage_descriptor_fp_meta_v4/summaries/external_metrics__challenger_proxy_meta_logreg_knn_plus_lgbm__cal_isotonic__thr_f1.csv,confirmed_models__results_full_coverage_descriptor_fp_meta_v4__summaries__external_metrics__challenger_proxy_meta_logreg_knn_plus_lgbm__cal_isotonic__thr_f1.csv,confirmed_models,0,tn,135.0
confirmed_models/results_full_coverage_descriptor_fp_meta_v4/summaries/external_metrics__challenger_proxy_meta_logreg_knn_plus_lgbm__cal_isotonic__thr_f1.csv,confirmed_models__results_full_coverage_descriptor_fp_meta_v4__summaries__external_metrics__challenger_proxy_meta_logreg_knn_plus_lgbm__cal_isotonic__thr_f1.csv,confirmed_models,0,fn,54.0
confirmed_models/results_full_coverage_descriptor_fp_meta_v4/summaries/external_metrics__challenger_proxy_meta_logreg_knn_plus_lgbm__cal_isotonic__thr_kappa.csv,confirmed_models__results_full_coverage_descriptor_fp_meta_v4__summaries__external_metrics__challenger_proxy_meta_logreg_knn_plus_lgbm__cal_isotonic__thr_kappa.csv,confirmed_models,0,accuracy,0.7649006622516556
confirmed_models/results_full_coverage_descriptor_fp_meta_v4/summaries/external_metrics__challenger_proxy_meta_logreg_knn_plus_lgbm__cal_isotonic__thr_kappa.csv,confirmed_models__results_full_coverage_descriptor_fp_meta_v4__summaries__external_metrics__challenger_proxy_meta_logreg_knn_plus_lgbm__cal_isotonic__thr_kappa.csv,confirmed_models,0,precision,0.8495575221238938
confirmed_models/results_full_coverage_descriptor_fp_meta_v4/summaries/external_metrics__challenger_proxy_meta_logreg_knn_plus_lgbm__cal_isotonic__thr_kappa.csv,confirmed_models__results_full_coverage_descriptor_fp_meta_v4__summaries__external_metrics__challenger_proxy_meta_logreg_knn_plus_lgbm__cal_isotonic__thr_kappa.csv,confirmed_models,0,recall,0.64
confirmed_models/results_full_coverage_descriptor_fp_meta_v4/summaries/external_metrics__challenger_proxy_meta_logreg_knn_plus_lgbm__cal_isotonic__thr_kappa.csv,confirmed_models__results_full_coverage_descriptor_fp_meta_v4__summaries__external_metrics__challenger_proxy_meta_logreg_knn_plus_lgbm__cal_isotonic__thr_kappa.csv,confirmed_models,0,f1,0.7300380228136882
confirmed_models/results_full_coverage_descriptor_fp_meta_v4/summaries/external_metrics__challenger_proxy_meta_logreg_knn_plus_lgbm__cal_isotonic__thr_kappa.csv,confirmed_models__results_full_coverage_descriptor_fp_meta_v4__summaries__external_metrics__challenger_proxy_meta_logreg_knn_plus_lgbm__cal_isotonic__thr_kappa.csv,confirmed_models,0,kappa,0.5290163862408295
confirmed_models/results_full_coverage_descriptor_fp_meta_v4/summaries/external_metrics__challenger_proxy_meta_logreg_knn_plus_lgbm__cal_isotonic__thr_kappa.csv,confirmed_models__results_full_coverage_descriptor_fp_meta_v4__summaries__external_metrics__challenger_proxy_meta_logreg_knn_plus_lgbm__cal_isotonic__thr_kappa.csv,confirmed_models,0,auroc,0.8459868421052632
confirmed_models/results_full_coverage_descriptor_fp_meta_v4/summaries/external_metrics__challenger_proxy_meta_logreg_knn_plus_lgbm__cal_isotonic__thr_kappa.csv,confirmed_models__results_full_coverage_descriptor_fp_meta_v4__summaries__external_metrics__challenger_proxy_meta_logreg_knn_plus_lgbm__cal_isotonic__thr_kappa.csv,confirmed_models,0,specificity,0.8881578947368421
confirmed_models/results_full_coverage_descriptor_fp_meta_v4/summaries/external_metrics__challenger_proxy_meta_logreg_knn_plus_lgbm__cal_isotonic__thr_kappa.csv,confirmed_models__results_full_coverage_descriptor_fp_meta_v4__summaries__external_metrics__challenger_proxy_meta_logreg_knn_plus_lgbm__cal_isotonic__thr_kappa.csv,confirmed_models,0,sensitivity,0.64
confirmed_models/results_full_coverage_descriptor_fp_meta_v4/summaries/external_metrics__challenger_proxy_meta_logreg_knn_plus_lgbm__cal_isotonic__thr_kappa.csv,confirmed_models__results_full_coverage_descriptor_fp_meta_v4__summaries__external_metrics__challenger_proxy_meta_logreg_knn_plus_lgbm__cal_isotonic__thr_kappa.csv,confirmed_models,0,mcc,0.5457089487114044
confirmed_models/results_full_coverage_descriptor_fp_meta_v4/summaries/external_metrics__challenger_proxy_meta_logreg_knn_plus_lgbm__cal_isotonic__thr_kappa.csv,confirmed_models__results_full_coverage_descriptor_fp_meta_v4__summaries__external_metrics__challenger_proxy_meta_logreg_knn_plus_lgbm__cal_isotonic__thr_kappa.csv,confirmed_models,0,tp,96.0
confirmed_models/results_full_coverage_descriptor_fp_meta_v4/summaries/external_metrics__challenger_proxy_meta_logreg_knn_plus_lgbm__cal_isotonic__thr_kappa.csv,confirmed_models__results_full_coverage_descriptor_fp_meta_v4__summaries__external_metrics__challenger_proxy_meta_logreg_knn_plus_lgbm__cal_isotonic__thr_kappa.csv,confirmed_models,0,fp,17.0
confirmed_models/results_full_coverage_descriptor_fp_meta_v4/summaries/external_metrics__challenger_proxy_meta_logreg_knn_plus_lgbm__cal_isotonic__thr_kappa.csv,confirmed_models__results_full_coverage_descriptor_fp_meta_v4__summaries__external_metrics__challenger_proxy_meta_logreg_knn_plus_lgbm__cal_isotonic__thr_kappa.csv,confirmed_models,0,tn,135.0
confirmed_models/results_full_coverage_descriptor_fp_meta_v4/summaries/external_metrics__challenger_proxy_meta_logreg_knn_plus_lgbm__cal_isotonic__thr_kappa.csv,confirmed_models__results_full_coverage_descriptor_fp_meta_v4__summaries__external_metrics__challenger_proxy_meta_logreg_knn_plus_lgbm__cal_isotonic__thr_kappa.csv,confirmed_models,0,fn,54.0
confirmed_models/results_full_coverage_descriptor_fp_meta_v4/summaries/external_metrics__challenger_proxy_meta_logreg_knn_plus_lgbm__cal_none__thr_f1.csv,confirmed_models__results_full_coverage_descriptor_fp_meta_v4__summaries__external_metrics__challenger_proxy_meta_logreg_knn_plus_lgbm__cal_none__thr_f1.csv,confirmed_models,0,accuracy,0.7549668874172185
confirmed_models/results_full_coverage_descriptor_fp_meta_v4/summaries/external_metrics__challenger_proxy_meta_logreg_knn_plus_lgbm__cal_none__thr_f1.csv,confirmed_models__results_full_coverage_descriptor_fp_meta_v4__summaries__external_metrics__challenger_proxy_meta_logreg_knn_plus_lgbm__cal_none__thr_f1.csv,confirmed_models,0,precision,0.7676056338028169
confirmed_models/results_full_coverage_descriptor_fp_meta_v4/summaries/external_metrics__challenger_proxy_meta_logreg_knn_plus_lgbm__cal_none__thr_f1.csv,confirmed_models__results_full_coverage_descriptor_fp_meta_v4__summaries__external_metrics__challenger_proxy_meta_logreg_knn_plus_lgbm__cal_none__thr_f1.csv,confirmed_models,0,recall,0.7266666666666667
confirmed_models/results_full_coverage_descriptor_fp_meta_v4/summaries/external_metrics__challenger_proxy_meta_logreg_knn_plus_lgbm__cal_none__thr_f1.csv,confirmed_models__results_full_coverage_descriptor_fp_meta_v4__summaries__external_metrics__challenger_proxy_meta_logreg_knn_plus_lgbm__cal_none__thr_f1.csv,confirmed_models,0,f1,0.7465753424657534
confirmed_models/results_full_coverage_descriptor_fp_meta_v4/summaries/external_metrics__challenger_proxy_meta_logreg_knn_plus_lgbm__cal_none__thr_f1.csv,confirmed_models__results_full_coverage_descriptor_fp_meta_v4__summaries__external_metrics__challenger_proxy_meta_logreg_knn_plus_lgbm__cal_none__thr_f1.csv,confirmed_models,0,kappa,0.5097402597402598
confirmed_models/results_full_coverage_descriptor_fp_meta_v4/summaries/external_metrics__challenger_proxy_meta_logreg_knn_plus_lgbm__cal_none__thr_f1.csv,confirmed_models__results_full_coverage_descriptor_fp_meta_v4__summaries__external_metrics__challenger_proxy_meta_logreg_knn_plus_lgbm__cal_none__thr_f1.csv,confirmed_models,0,auroc,0.8564912280701754
confirmed_models/results_full_coverage_descriptor_fp_meta_v4/summaries/external_metrics__challenger_proxy_meta_logreg_knn_plus_lgbm__cal_none__thr_f1.csv,confirmed_models__results_full_coverage_descriptor_fp_meta_v4__summaries__external_metrics__challenger_proxy_meta_logreg_knn_plus_lgbm__cal_none__thr_f1.csv,confirmed_models,0,specificity,0.7828947368421053
confirmed_models/results_full_coverage_descriptor_fp_meta_v4/summaries/external_metrics__challenger_proxy_meta_logreg_knn_plus_lgbm__cal_none__thr_f1.csv,confirmed_models__results_full_coverage_descriptor_fp_meta_v4__summaries__external_metrics__challenger_proxy_meta_logreg_knn_plus_lgbm__cal_none__thr_f1.csv,confirmed_models,0,sensitivity,0.7266666666666667
confirmed_models/results_full_coverage_descriptor_fp_meta_v4/summaries/external_metrics__challenger_proxy_meta_logreg_knn_plus_lgbm__cal_none__thr_f1.csv,confirmed_models__results_full_coverage_descriptor_fp_meta_v4__summaries__external_metrics__challenger_proxy_meta_logreg_knn_plus_lgbm__cal_none__thr_f1.csv,confirmed_models,0,mcc,0.510457730329046
confirmed_models/results_full_coverage_descriptor_fp_meta_v4/summaries/external_metrics__challenger_proxy_meta_logreg_knn_plus_lgbm__cal_none__thr_f1.csv,confirmed_models__results_full_coverage_descriptor_fp_meta_v4__summaries__external_metrics__challenger_proxy_meta_logreg_knn_plus_lgbm__cal_none__thr_f1.csv,confirmed_models,0,tp,109.0
confirmed_models/results_full_coverage_descriptor_fp_meta_v4/summaries/external_metrics__challenger_proxy_meta_logreg_knn_plus_lgbm__cal_none__thr_f1.csv,confirmed_models__results_full_coverage_descriptor_fp_meta_v4__summaries__external_metrics__challenger_proxy_meta_logreg_knn_plus_lgbm__cal_none__thr_f1.csv,confirmed_models,0,fp,33.0
confirmed_models/results_full_coverage_descriptor_fp_meta_v4/summaries/external_metrics__challenger_proxy_meta_logreg_knn_plus_lgbm__cal_none__thr_f1.csv,confirmed_models__results_full_coverage_descriptor_fp_meta_v4__summaries__external_metrics__challenger_proxy_meta_logreg_knn_plus_lgbm__cal_none__thr_f1.csv,confirmed_models,0,tn,119.0
confirmed_models/results_full_coverage_descriptor_fp_meta_v4/summaries/external_metrics__challenger_proxy_meta_logreg_knn_plus_lgbm__cal_none__thr_f1.csv,confirmed_models__results_full_coverage_descriptor_fp_meta_v4__summaries__external_metrics__challenger_proxy_meta_logreg_knn_plus_lgbm__cal_none__thr_f1.csv,confirmed_models,0,fn,41.0
confirmed_models/results_full_coverage_descriptor_fp_meta_v4/summaries/external_metrics__challenger_proxy_meta_logreg_knn_plus_lgbm__cal_none__thr_kappa.csv,confirmed_models__results_full_coverage_descriptor_fp_meta_v4__summaries__external_metrics__challenger_proxy_meta_logreg_knn_plus_lgbm__cal_none__thr_kappa.csv,confirmed_models,0,accuracy,0.7582781456953642
confirmed_models/results_full_coverage_descriptor_fp_meta_v4/summaries/external_metrics__challenger_proxy_meta_logreg_knn_plus_lgbm__cal_none__thr_kappa.csv,confirmed_models__results_full_coverage_descriptor_fp_meta_v4__summaries__external_metrics__challenger_proxy_meta_logreg_knn_plus_lgbm__cal_none__thr_kappa.csv,confirmed_models,0,precision,0.7984496124031008
confirmed_models/results_full_coverage_descriptor_fp_meta_v4/summaries/external_metrics__challenger_proxy_meta_logreg_knn_plus_lgbm__cal_none__thr_kappa.csv,confirmed_models__results_full_coverage_descriptor_fp_meta_v4__summaries__external_metrics__challenger_proxy_meta_logreg_knn_plus_lgbm__cal_none__thr_kappa.csv,confirmed_models,0,recall,0.6866666666666666
confirmed_models/results_full_coverage_descriptor_fp_meta_v4/summaries/external_metrics__challenger_proxy_meta_logreg_knn_plus_lgbm__cal_none__thr_kappa.csv,confirmed_models__results_full_coverage_descriptor_fp_meta_v4__summaries__external_metrics__challenger_proxy_meta_logreg_knn_plus_lgbm__cal_none__thr_kappa.csv,confirmed_models,0,f1,0.7383512544802867
confirmed_models/results_full_coverage_descriptor_fp_meta_v4/summaries/external_metrics__challenger_proxy_meta_logreg_knn_plus_lgbm__cal_none__thr_kappa.csv,confirmed_models__results_full_coverage_descriptor_fp_meta_v4__summaries__external_metrics__challenger_proxy_meta_logreg_knn_plus_lgbm__cal_none__thr_kappa.csv,confirmed_models,0,kappa,0.5160893805698231
confirmed_models/results_full_coverage_descriptor_fp_meta_v4/summaries/external_metrics__challenger_proxy_meta_logreg_knn_plus_lgbm__cal_none__thr_kappa.csv,confirmed_models__results_full_coverage_descriptor_fp_meta_v4__summaries__external_metrics__challenger_proxy_meta_logreg_knn_plus_lgbm__cal_none__thr_kappa.csv,confirmed_models,0,auroc,0.8564912280701754
confirmed_models/results_full_coverage_descriptor_fp_meta_v4/summaries/external_metrics__challenger_proxy_meta_logreg_knn_plus_lgbm__cal_none__thr_kappa.csv,confirmed_models__results_full_coverage_descriptor_fp_meta_v4__summaries__external_metrics__challenger_proxy_meta_logreg_knn_plus_lgbm__cal_none__thr_kappa.csv,confirmed_models,0,specificity,0.8289473684210527
confirmed_models/results_full_coverage_descriptor_fp_meta_v4/summaries/external_metrics__challenger_proxy_meta_logreg_knn_plus_lgbm__cal_none__thr_kappa.csv,confirmed_models__results_full_coverage_descriptor_fp_meta_v4__summaries__external_metrics__challenger_proxy_meta_logreg_knn_plus_lgbm__cal_none__thr_kappa.csv,confirmed_models,0,sensitivity,0.6866666666666666
confirmed_models/results_full_coverage_descriptor_fp_meta_v4/summaries/external_metrics__challenger_proxy_meta_logreg_knn_plus_lgbm__cal_none__thr_kappa.csv,confirmed_models__results_full_coverage_descriptor_fp_meta_v4__summaries__external_metrics__challenger_proxy_meta_logreg_knn_plus_lgbm__cal_none__thr_kappa.csv,confirmed_models,0,mcc,0.5211638061940255
confirmed_models/results_full_coverage_descriptor_fp_meta_v4/summaries/external_metrics__challenger_proxy_meta_logreg_knn_plus_lgbm__cal_none__thr_kappa.csv,confirmed_models__results_full_coverage_descriptor_fp_meta_v4__summaries__external_metrics__challenger_proxy_meta_logreg_knn_plus_lgbm__cal_none__thr_kappa.csv,confirmed_models,0,tp,103.0
confirmed_models/results_full_coverage_descriptor_fp_meta_v4/summaries/external_metrics__challenger_proxy_meta_logreg_knn_plus_lgbm__cal_none__thr_kappa.csv,confirmed_models__results_full_coverage_descriptor_fp_meta_v4__summaries__external_metrics__challenger_proxy_meta_logreg_knn_plus_lgbm__cal_none__thr_kappa.csv,confirmed_models,0,fp,26.0
confirmed_models/results_full_coverage_descriptor_fp_meta_v4/summaries/external_metrics__challenger_proxy_meta_logreg_knn_plus_lgbm__cal_none__thr_kappa.csv,confirmed_models__results_full_coverage_descriptor_fp_meta_v4__summaries__external_metrics__challenger_proxy_meta_logreg_knn_plus_lgbm__cal_none__thr_kappa.csv,confirmed_models,0,tn,126.0
confirmed_models/results_full_coverage_descriptor_fp_meta_v4/summaries/external_metrics__challenger_proxy_meta_logreg_knn_plus_lgbm__cal_none__thr_kappa.csv,confirmed_models__results_full_coverage_descriptor_fp_meta_v4__summaries__external_metrics__challenger_proxy_meta_logreg_knn_plus_lgbm__cal_none__thr_kappa.csv,confirmed_models,0,fn,47.0
confirmed_models/results_full_coverage_descriptor_fp_meta_v4/summaries/external_metrics__challenger_proxy_meta_logreg_knn_plus_lgbm__cal_sigmoid__thr_f1.csv,confirmed_models__results_full_coverage_descriptor_fp_meta_v4__summaries__external_metrics__challenger_proxy_meta_logreg_knn_plus_lgbm__cal_sigmoid__thr_f1.csv,confirmed_models,0,accuracy,0.7549668874172185
confirmed_models/results_full_coverage_descriptor_fp_meta_v4/summaries/external_metrics__challenger_proxy_meta_logreg_knn_plus_lgbm__cal_sigmoid__thr_f1.csv,confirmed_models__results_full_coverage_descriptor_fp_meta_v4__summaries__external_metrics__challenger_proxy_meta_logreg_knn_plus_lgbm__cal_sigmoid__thr_f1.csv,confirmed_models,0,precision,0.7676056338028169
confirmed_models/results_full_coverage_descriptor_fp_meta_v4/summaries/external_metrics__challenger_proxy_meta_logreg_knn_plus_lgbm__cal_sigmoid__thr_f1.csv,confirmed_models__results_full_coverage_descriptor_fp_meta_v4__summaries__external_metrics__challenger_proxy_meta_logreg_knn_plus_lgbm__cal_sigmoid__thr_f1.csv,confirmed_models,0,recall,0.7266666666666667
confirmed_models/results_full_coverage_descriptor_fp_meta_v4/summaries/external_metrics__challenger_proxy_meta_logreg_knn_plus_lgbm__cal_sigmoid__thr_f1.csv,confirmed_models__results_full_coverage_descriptor_fp_meta_v4__summaries__external_metrics__challenger_proxy_meta_logreg_knn_plus_lgbm__cal_sigmoid__thr_f1.csv,confirmed_models,0,f1,0.7465753424657534
confirmed_models/results_full_coverage_descriptor_fp_meta_v4/summaries/external_metrics__challenger_proxy_meta_logreg_knn_plus_lgbm__cal_sigmoid__thr_f1.csv,confirmed_models__results_full_coverage_descriptor_fp_meta_v4__summaries__external_metrics__challenger_proxy_meta_logreg_knn_plus_lgbm__cal_sigmoid__thr_f1.csv,confirmed_models,0,kappa,0.5097402597402598
confirmed_models/results_full_coverage_descriptor_fp_meta_v4/summaries/external_metrics__challenger_proxy_meta_logreg_knn_plus_lgbm__cal_sigmoid__thr_f1.csv,confirmed_models__results_full_coverage_descriptor_fp_meta_v4__summaries__external_metrics__challenger_proxy_meta_logreg_knn_plus_lgbm__cal_sigmoid__thr_f1.csv,confirmed_models,0,auroc,0.8564912280701754
confirmed_models/results_full_coverage_descriptor_fp_meta_v4/summaries/external_metrics__challenger_proxy_meta_logreg_knn_plus_lgbm__cal_sigmoid__thr_f1.csv,confirmed_models__results_full_coverage_descriptor_fp_meta_v4__summaries__external_metrics__challenger_proxy_meta_logreg_knn_plus_lgbm__cal_sigmoid__thr_f1.csv,confirmed_models,0,specificity,0.7828947368421053
confirmed_models/results_full_coverage_descriptor_fp_meta_v4/summaries/external_metrics__challenger_proxy_meta_logreg_knn_plus_lgbm__cal_sigmoid__thr_f1.csv,confirmed_models__results_full_coverage_descriptor_fp_meta_v4__summaries__external_metrics__challenger_proxy_meta_logreg_knn_plus_lgbm__cal_sigmoid__thr_f1.csv,confirmed_models,0,sensitivity,0.7266666666666667
confirmed_models/results_full_coverage_descriptor_fp_meta_v4/summaries/external_metrics__challenger_proxy_meta_logreg_knn_plus_lgbm__cal_sigmoid__thr_f1.csv,confirmed_models__results_full_coverage_descriptor_fp_meta_v4__summaries__external_metrics__challenger_proxy_meta_logreg_knn_plus_lgbm__cal_sigmoid__thr_f1.csv,confirmed_models,0,mcc,0.510457730329046
confirmed_models/results_full_coverage_descriptor_fp_meta_v4/summaries/external_metrics__challenger_proxy_meta_logreg_knn_plus_lgbm__cal_sigmoid__thr_f1.csv,confirmed_models__results_full_coverage_descriptor_fp_meta_v4__summaries__external_metrics__challenger_proxy_meta_logreg_knn_plus_lgbm__cal_sigmoid__thr_f1.csv,confirmed_models,0,tp,109.0
confirmed_models/results_full_coverage_descriptor_fp_meta_v4/summaries/external_metrics__challenger_proxy_meta_logreg_knn_plus_lgbm__cal_sigmoid__thr_f1.csv,confirmed_models__results_full_coverage_descriptor_fp_meta_v4__summaries__external_metrics__challenger_proxy_meta_logreg_knn_plus_lgbm__cal_sigmoid__thr_f1.csv,confirmed_models,0,fp,33.0
confirmed_models/results_full_coverage_descriptor_fp_meta_v4/summaries/external_metrics__challenger_proxy_meta_logreg_knn_plus_lgbm__cal_sigmoid__thr_f1.csv,confirmed_models__results_full_coverage_descriptor_fp_meta_v4__summaries__external_metrics__challenger_proxy_meta_logreg_knn_plus_lgbm__cal_sigmoid__thr_f1.csv,confirmed_models,0,tn,119.0
confirmed_models/results_full_coverage_descriptor_fp_meta_v4/summaries/external_metrics__challenger_proxy_meta_logreg_knn_plus_lgbm__cal_sigmoid__thr_f1.csv,confirmed_models__results_full_coverage_descriptor_fp_meta_v4__summaries__external_metrics__challenger_proxy_meta_logreg_knn_plus_lgbm__cal_sigmoid__thr_f1.csv,confirmed_models,0,fn,41.0
confirmed_models/results_full_coverage_descriptor_fp_meta_v4/summaries/external_metrics__challenger_proxy_meta_logreg_knn_plus_lgbm__cal_sigmoid__thr_kappa.csv,confirmed_models__results_full_coverage_descriptor_fp_meta_v4__summaries__external_metrics__challenger_proxy_meta_logreg_knn_plus_lgbm__cal_sigmoid__thr_kappa.csv,confirmed_models,0,accuracy,0.7649006622516556
confirmed_models/results_full_coverage_descriptor_fp_meta_v4/summaries/external_metrics__challenger_proxy_meta_logreg_knn_plus_lgbm__cal_sigmoid__thr_kappa.csv,confirmed_models__results_full_coverage_descriptor_fp_meta_v4__summaries__external_metrics__challenger_proxy_meta_logreg_knn_plus_lgbm__cal_sigmoid__thr_kappa.csv,confirmed_models,0,precision,0.7969924812030075
confirmed_models/results_full_coverage_descriptor_fp_meta_v4/summaries/external_metrics__challenger_proxy_meta_logreg_knn_plus_lgbm__cal_sigmoid__thr_kappa.csv,confirmed_models__results_full_coverage_descriptor_fp_meta_v4__summaries__external_metrics__challenger_proxy_meta_logreg_knn_plus_lgbm__cal_sigmoid__thr_kappa.csv,confirmed_models,0,recall,0.7066666666666667
confirmed_models/results_full_coverage_descriptor_fp_meta_v4/summaries/external_metrics__challenger_proxy_meta_logreg_knn_plus_lgbm__cal_sigmoid__thr_kappa.csv,confirmed_models__results_full_coverage_descriptor_fp_meta_v4__summaries__external_metrics__challenger_proxy_meta_logreg_knn_plus_lgbm__cal_sigmoid__thr_kappa.csv,confirmed_models,0,f1,0.7491166077738516
confirmed_models/results_full_coverage_descriptor_fp_meta_v4/summaries/external_metrics__challenger_proxy_meta_logreg_knn_plus_lgbm__cal_sigmoid__thr_kappa.csv,confirmed_models__results_full_coverage_descriptor_fp_meta_v4__summaries__external_metrics__challenger_proxy_meta_logreg_knn_plus_lgbm__cal_sigmoid__thr_kappa.csv,confirmed_models,0,kappa,0.529429838037133
confirmed_models/results_full_coverage_descriptor_fp_meta_v4/summaries/external_metrics__challenger_proxy_meta_logreg_knn_plus_lgbm__cal_sigmoid__thr_kappa.csv,confirmed_models__results_full_coverage_descriptor_fp_meta_v4__summaries__external_metrics__challenger_proxy_meta_logreg_knn_plus_lgbm__cal_sigmoid__thr_kappa.csv,confirmed_models,0,auroc,0.8564912280701754
confirmed_models/results_full_coverage_descriptor_fp_meta_v4/summaries/external_metrics__challenger_proxy_meta_logreg_knn_plus_lgbm__cal_sigmoid__thr_kappa.csv,confirmed_models__results_full_coverage_descriptor_fp_meta_v4__summaries__external_metrics__challenger_proxy_meta_logreg_knn_plus_lgbm__cal_sigmoid__thr_kappa.csv,confirmed_models,0,specificity,0.8223684210526315
confirmed_models/results_full_coverage_descriptor_fp_meta_v4/summaries/external_metrics__challenger_proxy_meta_logreg_knn_plus_lgbm__cal_sigmoid__thr_kappa.csv,confirmed_models__results_full_coverage_descriptor_fp_meta_v4__summaries__external_metrics__challenger_proxy_meta_logreg_knn_plus_lgbm__cal_sigmoid__thr_kappa.csv,confirmed_models,0,sensitivity,0.7066666666666667
confirmed_models/results_full_coverage_descriptor_fp_meta_v4/summaries/external_metrics__challenger_proxy_meta_logreg_knn_plus_lgbm__cal_sigmoid__thr_kappa.csv,confirmed_models__results_full_coverage_descriptor_fp_meta_v4__summaries__external_metrics__challenger_proxy_meta_logreg_knn_plus_lgbm__cal_sigmoid__thr_kappa.csv,confirmed_models,0,mcc,0.5328227109365465
confirmed_models/results_full_coverage_descriptor_fp_meta_v4/summaries/external_metrics__challenger_proxy_meta_logreg_knn_plus_lgbm__cal_sigmoid__thr_kappa.csv,confirmed_models__results_full_coverage_descriptor_fp_meta_v4__summaries__external_metrics__challenger_proxy_meta_logreg_knn_plus_lgbm__cal_sigmoid__thr_kappa.csv,confirmed_models,0,tp,106.0
confirmed_models/results_full_coverage_descriptor_fp_meta_v4/summaries/external_metrics__challenger_proxy_meta_logreg_knn_plus_lgbm__cal_sigmoid__thr_kappa.csv,confirmed_models__results_full_coverage_descriptor_fp_meta_v4__summaries__external_metrics__challenger_proxy_meta_logreg_knn_plus_lgbm__cal_sigmoid__thr_kappa.csv,confirmed_models,0,fp,27.0
confirmed_models/results_full_coverage_descriptor_fp_meta_v4/summaries/external_metrics__challenger_proxy_meta_logreg_knn_plus_lgbm__cal_sigmoid__thr_kappa.csv,confirmed_models__results_full_coverage_descriptor_fp_meta_v4__summaries__external_metrics__challenger_proxy_meta_logreg_knn_plus_lgbm__cal_sigmoid__thr_kappa.csv,confirmed_models,0,tn,125.0
confirmed_models/results_full_coverage_descriptor_fp_meta_v4/summaries/external_metrics__challenger_proxy_meta_logreg_knn_plus_lgbm__cal_sigmoid__thr_kappa.csv,confirmed_models__results_full_coverage_descriptor_fp_meta_v4__summaries__external_metrics__challenger_proxy_meta_logreg_knn_plus_lgbm__cal_sigmoid__thr_kappa.csv,confirmed_models,0,fn,44.0
confirmed_models/results_full_coverage_descriptor_fp_meta_v4/summaries/external_metrics__descriptor_logreg__cal_none__thr_f1.csv,confirmed_models__results_full_coverage_descriptor_fp_meta_v4__summaries__external_metrics__descriptor_logreg__cal_none__thr_f1.csv,confirmed_models,0,accuracy,0.6225165562913907
confirmed_models/results_full_coverage_descriptor_fp_meta_v4/summaries/external_metrics__descriptor_logreg__cal_none__thr_f1.csv,confirmed_models__results_full_coverage_descriptor_fp_meta_v4__summaries__external_metrics__descriptor_logreg__cal_none__thr_f1.csv,confirmed_models,0,precision,0.62
confirmed_models/results_full_coverage_descriptor_fp_meta_v4/summaries/external_metrics__descriptor_logreg__cal_none__thr_f1.csv,confirmed_models__results_full_coverage_descriptor_fp_meta_v4__summaries__external_metrics__descriptor_logreg__cal_none__thr_f1.csv,confirmed_models,0,recall,0.62
confirmed_models/results_full_coverage_descriptor_fp_meta_v4/summaries/external_metrics__descriptor_logreg__cal_none__thr_f1.csv,confirmed_models__results_full_coverage_descriptor_fp_meta_v4__summaries__external_metrics__descriptor_logreg__cal_none__thr_f1.csv,confirmed_models,0,f1,0.62
confirmed_models/results_full_coverage_descriptor_fp_meta_v4/summaries/external_metrics__descriptor_logreg__cal_none__thr_f1.csv,confirmed_models__results_full_coverage_descriptor_fp_meta_v4__summaries__external_metrics__descriptor_logreg__cal_none__thr_f1.csv,confirmed_models,0,kappa,0.245
confirmed_models/results_full_coverage_descriptor_fp_meta_v4/summaries/external_metrics__descriptor_logreg__cal_none__thr_f1.csv,confirmed_models__results_full_coverage_descriptor_fp_meta_v4__summaries__external_metrics__descriptor_logreg__cal_none__thr_f1.csv,confirmed_models,0,auroc,0.6466666666666667
confirmed_models/results_full_coverage_descriptor_fp_meta_v4/summaries/external_metrics__descriptor_logreg__cal_none__thr_f1.csv,confirmed_models__results_full_coverage_descriptor_fp_meta_v4__summaries__external_metrics__descriptor_logreg__cal_none__thr_f1.csv,confirmed_models,0,specificity,0.625
confirmed_models/results_full_coverage_descriptor_fp_meta_v4/summaries/external_metrics__descriptor_logreg__cal_none__thr_f1.csv,confirmed_models__results_full_coverage_descriptor_fp_meta_v4__summaries__external_metrics__descriptor_logreg__cal_none__thr_f1.csv,confirmed_models,0,sensitivity,0.62
confirmed_models/results_full_coverage_descriptor_fp_meta_v4/summaries/external_metrics__descriptor_logreg__cal_none__thr_f1.csv,confirmed_models__results_full_coverage_descriptor_fp_meta_v4__summaries__external_metrics__descriptor_logreg__cal_none__thr_f1.csv,confirmed_models,0,mcc,0.245
confirmed_models/results_full_coverage_descriptor_fp_meta_v4/summaries/external_metrics__descriptor_logreg__cal_none__thr_f1.csv,confirmed_models__results_full_coverage_descriptor_fp_meta_v4__summaries__external_metrics__descriptor_logreg__cal_none__thr_f1.csv,confirmed_models,0,tp,93.0
confirmed_models/results_full_coverage_descriptor_fp_meta_v4/summaries/external_metrics__descriptor_logreg__cal_none__thr_f1.csv,confirmed_models__results_full_coverage_descriptor_fp_meta_v4__summaries__external_metrics__descriptor_logreg__cal_none__thr_f1.csv,confirmed_models,0,fp,57.0
confirmed_models/results_full_coverage_descriptor_fp_meta_v4/summaries/external_metrics__descriptor_logreg__cal_none__thr_f1.csv,confirmed_models__results_full_coverage_descriptor_fp_meta_v4__summaries__external_metrics__descriptor_logreg__cal_none__thr_f1.csv,confirmed_models,0,tn,95.0
confirmed_models/results_full_coverage_descriptor_fp_meta_v4/summaries/external_metrics__descriptor_logreg__cal_none__thr_f1.csv,confirmed_models__results_full_coverage_descriptor_fp_meta_v4__summaries__external_metrics__descriptor_logreg__cal_none__thr_f1.csv,confirmed_models,0,fn,57.0
confirmed_models/results_full_coverage_descriptor_fp_meta_v4/summaries/external_metrics__knn_r2_2048_mean__cal_none__thr_f1.csv,confirmed_models__results_full_coverage_descriptor_fp_meta_v4__summaries__external_metrics__knn_r2_2048_mean__cal_none__thr_f1.csv,confirmed_models,0,accuracy,0.7649006622516556
confirmed_models/results_full_coverage_descriptor_fp_meta_v4/summaries/external_metrics__knn_r2_2048_mean__cal_none__thr_f1.csv,confirmed_models__results_full_coverage_descriptor_fp_meta_v4__summaries__external_metrics__knn_r2_2048_mean__cal_none__thr_f1.csv,confirmed_models,0,precision,0.8062015503875969
confirmed_models/results_full_coverage_descriptor_fp_meta_v4/summaries/external_metrics__knn_r2_2048_mean__cal_none__thr_f1.csv,confirmed_models__results_full_coverage_descriptor_fp_meta_v4__summaries__external_metrics__knn_r2_2048_mean__cal_none__thr_f1.csv,confirmed_models,0,recall,0.6933333333333334
confirmed_models/results_full_coverage_descriptor_fp_meta_v4/summaries/external_metrics__knn_r2_2048_mean__cal_none__thr_f1.csv,confirmed_models__results_full_coverage_descriptor_fp_meta_v4__summaries__external_metrics__knn_r2_2048_mean__cal_none__thr_f1.csv,confirmed_models,0,f1,0.7455197132616488
confirmed_models/results_full_coverage_descriptor_fp_meta_v4/summaries/external_metrics__knn_r2_2048_mean__cal_none__thr_f1.csv,confirmed_models__results_full_coverage_descriptor_fp_meta_v4__summaries__external_metrics__knn_r2_2048_mean__cal_none__thr_f1.csv,confirmed_models,0,kappa,0.529347205759691
confirmed_models/results_full_coverage_descriptor_fp_meta_v4/summaries/external_metrics__knn_r2_2048_mean__cal_none__thr_f1.csv,confirmed_models__results_full_coverage_descriptor_fp_meta_v4__summaries__external_metrics__knn_r2_2048_mean__cal_none__thr_f1.csv,confirmed_models,0,auroc,0.8469298245614034
confirmed_models/results_full_coverage_descriptor_fp_meta_v4/summaries/external_metrics__knn_r2_2048_mean__cal_none__thr_f1.csv,confirmed_models__results_full_coverage_descriptor_fp_meta_v4__summaries__external_metrics__knn_r2_2048_mean__cal_none__thr_f1.csv,confirmed_models,0,specificity,0.8355263157894737
confirmed_models/results_full_coverage_descriptor_fp_meta_v4/summaries/external_metrics__knn_r2_2048_mean__cal_none__thr_f1.csv,confirmed_models__results_full_coverage_descriptor_fp_meta_v4__summaries__external_metrics__knn_r2_2048_mean__cal_none__thr_f1.csv,confirmed_models,0,sensitivity,0.6933333333333334
confirmed_models/results_full_coverage_descriptor_fp_meta_v4/summaries/external_metrics__knn_r2_2048_mean__cal_none__thr_f1.csv,confirmed_models__results_full_coverage_descriptor_fp_meta_v4__summaries__external_metrics__knn_r2_2048_mean__cal_none__thr_f1.csv,confirmed_models,0,mcc,0.5345519883538243
confirmed_models/results_full_coverage_descriptor_fp_meta_v4/summaries/external_metrics__knn_r2_2048_mean__cal_none__thr_f1.csv,confirmed_models__results_full_coverage_descriptor_fp_meta_v4__summaries__external_metrics__knn_r2_2048_mean__cal_none__thr_f1.csv,confirmed_models,0,tp,104.0
confirmed_models/results_full_coverage_descriptor_fp_meta_v4/summaries/external_metrics__knn_r2_2048_mean__cal_none__thr_f1.csv,confirmed_models__results_full_coverage_descriptor_fp_meta_v4__summaries__external_metrics__knn_r2_2048_mean__cal_none__thr_f1.csv,confirmed_models,0,fp,25.0
confirmed_models/results_full_coverage_descriptor_fp_meta_v4/summaries/external_metrics__knn_r2_2048_mean__cal_none__thr_f1.csv,confirmed_models__results_full_coverage_descriptor_fp_meta_v4__summaries__external_metrics__knn_r2_2048_mean__cal_none__thr_f1.csv,confirmed_models,0,tn,127.0
confirmed_models/results_full_coverage_descriptor_fp_meta_v4/summaries/external_metrics__knn_r2_2048_mean__cal_none__thr_f1.csv,confirmed_models__results_full_coverage_descriptor_fp_meta_v4__summaries__external_metrics__knn_r2_2048_mean__cal_none__thr_f1.csv,confirmed_models,0,fn,46.0
confirmed_models/results_full_coverage_descriptor_fp_meta_v4/summaries/external_metrics__knn_r2r3_concat_1024_mean__cal_none__thr_f1.csv,confirmed_models__results_full_coverage_descriptor_fp_meta_v4__summaries__external_metrics__knn_r2r3_concat_1024_mean__cal_none__thr_f1.csv,confirmed_models,0,accuracy,0.7516556291390728
confirmed_models/results_full_coverage_descriptor_fp_meta_v4/summaries/external_metrics__knn_r2r3_concat_1024_mean__cal_none__thr_f1.csv,confirmed_models__results_full_coverage_descriptor_fp_meta_v4__summaries__external_metrics__knn_r2r3_concat_1024_mean__cal_none__thr_f1.csv,confirmed_models,0,precision,0.7862595419847328
confirmed_models/results_full_coverage_descriptor_fp_meta_v4/summaries/external_metrics__knn_r2r3_concat_1024_mean__cal_none__thr_f1.csv,confirmed_models__results_full_coverage_descriptor_fp_meta_v4__summaries__external_metrics__knn_r2r3_concat_1024_mean__cal_none__thr_f1.csv,confirmed_models,0,recall,0.6866666666666666
confirmed_models/results_full_coverage_descriptor_fp_meta_v4/summaries/external_metrics__knn_r2r3_concat_1024_mean__cal_none__thr_f1.csv,confirmed_models__results_full_coverage_descriptor_fp_meta_v4__summaries__external_metrics__knn_r2r3_concat_1024_mean__cal_none__thr_f1.csv,confirmed_models,0,f1,0.7330960854092526
confirmed_models/results_full_coverage_descriptor_fp_meta_v4/summaries/external_metrics__knn_r2r3_concat_1024_mean__cal_none__thr_f1.csv,confirmed_models__results_full_coverage_descriptor_fp_meta_v4__summaries__external_metrics__knn_r2r3_concat_1024_mean__cal_none__thr_f1.csv,confirmed_models,0,kappa,0.5028752030200606
confirmed_models/results_full_coverage_descriptor_fp_meta_v4/summaries/external_metrics__knn_r2r3_concat_1024_mean__cal_none__thr_f1.csv,confirmed_models__results_full_coverage_descriptor_fp_meta_v4__summaries__external_metrics__knn_r2r3_concat_1024_mean__cal_none__thr_f1.csv,confirmed_models,0,auroc,0.8596052631578948
confirmed_models/results_full_coverage_descriptor_fp_meta_v4/summaries/external_metrics__knn_r2r3_concat_1024_mean__cal_none__thr_f1.csv,confirmed_models__results_full_coverage_descriptor_fp_meta_v4__summaries__external_metrics__knn_r2r3_concat_1024_mean__cal_none__thr_f1.csv,confirmed_models,0,specificity,0.8157894736842105
confirmed_models/results_full_coverage_descriptor_fp_meta_v4/summaries/external_metrics__knn_r2r3_concat_1024_mean__cal_none__thr_f1.csv,confirmed_models__results_full_coverage_descriptor_fp_meta_v4__summaries__external_metrics__knn_r2r3_concat_1024_mean__cal_none__thr_f1.csv,confirmed_models,0,sensitivity,0.6866666666666666
confirmed_models/results_full_coverage_descriptor_fp_meta_v4/summaries/external_metrics__knn_r2r3_concat_1024_mean__cal_none__thr_f1.csv,confirmed_models__results_full_coverage_descriptor_fp_meta_v4__summaries__external_metrics__knn_r2r3_concat_1024_mean__cal_none__thr_f1.csv,confirmed_models,0,mcc,0.5069111901341865
confirmed_models/results_full_coverage_descriptor_fp_meta_v4/summaries/external_metrics__knn_r2r3_concat_1024_mean__cal_none__thr_f1.csv,confirmed_models__results_full_coverage_descriptor_fp_meta_v4__summaries__external_metrics__knn_r2r3_concat_1024_mean__cal_none__thr_f1.csv,confirmed_models,0,tp,103.0
confirmed_models/results_full_coverage_descriptor_fp_meta_v4/summaries/external_metrics__knn_r2r3_concat_1024_mean__cal_none__thr_f1.csv,confirmed_models__results_full_coverage_descriptor_fp_meta_v4__summaries__external_metrics__knn_r2r3_concat_1024_mean__cal_none__thr_f1.csv,confirmed_models,0,fp,28.0
confirmed_models/results_full_coverage_descriptor_fp_meta_v4/summaries/external_metrics__knn_r2r3_concat_1024_mean__cal_none__thr_f1.csv,confirmed_models__results_full_coverage_descriptor_fp_meta_v4__summaries__external_metrics__knn_r2r3_concat_1024_mean__cal_none__thr_f1.csv,confirmed_models,0,tn,124.0
confirmed_models/results_full_coverage_descriptor_fp_meta_v4/summaries/external_metrics__knn_r2r3_concat_1024_mean__cal_none__thr_f1.csv,confirmed_models__results_full_coverage_descriptor_fp_meta_v4__summaries__external_metrics__knn_r2r3_concat_1024_mean__cal_none__thr_f1.csv,confirmed_models,0,fn,47.0
confirmed_models/results_full_coverage_descriptor_fp_meta_v4/summaries/external_metrics__lgbm_descriptors_only__cal_none__thr_f1.csv,confirmed_models__results_full_coverage_descriptor_fp_meta_v4__summaries__external_metrics__lgbm_descriptors_only__cal_none__thr_f1.csv,confirmed_models,0,accuracy,0.6721854304635762
confirmed_models/results_full_coverage_descriptor_fp_meta_v4/summaries/external_metrics__lgbm_descriptors_only__cal_none__thr_f1.csv,confirmed_models__results_full_coverage_descriptor_fp_meta_v4__summaries__external_metrics__lgbm_descriptors_only__cal_none__thr_f1.csv,confirmed_models,0,precision,0.6491228070175439
confirmed_models/results_full_coverage_descriptor_fp_meta_v4/summaries/external_metrics__lgbm_descriptors_only__cal_none__thr_f1.csv,confirmed_models__results_full_coverage_descriptor_fp_meta_v4__summaries__external_metrics__lgbm_descriptors_only__cal_none__thr_f1.csv,confirmed_models,0,recall,0.74
confirmed_models/results_full_coverage_descriptor_fp_meta_v4/summaries/external_metrics__lgbm_descriptors_only__cal_none__thr_f1.csv,confirmed_models__results_full_coverage_descriptor_fp_meta_v4__summaries__external_metrics__lgbm_descriptors_only__cal_none__thr_f1.csv,confirmed_models,0,f1,0.6915887850467289
confirmed_models/results_full_coverage_descriptor_fp_meta_v4/summaries/external_metrics__lgbm_descriptors_only__cal_none__thr_f1.csv,confirmed_models__results_full_coverage_descriptor_fp_meta_v4__summaries__external_metrics__lgbm_descriptors_only__cal_none__thr_f1.csv,confirmed_models,0,kappa,0.3449454449848823
confirmed_models/results_full_coverage_descriptor_fp_meta_v4/summaries/external_metrics__lgbm_descriptors_only__cal_none__thr_f1.csv,confirmed_models__results_full_coverage_descriptor_fp_meta_v4__summaries__external_metrics__lgbm_descriptors_only__cal_none__thr_f1.csv,confirmed_models,0,auroc,0.7309649122807018
confirmed_models/results_full_coverage_descriptor_fp_meta_v4/summaries/external_metrics__lgbm_descriptors_only__cal_none__thr_f1.csv,confirmed_models__results_full_coverage_descriptor_fp_meta_v4__summaries__external_metrics__lgbm_descriptors_only__cal_none__thr_f1.csv,confirmed_models,0,specificity,0.6052631578947368
confirmed_models/results_full_coverage_descriptor_fp_meta_v4/summaries/external_metrics__lgbm_descriptors_only__cal_none__thr_f1.csv,confirmed_models__results_full_coverage_descriptor_fp_meta_v4__summaries__external_metrics__lgbm_descriptors_only__cal_none__thr_f1.csv,confirmed_models,0,sensitivity,0.74
confirmed_models/results_full_coverage_descriptor_fp_meta_v4/summaries/external_metrics__lgbm_descriptors_only__cal_none__thr_f1.csv,confirmed_models__results_full_coverage_descriptor_fp_meta_v4__summaries__external_metrics__lgbm_descriptors_only__cal_none__thr_f1.csv,confirmed_models,0,mcc,0.3483244490866198
confirmed_models/results_full_coverage_descriptor_fp_meta_v4/summaries/external_metrics__lgbm_descriptors_only__cal_none__thr_f1.csv,confirmed_models__results_full_coverage_descriptor_fp_meta_v4__summaries__external_metrics__lgbm_descriptors_only__cal_none__thr_f1.csv,confirmed_models,0,tp,111.0
confirmed_models/results_full_coverage_descriptor_fp_meta_v4/summaries/external_metrics__lgbm_descriptors_only__cal_none__thr_f1.csv,confirmed_models__results_full_coverage_descriptor_fp_meta_v4__summaries__external_metrics__lgbm_descriptors_only__cal_none__thr_f1.csv,confirmed_models,0,fp,60.0
confirmed_models/results_full_coverage_descriptor_fp_meta_v4/summaries/external_metrics__lgbm_descriptors_only__cal_none__thr_f1.csv,confirmed_models__results_full_coverage_descriptor_fp_meta_v4__summaries__external_metrics__lgbm_descriptors_only__cal_none__thr_f1.csv,confirmed_models,0,tn,92.0
confirmed_models/results_full_coverage_descriptor_fp_meta_v4/summaries/external_metrics__lgbm_descriptors_only__cal_none__thr_f1.csv,confirmed_models__results_full_coverage_descriptor_fp_meta_v4__summaries__external_metrics__lgbm_descriptors_only__cal_none__thr_f1.csv,confirmed_models,0,fn,39.0
confirmed_models/results_full_coverage_descriptor_fp_meta_v4/summaries/external_metrics__lgbm_morgan_r2_1024__cal_none__thr_f1.csv,confirmed_models__results_full_coverage_descriptor_fp_meta_v4__summaries__external_metrics__lgbm_morgan_r2_1024__cal_none__thr_f1.csv,confirmed_models,0,accuracy,0.7417218543046358
confirmed_models/results_full_coverage_descriptor_fp_meta_v4/summaries/external_metrics__lgbm_morgan_r2_1024__cal_none__thr_f1.csv,confirmed_models__results_full_coverage_descriptor_fp_meta_v4__summaries__external_metrics__lgbm_morgan_r2_1024__cal_none__thr_f1.csv,confirmed_models,0,precision,0.74
confirmed_models/results_full_coverage_descriptor_fp_meta_v4/summaries/external_metrics__lgbm_morgan_r2_1024__cal_none__thr_f1.csv,confirmed_models__results_full_coverage_descriptor_fp_meta_v4__summaries__external_metrics__lgbm_morgan_r2_1024__cal_none__thr_f1.csv,confirmed_models,0,recall,0.74
confirmed_models/results_full_coverage_descriptor_fp_meta_v4/summaries/external_metrics__lgbm_morgan_r2_1024__cal_none__thr_f1.csv,confirmed_models__results_full_coverage_descriptor_fp_meta_v4__summaries__external_metrics__lgbm_morgan_r2_1024__cal_none__thr_f1.csv,confirmed_models,0,f1,0.74
confirmed_models/results_full_coverage_descriptor_fp_meta_v4/summaries/external_metrics__lgbm_morgan_r2_1024__cal_none__thr_f1.csv,confirmed_models__results_full_coverage_descriptor_fp_meta_v4__summaries__external_metrics__lgbm_morgan_r2_1024__cal_none__thr_f1.csv,confirmed_models,0,kappa,0.483421052631579
confirmed_models/results_full_coverage_descriptor_fp_meta_v4/summaries/external_metrics__lgbm_morgan_r2_1024__cal_none__thr_f1.csv,confirmed_models__results_full_coverage_descriptor_fp_meta_v4__summaries__external_metrics__lgbm_morgan_r2_1024__cal_none__thr_f1.csv,confirmed_models,0,auroc,0.8070614035087719
confirmed_models/results_full_coverage_descriptor_fp_meta_v4/summaries/external_metrics__lgbm_morgan_r2_1024__cal_none__thr_f1.csv,confirmed_models__results_full_coverage_descriptor_fp_meta_v4__summaries__external_metrics__lgbm_morgan_r2_1024__cal_none__thr_f1.csv,confirmed_models,0,specificity,0.743421052631579
confirmed_models/results_full_coverage_descriptor_fp_meta_v4/summaries/external_metrics__lgbm_morgan_r2_1024__cal_none__thr_f1.csv,confirmed_models__results_full_coverage_descriptor_fp_meta_v4__summaries__external_metrics__lgbm_morgan_r2_1024__cal_none__thr_f1.csv,confirmed_models,0,sensitivity,0.74
confirmed_models/results_full_coverage_descriptor_fp_meta_v4/summaries/external_metrics__lgbm_morgan_r2_1024__cal_none__thr_f1.csv,confirmed_models__results_full_coverage_descriptor_fp_meta_v4__summaries__external_metrics__lgbm_morgan_r2_1024__cal_none__thr_f1.csv,confirmed_models,0,mcc,0.483421052631579
confirmed_models/results_full_coverage_descriptor_fp_meta_v4/summaries/external_metrics__lgbm_morgan_r2_1024__cal_none__thr_f1.csv,confirmed_models__results_full_coverage_descriptor_fp_meta_v4__summaries__external_metrics__lgbm_morgan_r2_1024__cal_none__thr_f1.csv,confirmed_models,0,tp,111.0
confirmed_models/results_full_coverage_descriptor_fp_meta_v4/summaries/external_metrics__lgbm_morgan_r2_1024__cal_none__thr_f1.csv,confirmed_models__results_full_coverage_descriptor_fp_meta_v4__summaries__external_metrics__lgbm_morgan_r2_1024__cal_none__thr_f1.csv,confirmed_models,0,fp,39.0
confirmed_models/results_full_coverage_descriptor_fp_meta_v4/summaries/external_metrics__lgbm_morgan_r2_1024__cal_none__thr_f1.csv,confirmed_models__results_full_coverage_descriptor_fp_meta_v4__summaries__external_metrics__lgbm_morgan_r2_1024__cal_none__thr_f1.csv,confirmed_models,0,tn,113.0
confirmed_models/results_full_coverage_descriptor_fp_meta_v4/summaries/external_metrics__lgbm_morgan_r2_1024__cal_none__thr_f1.csv,confirmed_models__results_full_coverage_descriptor_fp_meta_v4__summaries__external_metrics__lgbm_morgan_r2_1024__cal_none__thr_f1.csv,confirmed_models,0,fn,39.0
confirmed_models/results_full_coverage_descriptor_fp_meta_v4/summaries/external_metrics__lgbm_morgan_r2_2048__cal_none__thr_f1.csv,confirmed_models__results_full_coverage_descriptor_fp_meta_v4__summaries__external_metrics__lgbm_morgan_r2_2048__cal_none__thr_f1.csv,confirmed_models,0,accuracy,0.7516556291390728
confirmed_models/results_full_coverage_descriptor_fp_meta_v4/summaries/external_metrics__lgbm_morgan_r2_2048__cal_none__thr_f1.csv,confirmed_models__results_full_coverage_descriptor_fp_meta_v4__summaries__external_metrics__lgbm_morgan_r2_2048__cal_none__thr_f1.csv,confirmed_models,0,precision,0.7622377622377622
confirmed_models/results_full_coverage_descriptor_fp_meta_v4/summaries/external_metrics__lgbm_morgan_r2_2048__cal_none__thr_f1.csv,confirmed_models__results_full_coverage_descriptor_fp_meta_v4__summaries__external_metrics__lgbm_morgan_r2_2048__cal_none__thr_f1.csv,confirmed_models,0,recall,0.7266666666666667
confirmed_models/results_full_coverage_descriptor_fp_meta_v4/summaries/external_metrics__lgbm_morgan_r2_2048__cal_none__thr_f1.csv,confirmed_models__results_full_coverage_descriptor_fp_meta_v4__summaries__external_metrics__lgbm_morgan_r2_2048__cal_none__thr_f1.csv,confirmed_models,0,f1,0.7440273037542662
confirmed_models/results_full_coverage_descriptor_fp_meta_v4/summaries/external_metrics__lgbm_morgan_r2_2048__cal_none__thr_f1.csv,confirmed_models__results_full_coverage_descriptor_fp_meta_v4__summaries__external_metrics__lgbm_morgan_r2_2048__cal_none__thr_f1.csv,confirmed_models,0,kappa,0.5031369280042118
confirmed_models/results_full_coverage_descriptor_fp_meta_v4/summaries/external_metrics__lgbm_morgan_r2_2048__cal_none__thr_f1.csv,confirmed_models__results_full_coverage_descriptor_fp_meta_v4__summaries__external_metrics__lgbm_morgan_r2_2048__cal_none__thr_f1.csv,confirmed_models,0,auroc,0.8121052631578947
confirmed_models/results_full_coverage_descriptor_fp_meta_v4/summaries/external_metrics__lgbm_morgan_r2_2048__cal_none__thr_f1.csv,confirmed_models__results_full_coverage_descriptor_fp_meta_v4__summaries__external_metrics__lgbm_morgan_r2_2048__cal_none__thr_f1.csv,confirmed_models,0,specificity,0.7763157894736842
confirmed_models/results_full_coverage_descriptor_fp_meta_v4/summaries/external_metrics__lgbm_morgan_r2_2048__cal_none__thr_f1.csv,confirmed_models__results_full_coverage_descriptor_fp_meta_v4__summaries__external_metrics__lgbm_morgan_r2_2048__cal_none__thr_f1.csv,confirmed_models,0,sensitivity,0.7266666666666667
confirmed_models/results_full_coverage_descriptor_fp_meta_v4/summaries/external_metrics__lgbm_morgan_r2_2048__cal_none__thr_f1.csv,confirmed_models__results_full_coverage_descriptor_fp_meta_v4__summaries__external_metrics__lgbm_morgan_r2_2048__cal_none__thr_f1.csv,confirmed_models,0,mcc,0.5036788095462111
confirmed_models/results_full_coverage_descriptor_fp_meta_v4/summaries/external_metrics__lgbm_morgan_r2_2048__cal_none__thr_f1.csv,confirmed_models__results_full_coverage_descriptor_fp_meta_v4__summaries__external_metrics__lgbm_morgan_r2_2048__cal_none__thr_f1.csv,confirmed_models,0,tp,109.0
confirmed_models/results_full_coverage_descriptor_fp_meta_v4/summaries/external_metrics__lgbm_morgan_r2_2048__cal_none__thr_f1.csv,confirmed_models__results_full_coverage_descriptor_fp_meta_v4__summaries__external_metrics__lgbm_morgan_r2_2048__cal_none__thr_f1.csv,confirmed_models,0,fp,34.0
confirmed_models/results_full_coverage_descriptor_fp_meta_v4/summaries/external_metrics__lgbm_morgan_r2_2048__cal_none__thr_f1.csv,confirmed_models__results_full_coverage_descriptor_fp_meta_v4__summaries__external_metrics__lgbm_morgan_r2_2048__cal_none__thr_f1.csv,confirmed_models,0,tn,118.0
confirmed_models/results_full_coverage_descriptor_fp_meta_v4/summaries/external_metrics__lgbm_morgan_r2_2048__cal_none__thr_f1.csv,confirmed_models__results_full_coverage_descriptor_fp_meta_v4__summaries__external_metrics__lgbm_morgan_r2_2048__cal_none__thr_f1.csv,confirmed_models,0,fn,41.0
confirmed_models/results_full_coverage_descriptor_fp_meta_v4/summaries/external_metrics__lgbm_morgan_r2_2048_plus_desc__cal_isotonic__thr_f1.csv,confirmed_models__results_full_coverage_descriptor_fp_meta_v4__summaries__external_metrics__lgbm_morgan_r2_2048_plus_desc__cal_isotonic__thr_f1.csv,confirmed_models,0,accuracy,0.7251655629139073
confirmed_models/results_full_coverage_descriptor_fp_meta_v4/summaries/external_metrics__lgbm_morgan_r2_2048_plus_desc__cal_isotonic__thr_f1.csv,confirmed_models__results_full_coverage_descriptor_fp_meta_v4__summaries__external_metrics__lgbm_morgan_r2_2048_plus_desc__cal_isotonic__thr_f1.csv,confirmed_models,0,precision,0.6982248520710059
confirmed_models/results_full_coverage_descriptor_fp_meta_v4/summaries/external_metrics__lgbm_morgan_r2_2048_plus_desc__cal_isotonic__thr_f1.csv,confirmed_models__results_full_coverage_descriptor_fp_meta_v4__summaries__external_metrics__lgbm_morgan_r2_2048_plus_desc__cal_isotonic__thr_f1.csv,confirmed_models,0,recall,0.7866666666666666
confirmed_models/results_full_coverage_descriptor_fp_meta_v4/summaries/external_metrics__lgbm_morgan_r2_2048_plus_desc__cal_isotonic__thr_f1.csv,confirmed_models__results_full_coverage_descriptor_fp_meta_v4__summaries__external_metrics__lgbm_morgan_r2_2048_plus_desc__cal_isotonic__thr_f1.csv,confirmed_models,0,f1,0.7398119122257053
confirmed_models/results_full_coverage_descriptor_fp_meta_v4/summaries/external_metrics__lgbm_morgan_r2_2048_plus_desc__cal_isotonic__thr_f1.csv,confirmed_models__results_full_coverage_descriptor_fp_meta_v4__summaries__external_metrics__lgbm_morgan_r2_2048_plus_desc__cal_isotonic__thr_f1.csv,confirmed_models,0,kappa,0.4507647136158464
confirmed_models/results_full_coverage_descriptor_fp_meta_v4/summaries/external_metrics__lgbm_morgan_r2_2048_plus_desc__cal_isotonic__thr_f1.csv,confirmed_models__results_full_coverage_descriptor_fp_meta_v4__summaries__external_metrics__lgbm_morgan_r2_2048_plus_desc__cal_isotonic__thr_f1.csv,confirmed_models,0,auroc,0.7540570175438597
confirmed_models/results_full_coverage_descriptor_fp_meta_v4/summaries/external_metrics__lgbm_morgan_r2_2048_plus_desc__cal_isotonic__thr_f1.csv,confirmed_models__results_full_coverage_descriptor_fp_meta_v4__summaries__external_metrics__lgbm_morgan_r2_2048_plus_desc__cal_isotonic__thr_f1.csv,confirmed_models,0,specificity,0.6644736842105263
confirmed_models/results_full_coverage_descriptor_fp_meta_v4/summaries/external_metrics__lgbm_morgan_r2_2048_plus_desc__cal_isotonic__thr_f1.csv,confirmed_models__results_full_coverage_descriptor_fp_meta_v4__summaries__external_metrics__lgbm_morgan_r2_2048_plus_desc__cal_isotonic__thr_f1.csv,confirmed_models,0,sensitivity,0.7866666666666666
confirmed_models/results_full_coverage_descriptor_fp_meta_v4/summaries/external_metrics__lgbm_morgan_r2_2048_plus_desc__cal_isotonic__thr_f1.csv,confirmed_models__results_full_coverage_descriptor_fp_meta_v4__summaries__external_metrics__lgbm_morgan_r2_2048_plus_desc__cal_isotonic__thr_f1.csv,confirmed_models,0,mcc,0.4543702872403679
confirmed_models/results_full_coverage_descriptor_fp_meta_v4/summaries/external_metrics__lgbm_morgan_r2_2048_plus_desc__cal_isotonic__thr_f1.csv,confirmed_models__results_full_coverage_descriptor_fp_meta_v4__summaries__external_metrics__lgbm_morgan_r2_2048_plus_desc__cal_isotonic__thr_f1.csv,confirmed_models,0,tp,118.0
confirmed_models/results_full_coverage_descriptor_fp_meta_v4/summaries/external_metrics__lgbm_morgan_r2_2048_plus_desc__cal_isotonic__thr_f1.csv,confirmed_models__results_full_coverage_descriptor_fp_meta_v4__summaries__external_metrics__lgbm_morgan_r2_2048_plus_desc__cal_isotonic__thr_f1.csv,confirmed_models,0,fp,51.0
confirmed_models/results_full_coverage_descriptor_fp_meta_v4/summaries/external_metrics__lgbm_morgan_r2_2048_plus_desc__cal_isotonic__thr_f1.csv,confirmed_models__results_full_coverage_descriptor_fp_meta_v4__summaries__external_metrics__lgbm_morgan_r2_2048_plus_desc__cal_isotonic__thr_f1.csv,confirmed_models,0,tn,101.0
confirmed_models/results_full_coverage_descriptor_fp_meta_v4/summaries/external_metrics__lgbm_morgan_r2_2048_plus_desc__cal_isotonic__thr_f1.csv,confirmed_models__results_full_coverage_descriptor_fp_meta_v4__summaries__external_metrics__lgbm_morgan_r2_2048_plus_desc__cal_isotonic__thr_f1.csv,confirmed_models,0,fn,32.0
confirmed_models/results_full_coverage_descriptor_fp_meta_v4/summaries/external_metrics__lgbm_morgan_r2_2048_plus_desc__cal_isotonic__thr_kappa.csv,confirmed_models__results_full_coverage_descriptor_fp_meta_v4__summaries__external_metrics__lgbm_morgan_r2_2048_plus_desc__cal_isotonic__thr_kappa.csv,confirmed_models,0,accuracy,0.695364238410596
confirmed_models/results_full_coverage_descriptor_fp_meta_v4/summaries/external_metrics__lgbm_morgan_r2_2048_plus_desc__cal_isotonic__thr_kappa.csv,confirmed_models__results_full_coverage_descriptor_fp_meta_v4__summaries__external_metrics__lgbm_morgan_r2_2048_plus_desc__cal_isotonic__thr_kappa.csv,confirmed_models,0,precision,0.7164179104477612
confirmed_models/results_full_coverage_descriptor_fp_meta_v4/summaries/external_metrics__lgbm_morgan_r2_2048_plus_desc__cal_isotonic__thr_kappa.csv,confirmed_models__results_full_coverage_descriptor_fp_meta_v4__summaries__external_metrics__lgbm_morgan_r2_2048_plus_desc__cal_isotonic__thr_kappa.csv,confirmed_models,0,recall,0.64
confirmed_models/results_full_coverage_descriptor_fp_meta_v4/summaries/external_metrics__lgbm_morgan_r2_2048_plus_desc__cal_isotonic__thr_kappa.csv,confirmed_models__results_full_coverage_descriptor_fp_meta_v4__summaries__external_metrics__lgbm_morgan_r2_2048_plus_desc__cal_isotonic__thr_kappa.csv,confirmed_models,0,f1,0.676056338028169
confirmed_models/results_full_coverage_descriptor_fp_meta_v4/summaries/external_metrics__lgbm_morgan_r2_2048_plus_desc__cal_isotonic__thr_kappa.csv,confirmed_models__results_full_coverage_descriptor_fp_meta_v4__summaries__external_metrics__lgbm_morgan_r2_2048_plus_desc__cal_isotonic__thr_kappa.csv,confirmed_models,0,kappa,0.3902738764044944
confirmed_models/results_full_coverage_descriptor_fp_meta_v4/summaries/external_metrics__lgbm_morgan_r2_2048_plus_desc__cal_isotonic__thr_kappa.csv,confirmed_models__results_full_coverage_descriptor_fp_meta_v4__summaries__external_metrics__lgbm_morgan_r2_2048_plus_desc__cal_isotonic__thr_kappa.csv,confirmed_models,0,auroc,0.7540570175438597
confirmed_models/results_full_coverage_descriptor_fp_meta_v4/summaries/external_metrics__lgbm_morgan_r2_2048_plus_desc__cal_isotonic__thr_kappa.csv,confirmed_models__results_full_coverage_descriptor_fp_meta_v4__summaries__external_metrics__lgbm_morgan_r2_2048_plus_desc__cal_isotonic__thr_kappa.csv,confirmed_models,0,specificity,0.75
confirmed_models/results_full_coverage_descriptor_fp_meta_v4/summaries/external_metrics__lgbm_morgan_r2_2048_plus_desc__cal_isotonic__thr_kappa.csv,confirmed_models__results_full_coverage_descriptor_fp_meta_v4__summaries__external_metrics__lgbm_morgan_r2_2048_plus_desc__cal_isotonic__thr_kappa.csv,confirmed_models,0,sensitivity,0.64
confirmed_models/results_full_coverage_descriptor_fp_meta_v4/summaries/external_metrics__lgbm_morgan_r2_2048_plus_desc__cal_isotonic__thr_kappa.csv,confirmed_models__results_full_coverage_descriptor_fp_meta_v4__summaries__external_metrics__lgbm_morgan_r2_2048_plus_desc__cal_isotonic__thr_kappa.csv,confirmed_models,0,mcc,0.3924867414543885
confirmed_models/results_full_coverage_descriptor_fp_meta_v4/summaries/external_metrics__lgbm_morgan_r2_2048_plus_desc__cal_isotonic__thr_kappa.csv,confirmed_models__results_full_coverage_descriptor_fp_meta_v4__summaries__external_metrics__lgbm_morgan_r2_2048_plus_desc__cal_isotonic__thr_kappa.csv,confirmed_models,0,tp,96.0
confirmed_models/results_full_coverage_descriptor_fp_meta_v4/summaries/external_metrics__lgbm_morgan_r2_2048_plus_desc__cal_isotonic__thr_kappa.csv,confirmed_models__results_full_coverage_descriptor_fp_meta_v4__summaries__external_metrics__lgbm_morgan_r2_2048_plus_desc__cal_isotonic__thr_kappa.csv,confirmed_models,0,fp,38.0
confirmed_models/results_full_coverage_descriptor_fp_meta_v4/summaries/external_metrics__lgbm_morgan_r2_2048_plus_desc__cal_isotonic__thr_kappa.csv,confirmed_models__results_full_coverage_descriptor_fp_meta_v4__summaries__external_metrics__lgbm_morgan_r2_2048_plus_desc__cal_isotonic__thr_kappa.csv,confirmed_models,0,tn,114.0
confirmed_models/results_full_coverage_descriptor_fp_meta_v4/summaries/external_metrics__lgbm_morgan_r2_2048_plus_desc__cal_isotonic__thr_kappa.csv,confirmed_models__results_full_coverage_descriptor_fp_meta_v4__summaries__external_metrics__lgbm_morgan_r2_2048_plus_desc__cal_isotonic__thr_kappa.csv,confirmed_models,0,fn,54.0
confirmed_models/results_full_coverage_descriptor_fp_meta_v4/summaries/external_metrics__lgbm_morgan_r2_2048_plus_desc__cal_none__thr_f1.csv,confirmed_models__results_full_coverage_descriptor_fp_meta_v4__summaries__external_metrics__lgbm_morgan_r2_2048_plus_desc__cal_none__thr_f1.csv,confirmed_models,0,accuracy,0.7251655629139073
confirmed_models/results_full_coverage_descriptor_fp_meta_v4/summaries/external_metrics__lgbm_morgan_r2_2048_plus_desc__cal_none__thr_f1.csv,confirmed_models__results_full_coverage_descriptor_fp_meta_v4__summaries__external_metrics__lgbm_morgan_r2_2048_plus_desc__cal_none__thr_f1.csv,confirmed_models,0,precision,0.695906432748538
confirmed_models/results_full_coverage_descriptor_fp_meta_v4/summaries/external_metrics__lgbm_morgan_r2_2048_plus_desc__cal_none__thr_f1.csv,confirmed_models__results_full_coverage_descriptor_fp_meta_v4__summaries__external_metrics__lgbm_morgan_r2_2048_plus_desc__cal_none__thr_f1.csv,confirmed_models,0,recall,0.7933333333333333
confirmed_models/results_full_coverage_descriptor_fp_meta_v4/summaries/external_metrics__lgbm_morgan_r2_2048_plus_desc__cal_none__thr_f1.csv,confirmed_models__results_full_coverage_descriptor_fp_meta_v4__summaries__external_metrics__lgbm_morgan_r2_2048_plus_desc__cal_none__thr_f1.csv,confirmed_models,0,f1,0.7414330218068536
confirmed_models/results_full_coverage_descriptor_fp_meta_v4/summaries/external_metrics__lgbm_morgan_r2_2048_plus_desc__cal_none__thr_f1.csv,confirmed_models__results_full_coverage_descriptor_fp_meta_v4__summaries__external_metrics__lgbm_morgan_r2_2048_plus_desc__cal_none__thr_f1.csv,confirmed_models,0,kappa,0.4508128478156084
confirmed_models/results_full_coverage_descriptor_fp_meta_v4/summaries/external_metrics__lgbm_morgan_r2_2048_plus_desc__cal_none__thr_f1.csv,confirmed_models__results_full_coverage_descriptor_fp_meta_v4__summaries__external_metrics__lgbm_morgan_r2_2048_plus_desc__cal_none__thr_f1.csv,confirmed_models,0,auroc,0.7602631578947369
confirmed_models/results_full_coverage_descriptor_fp_meta_v4/summaries/external_metrics__lgbm_morgan_r2_2048_plus_desc__cal_none__thr_f1.csv,confirmed_models__results_full_coverage_descriptor_fp_meta_v4__summaries__external_metrics__lgbm_morgan_r2_2048_plus_desc__cal_none__thr_f1.csv,confirmed_models,0,specificity,0.6578947368421053
confirmed_models/results_full_coverage_descriptor_fp_meta_v4/summaries/external_metrics__lgbm_morgan_r2_2048_plus_desc__cal_none__thr_f1.csv,confirmed_models__results_full_coverage_descriptor_fp_meta_v4__summaries__external_metrics__lgbm_morgan_r2_2048_plus_desc__cal_none__thr_f1.csv,confirmed_models,0,sensitivity,0.7933333333333333
confirmed_models/results_full_coverage_descriptor_fp_meta_v4/summaries/external_metrics__lgbm_morgan_r2_2048_plus_desc__cal_none__thr_f1.csv,confirmed_models__results_full_coverage_descriptor_fp_meta_v4__summaries__external_metrics__lgbm_morgan_r2_2048_plus_desc__cal_none__thr_f1.csv,confirmed_models,0,mcc,0.4552289039892205
confirmed_models/results_full_coverage_descriptor_fp_meta_v4/summaries/external_metrics__lgbm_morgan_r2_2048_plus_desc__cal_none__thr_f1.csv,confirmed_models__results_full_coverage_descriptor_fp_meta_v4__summaries__external_metrics__lgbm_morgan_r2_2048_plus_desc__cal_none__thr_f1.csv,confirmed_models,0,tp,119.0
confirmed_models/results_full_coverage_descriptor_fp_meta_v4/summaries/external_metrics__lgbm_morgan_r2_2048_plus_desc__cal_none__thr_f1.csv,confirmed_models__results_full_coverage_descriptor_fp_meta_v4__summaries__external_metrics__lgbm_morgan_r2_2048_plus_desc__cal_none__thr_f1.csv,confirmed_models,0,fp,52.0
confirmed_models/results_full_coverage_descriptor_fp_meta_v4/summaries/external_metrics__lgbm_morgan_r2_2048_plus_desc__cal_none__thr_f1.csv,confirmed_models__results_full_coverage_descriptor_fp_meta_v4__summaries__external_metrics__lgbm_morgan_r2_2048_plus_desc__cal_none__thr_f1.csv,confirmed_models,0,tn,100.0
confirmed_models/results_full_coverage_descriptor_fp_meta_v4/summaries/external_metrics__lgbm_morgan_r2_2048_plus_desc__cal_none__thr_f1.csv,confirmed_models__results_full_coverage_descriptor_fp_meta_v4__summaries__external_metrics__lgbm_morgan_r2_2048_plus_desc__cal_none__thr_f1.csv,confirmed_models,0,fn,31.0
confirmed_models/results_full_coverage_descriptor_fp_meta_v4/summaries/external_metrics__lgbm_morgan_r2_2048_plus_desc__cal_none__thr_kappa.csv,confirmed_models__results_full_coverage_descriptor_fp_meta_v4__summaries__external_metrics__lgbm_morgan_r2_2048_plus_desc__cal_none__thr_kappa.csv,confirmed_models,0,accuracy,0.7251655629139073
confirmed_models/results_full_coverage_descriptor_fp_meta_v4/summaries/external_metrics__lgbm_morgan_r2_2048_plus_desc__cal_none__thr_kappa.csv,confirmed_models__results_full_coverage_descriptor_fp_meta_v4__summaries__external_metrics__lgbm_morgan_r2_2048_plus_desc__cal_none__thr_kappa.csv,confirmed_models,0,precision,0.6982248520710059
confirmed_models/results_full_coverage_descriptor_fp_meta_v4/summaries/external_metrics__lgbm_morgan_r2_2048_plus_desc__cal_none__thr_kappa.csv,confirmed_models__results_full_coverage_descriptor_fp_meta_v4__summaries__external_metrics__lgbm_morgan_r2_2048_plus_desc__cal_none__thr_kappa.csv,confirmed_models,0,recall,0.7866666666666666
confirmed_models/results_full_coverage_descriptor_fp_meta_v4/summaries/external_metrics__lgbm_morgan_r2_2048_plus_desc__cal_none__thr_kappa.csv,confirmed_models__results_full_coverage_descriptor_fp_meta_v4__summaries__external_metrics__lgbm_morgan_r2_2048_plus_desc__cal_none__thr_kappa.csv,confirmed_models,0,f1,0.7398119122257053
confirmed_models/results_full_coverage_descriptor_fp_meta_v4/summaries/external_metrics__lgbm_morgan_r2_2048_plus_desc__cal_none__thr_kappa.csv,confirmed_models__results_full_coverage_descriptor_fp_meta_v4__summaries__external_metrics__lgbm_morgan_r2_2048_plus_desc__cal_none__thr_kappa.csv,confirmed_models,0,kappa,0.4507647136158464
confirmed_models/results_full_coverage_descriptor_fp_meta_v4/summaries/external_metrics__lgbm_morgan_r2_2048_plus_desc__cal_none__thr_kappa.csv,confirmed_models__results_full_coverage_descriptor_fp_meta_v4__summaries__external_metrics__lgbm_morgan_r2_2048_plus_desc__cal_none__thr_kappa.csv,confirmed_models,0,auroc,0.7602631578947369
confirmed_models/results_full_coverage_descriptor_fp_meta_v4/summaries/external_metrics__lgbm_morgan_r2_2048_plus_desc__cal_none__thr_kappa.csv,confirmed_models__results_full_coverage_descriptor_fp_meta_v4__summaries__external_metrics__lgbm_morgan_r2_2048_plus_desc__cal_none__thr_kappa.csv,confirmed_models,0,specificity,0.6644736842105263
confirmed_models/results_full_coverage_descriptor_fp_meta_v4/summaries/external_metrics__lgbm_morgan_r2_2048_plus_desc__cal_none__thr_kappa.csv,confirmed_models__results_full_coverage_descriptor_fp_meta_v4__summaries__external_metrics__lgbm_morgan_r2_2048_plus_desc__cal_none__thr_kappa.csv,confirmed_models,0,sensitivity,0.7866666666666666
confirmed_models/results_full_coverage_descriptor_fp_meta_v4/summaries/external_metrics__lgbm_morgan_r2_2048_plus_desc__cal_none__thr_kappa.csv,confirmed_models__results_full_coverage_descriptor_fp_meta_v4__summaries__external_metrics__lgbm_morgan_r2_2048_plus_desc__cal_none__thr_kappa.csv,confirmed_models,0,mcc,0.4543702872403679
confirmed_models/results_full_coverage_descriptor_fp_meta_v4/summaries/external_metrics__lgbm_morgan_r2_2048_plus_desc__cal_none__thr_kappa.csv,confirmed_models__results_full_coverage_descriptor_fp_meta_v4__summaries__external_metrics__lgbm_morgan_r2_2048_plus_desc__cal_none__thr_kappa.csv,confirmed_models,0,tp,118.0
confirmed_models/results_full_coverage_descriptor_fp_meta_v4/summaries/external_metrics__lgbm_morgan_r2_2048_plus_desc__cal_none__thr_kappa.csv,confirmed_models__results_full_coverage_descriptor_fp_meta_v4__summaries__external_metrics__lgbm_morgan_r2_2048_plus_desc__cal_none__thr_kappa.csv,confirmed_models,0,fp,51.0
confirmed_models/results_full_coverage_descriptor_fp_meta_v4/summaries/external_metrics__lgbm_morgan_r2_2048_plus_desc__cal_none__thr_kappa.csv,confirmed_models__results_full_coverage_descriptor_fp_meta_v4__summaries__external_metrics__lgbm_morgan_r2_2048_plus_desc__cal_none__thr_kappa.csv,confirmed_models,0,tn,101.0
confirmed_models/results_full_coverage_descriptor_fp_meta_v4/summaries/external_metrics__lgbm_morgan_r2_2048_plus_desc__cal_none__thr_kappa.csv,confirmed_models__results_full_coverage_descriptor_fp_meta_v4__summaries__external_metrics__lgbm_morgan_r2_2048_plus_desc__cal_none__thr_kappa.csv,confirmed_models,0,fn,32.0
confirmed_models/results_full_coverage_descriptor_fp_meta_v4/summaries/external_metrics__lgbm_morgan_r2_2048_plus_desc__cal_sigmoid__thr_f1.csv,confirmed_models__results_full_coverage_descriptor_fp_meta_v4__summaries__external_metrics__lgbm_morgan_r2_2048_plus_desc__cal_sigmoid__thr_f1.csv,confirmed_models,0,accuracy,0.7218543046357616
confirmed_models/results_full_coverage_descriptor_fp_meta_v4/summaries/external_metrics__lgbm_morgan_r2_2048_plus_desc__cal_sigmoid__thr_f1.csv,confirmed_models__results_full_coverage_descriptor_fp_meta_v4__summaries__external_metrics__lgbm_morgan_r2_2048_plus_desc__cal_sigmoid__thr_f1.csv,confirmed_models,0,precision,0.6964285714285714
confirmed_models/results_full_coverage_descriptor_fp_meta_v4/summaries/external_metrics__lgbm_morgan_r2_2048_plus_desc__cal_sigmoid__thr_f1.csv,confirmed_models__results_full_coverage_descriptor_fp_meta_v4__summaries__external_metrics__lgbm_morgan_r2_2048_plus_desc__cal_sigmoid__thr_f1.csv,confirmed_models,0,recall,0.78
confirmed_models/results_full_coverage_descriptor_fp_meta_v4/summaries/external_metrics__lgbm_morgan_r2_2048_plus_desc__cal_sigmoid__thr_f1.csv,confirmed_models__results_full_coverage_descriptor_fp_meta_v4__summaries__external_metrics__lgbm_morgan_r2_2048_plus_desc__cal_sigmoid__thr_f1.csv,confirmed_models,0,f1,0.7358490566037735
confirmed_models/results_full_coverage_descriptor_fp_meta_v4/summaries/external_metrics__lgbm_morgan_r2_2048_plus_desc__cal_sigmoid__thr_f1.csv,confirmed_models__results_full_coverage_descriptor_fp_meta_v4__summaries__external_metrics__lgbm_morgan_r2_2048_plus_desc__cal_sigmoid__thr_f1.csv,confirmed_models,0,kappa,0.4441230607415198
confirmed_models/results_full_coverage_descriptor_fp_meta_v4/summaries/external_metrics__lgbm_morgan_r2_2048_plus_desc__cal_sigmoid__thr_f1.csv,confirmed_models__results_full_coverage_descriptor_fp_meta_v4__summaries__external_metrics__lgbm_morgan_r2_2048_plus_desc__cal_sigmoid__thr_f1.csv,confirmed_models,0,auroc,0.7602631578947369
confirmed_models/results_full_coverage_descriptor_fp_meta_v4/summaries/external_metrics__lgbm_morgan_r2_2048_plus_desc__cal_sigmoid__thr_f1.csv,confirmed_models__results_full_coverage_descriptor_fp_meta_v4__summaries__external_metrics__lgbm_morgan_r2_2048_plus_desc__cal_sigmoid__thr_f1.csv,confirmed_models,0,specificity,0.6644736842105263
confirmed_models/results_full_coverage_descriptor_fp_meta_v4/summaries/external_metrics__lgbm_morgan_r2_2048_plus_desc__cal_sigmoid__thr_f1.csv,confirmed_models__results_full_coverage_descriptor_fp_meta_v4__summaries__external_metrics__lgbm_morgan_r2_2048_plus_desc__cal_sigmoid__thr_f1.csv,confirmed_models,0,sensitivity,0.78
confirmed_models/results_full_coverage_descriptor_fp_meta_v4/summaries/external_metrics__lgbm_morgan_r2_2048_plus_desc__cal_sigmoid__thr_f1.csv,confirmed_models__results_full_coverage_descriptor_fp_meta_v4__summaries__external_metrics__lgbm_morgan_r2_2048_plus_desc__cal_sigmoid__thr_f1.csv,confirmed_models,0,mcc,0.4473077640461958
confirmed_models/results_full_coverage_descriptor_fp_meta_v4/summaries/external_metrics__lgbm_morgan_r2_2048_plus_desc__cal_sigmoid__thr_f1.csv,confirmed_models__results_full_coverage_descriptor_fp_meta_v4__summaries__external_metrics__lgbm_morgan_r2_2048_plus_desc__cal_sigmoid__thr_f1.csv,confirmed_models,0,tp,117.0
confirmed_models/results_full_coverage_descriptor_fp_meta_v4/summaries/external_metrics__lgbm_morgan_r2_2048_plus_desc__cal_sigmoid__thr_f1.csv,confirmed_models__results_full_coverage_descriptor_fp_meta_v4__summaries__external_metrics__lgbm_morgan_r2_2048_plus_desc__cal_sigmoid__thr_f1.csv,confirmed_models,0,fp,51.0
confirmed_models/results_full_coverage_descriptor_fp_meta_v4/summaries/external_metrics__lgbm_morgan_r2_2048_plus_desc__cal_sigmoid__thr_f1.csv,confirmed_models__results_full_coverage_descriptor_fp_meta_v4__summaries__external_metrics__lgbm_morgan_r2_2048_plus_desc__cal_sigmoid__thr_f1.csv,confirmed_models,0,tn,101.0
confirmed_models/results_full_coverage_descriptor_fp_meta_v4/summaries/external_metrics__lgbm_morgan_r2_2048_plus_desc__cal_sigmoid__thr_f1.csv,confirmed_models__results_full_coverage_descriptor_fp_meta_v4__summaries__external_metrics__lgbm_morgan_r2_2048_plus_desc__cal_sigmoid__thr_f1.csv,confirmed_models,0,fn,33.0
confirmed_models/results_full_coverage_descriptor_fp_meta_v4/summaries/external_metrics__lgbm_morgan_r2_2048_plus_desc__cal_sigmoid__thr_kappa.csv,confirmed_models__results_full_coverage_descriptor_fp_meta_v4__summaries__external_metrics__lgbm_morgan_r2_2048_plus_desc__cal_sigmoid__thr_kappa.csv,confirmed_models,0,accuracy,0.7019867549668874
confirmed_models/results_full_coverage_descriptor_fp_meta_v4/summaries/external_metrics__lgbm_morgan_r2_2048_plus_desc__cal_sigmoid__thr_kappa.csv,confirmed_models__results_full_coverage_descriptor_fp_meta_v4__summaries__external_metrics__lgbm_morgan_r2_2048_plus_desc__cal_sigmoid__thr_kappa.csv,confirmed_models,0,precision,0.7112676056338029
confirmed_models/results_full_coverage_descriptor_fp_meta_v4/summaries/external_metrics__lgbm_morgan_r2_2048_plus_desc__cal_sigmoid__thr_kappa.csv,confirmed_models__results_full_coverage_descriptor_fp_meta_v4__summaries__external_metrics__lgbm_morgan_r2_2048_plus_desc__cal_sigmoid__thr_kappa.csv,confirmed_models,0,recall,0.6733333333333333
confirmed_models/results_full_coverage_descriptor_fp_meta_v4/summaries/external_metrics__lgbm_morgan_r2_2048_plus_desc__cal_sigmoid__thr_kappa.csv,confirmed_models__results_full_coverage_descriptor_fp_meta_v4__summaries__external_metrics__lgbm_morgan_r2_2048_plus_desc__cal_sigmoid__thr_kappa.csv,confirmed_models,0,f1,0.6917808219178082
confirmed_models/results_full_coverage_descriptor_fp_meta_v4/summaries/external_metrics__lgbm_morgan_r2_2048_plus_desc__cal_sigmoid__thr_kappa.csv,confirmed_models__results_full_coverage_descriptor_fp_meta_v4__summaries__external_metrics__lgbm_morgan_r2_2048_plus_desc__cal_sigmoid__thr_kappa.csv,confirmed_models,0,kappa,0.4037381537381537
confirmed_models/results_full_coverage_descriptor_fp_meta_v4/summaries/external_metrics__lgbm_morgan_r2_2048_plus_desc__cal_sigmoid__thr_kappa.csv,confirmed_models__results_full_coverage_descriptor_fp_meta_v4__summaries__external_metrics__lgbm_morgan_r2_2048_plus_desc__cal_sigmoid__thr_kappa.csv,confirmed_models,0,auroc,0.7602631578947369
confirmed_models/results_full_coverage_descriptor_fp_meta_v4/summaries/external_metrics__lgbm_morgan_r2_2048_plus_desc__cal_sigmoid__thr_kappa.csv,confirmed_models__results_full_coverage_descriptor_fp_meta_v4__summaries__external_metrics__lgbm_morgan_r2_2048_plus_desc__cal_sigmoid__thr_kappa.csv,confirmed_models,0,specificity,0.7302631578947368
confirmed_models/results_full_coverage_descriptor_fp_meta_v4/summaries/external_metrics__lgbm_morgan_r2_2048_plus_desc__cal_sigmoid__thr_kappa.csv,confirmed_models__results_full_coverage_descriptor_fp_meta_v4__summaries__external_metrics__lgbm_morgan_r2_2048_plus_desc__cal_sigmoid__thr_kappa.csv,confirmed_models,0,sensitivity,0.6733333333333333
confirmed_models/results_full_coverage_descriptor_fp_meta_v4/summaries/external_metrics__lgbm_morgan_r2_2048_plus_desc__cal_sigmoid__thr_kappa.csv,confirmed_models__results_full_coverage_descriptor_fp_meta_v4__summaries__external_metrics__lgbm_morgan_r2_2048_plus_desc__cal_sigmoid__thr_kappa.csv,confirmed_models,0,mcc,0.4043064240392391
confirmed_models/results_full_coverage_descriptor_fp_meta_v4/summaries/external_metrics__lgbm_morgan_r2_2048_plus_desc__cal_sigmoid__thr_kappa.csv,confirmed_models__results_full_coverage_descriptor_fp_meta_v4__summaries__external_metrics__lgbm_morgan_r2_2048_plus_desc__cal_sigmoid__thr_kappa.csv,confirmed_models,0,tp,101.0
confirmed_models/results_full_coverage_descriptor_fp_meta_v4/summaries/external_metrics__lgbm_morgan_r2_2048_plus_desc__cal_sigmoid__thr_kappa.csv,confirmed_models__results_full_coverage_descriptor_fp_meta_v4__summaries__external_metrics__lgbm_morgan_r2_2048_plus_desc__cal_sigmoid__thr_kappa.csv,confirmed_models,0,fp,41.0
confirmed_models/results_full_coverage_descriptor_fp_meta_v4/summaries/external_metrics__lgbm_morgan_r2_2048_plus_desc__cal_sigmoid__thr_kappa.csv,confirmed_models__results_full_coverage_descriptor_fp_meta_v4__summaries__external_metrics__lgbm_morgan_r2_2048_plus_desc__cal_sigmoid__thr_kappa.csv,confirmed_models,0,tn,111.0
confirmed_models/results_full_coverage_descriptor_fp_meta_v4/summaries/external_metrics__lgbm_morgan_r2_2048_plus_desc__cal_sigmoid__thr_kappa.csv,confirmed_models__results_full_coverage_descriptor_fp_meta_v4__summaries__external_metrics__lgbm_morgan_r2_2048_plus_desc__cal_sigmoid__thr_kappa.csv,confirmed_models,0,fn,49.0
confirmed_models/results_full_coverage_descriptor_fp_meta_v4/summaries/external_metrics__lgbm_morgan_r2_2048_plus_desc_selected__cal_isotonic__thr_f1.csv,confirmed_models__results_full_coverage_descriptor_fp_meta_v4__summaries__external_metrics__lgbm_morgan_r2_2048_plus_desc_selected__cal_isotonic__thr_f1.csv,confirmed_models,0,accuracy,0.7119205298013245
confirmed_models/results_full_coverage_descriptor_fp_meta_v4/summaries/external_metrics__lgbm_morgan_r2_2048_plus_desc_selected__cal_isotonic__thr_f1.csv,confirmed_models__results_full_coverage_descriptor_fp_meta_v4__summaries__external_metrics__lgbm_morgan_r2_2048_plus_desc_selected__cal_isotonic__thr_f1.csv,confirmed_models,0,precision,0.7142857142857143
confirmed_models/results_full_coverage_descriptor_fp_meta_v4/summaries/external_metrics__lgbm_morgan_r2_2048_plus_desc_selected__cal_isotonic__thr_f1.csv,confirmed_models__results_full_coverage_descriptor_fp_meta_v4__summaries__external_metrics__lgbm_morgan_r2_2048_plus_desc_selected__cal_isotonic__thr_f1.csv,confirmed_models,0,recall,0.7
confirmed_models/results_full_coverage_descriptor_fp_meta_v4/summaries/external_metrics__lgbm_morgan_r2_2048_plus_desc_selected__cal_isotonic__thr_f1.csv,confirmed_models__results_full_coverage_descriptor_fp_meta_v4__summaries__external_metrics__lgbm_morgan_r2_2048_plus_desc_selected__cal_isotonic__thr_f1.csv,confirmed_models,0,f1,0.7070707070707071
confirmed_models/results_full_coverage_descriptor_fp_meta_v4/summaries/external_metrics__lgbm_morgan_r2_2048_plus_desc_selected__cal_isotonic__thr_f1.csv,confirmed_models__results_full_coverage_descriptor_fp_meta_v4__summaries__external_metrics__lgbm_morgan_r2_2048_plus_desc_selected__cal_isotonic__thr_f1.csv,confirmed_models,0,kappa,0.4237399657849717
confirmed_models/results_full_coverage_descriptor_fp_meta_v4/summaries/external_metrics__lgbm_morgan_r2_2048_plus_desc_selected__cal_isotonic__thr_f1.csv,confirmed_models__results_full_coverage_descriptor_fp_meta_v4__summaries__external_metrics__lgbm_morgan_r2_2048_plus_desc_selected__cal_isotonic__thr_f1.csv,confirmed_models,0,auroc,0.7633991228070175
confirmed_models/results_full_coverage_descriptor_fp_meta_v4/summaries/external_metrics__lgbm_morgan_r2_2048_plus_desc_selected__cal_isotonic__thr_f1.csv,confirmed_models__results_full_coverage_descriptor_fp_meta_v4__summaries__external_metrics__lgbm_morgan_r2_2048_plus_desc_selected__cal_isotonic__thr_f1.csv,confirmed_models,0,specificity,0.7236842105263158
confirmed_models/results_full_coverage_descriptor_fp_meta_v4/summaries/external_metrics__lgbm_morgan_r2_2048_plus_desc_selected__cal_isotonic__thr_f1.csv,confirmed_models__results_full_coverage_descriptor_fp_meta_v4__summaries__external_metrics__lgbm_morgan_r2_2048_plus_desc_selected__cal_isotonic__thr_f1.csv,confirmed_models,0,sensitivity,0.7
confirmed_models/results_full_coverage_descriptor_fp_meta_v4/summaries/external_metrics__lgbm_morgan_r2_2048_plus_desc_selected__cal_isotonic__thr_f1.csv,confirmed_models__results_full_coverage_descriptor_fp_meta_v4__summaries__external_metrics__lgbm_morgan_r2_2048_plus_desc_selected__cal_isotonic__thr_f1.csv,confirmed_models,0,mcc,0.4238236491381299
confirmed_models/results_full_coverage_descriptor_fp_meta_v4/summaries/external_metrics__lgbm_morgan_r2_2048_plus_desc_selected__cal_isotonic__thr_f1.csv,confirmed_models__results_full_coverage_descriptor_fp_meta_v4__summaries__external_metrics__lgbm_morgan_r2_2048_plus_desc_selected__cal_isotonic__thr_f1.csv,confirmed_models,0,tp,105.0
confirmed_models/results_full_coverage_descriptor_fp_meta_v4/summaries/external_metrics__lgbm_morgan_r2_2048_plus_desc_selected__cal_isotonic__thr_f1.csv,confirmed_models__results_full_coverage_descriptor_fp_meta_v4__summaries__external_metrics__lgbm_morgan_r2_2048_plus_desc_selected__cal_isotonic__thr_f1.csv,confirmed_models,0,fp,42.0
confirmed_models/results_full_coverage_descriptor_fp_meta_v4/summaries/external_metrics__lgbm_morgan_r2_2048_plus_desc_selected__cal_isotonic__thr_f1.csv,confirmed_models__results_full_coverage_descriptor_fp_meta_v4__summaries__external_metrics__lgbm_morgan_r2_2048_plus_desc_selected__cal_isotonic__thr_f1.csv,confirmed_models,0,tn,110.0
confirmed_models/results_full_coverage_descriptor_fp_meta_v4/summaries/external_metrics__lgbm_morgan_r2_2048_plus_desc_selected__cal_isotonic__thr_f1.csv,confirmed_models__results_full_coverage_descriptor_fp_meta_v4__summaries__external_metrics__lgbm_morgan_r2_2048_plus_desc_selected__cal_isotonic__thr_f1.csv,confirmed_models,0,fn,45.0
confirmed_models/results_full_coverage_descriptor_fp_meta_v4/summaries/external_metrics__lgbm_morgan_r2_2048_plus_desc_selected__cal_isotonic__thr_kappa.csv,confirmed_models__results_full_coverage_descriptor_fp_meta_v4__summaries__external_metrics__lgbm_morgan_r2_2048_plus_desc_selected__cal_isotonic__thr_kappa.csv,confirmed_models,0,accuracy,0.7119205298013245
confirmed_models/results_full_coverage_descriptor_fp_meta_v4/summaries/external_metrics__lgbm_morgan_r2_2048_plus_desc_selected__cal_isotonic__thr_kappa.csv,confirmed_models__results_full_coverage_descriptor_fp_meta_v4__summaries__external_metrics__lgbm_morgan_r2_2048_plus_desc_selected__cal_isotonic__thr_kappa.csv,confirmed_models,0,precision,0.7142857142857143
confirmed_models/results_full_coverage_descriptor_fp_meta_v4/summaries/external_metrics__lgbm_morgan_r2_2048_plus_desc_selected__cal_isotonic__thr_kappa.csv,confirmed_models__results_full_coverage_descriptor_fp_meta_v4__summaries__external_metrics__lgbm_morgan_r2_2048_plus_desc_selected__cal_isotonic__thr_kappa.csv,confirmed_models,0,recall,0.7
confirmed_models/results_full_coverage_descriptor_fp_meta_v4/summaries/external_metrics__lgbm_morgan_r2_2048_plus_desc_selected__cal_isotonic__thr_kappa.csv,confirmed_models__results_full_coverage_descriptor_fp_meta_v4__summaries__external_metrics__lgbm_morgan_r2_2048_plus_desc_selected__cal_isotonic__thr_kappa.csv,confirmed_models,0,f1,0.7070707070707071
confirmed_models/results_full_coverage_descriptor_fp_meta_v4/summaries/external_metrics__lgbm_morgan_r2_2048_plus_desc_selected__cal_isotonic__thr_kappa.csv,confirmed_models__results_full_coverage_descriptor_fp_meta_v4__summaries__external_metrics__lgbm_morgan_r2_2048_plus_desc_selected__cal_isotonic__thr_kappa.csv,confirmed_models,0,kappa,0.4237399657849717
confirmed_models/results_full_coverage_descriptor_fp_meta_v4/summaries/external_metrics__lgbm_morgan_r2_2048_plus_desc_selected__cal_isotonic__thr_kappa.csv,confirmed_models__results_full_coverage_descriptor_fp_meta_v4__summaries__external_metrics__lgbm_morgan_r2_2048_plus_desc_selected__cal_isotonic__thr_kappa.csv,confirmed_models,0,auroc,0.7633991228070175
confirmed_models/results_full_coverage_descriptor_fp_meta_v4/summaries/external_metrics__lgbm_morgan_r2_2048_plus_desc_selected__cal_isotonic__thr_kappa.csv,confirmed_models__results_full_coverage_descriptor_fp_meta_v4__summaries__external_metrics__lgbm_morgan_r2_2048_plus_desc_selected__cal_isotonic__thr_kappa.csv,confirmed_models,0,specificity,0.7236842105263158
confirmed_models/results_full_coverage_descriptor_fp_meta_v4/summaries/external_metrics__lgbm_morgan_r2_2048_plus_desc_selected__cal_isotonic__thr_kappa.csv,confirmed_models__results_full_coverage_descriptor_fp_meta_v4__summaries__external_metrics__lgbm_morgan_r2_2048_plus_desc_selected__cal_isotonic__thr_kappa.csv,confirmed_models,0,sensitivity,0.7
confirmed_models/results_full_coverage_descriptor_fp_meta_v4/summaries/external_metrics__lgbm_morgan_r2_2048_plus_desc_selected__cal_isotonic__thr_kappa.csv,confirmed_models__results_full_coverage_descriptor_fp_meta_v4__summaries__external_metrics__lgbm_morgan_r2_2048_plus_desc_selected__cal_isotonic__thr_kappa.csv,confirmed_models,0,mcc,0.4238236491381299
confirmed_models/results_full_coverage_descriptor_fp_meta_v4/summaries/external_metrics__lgbm_morgan_r2_2048_plus_desc_selected__cal_isotonic__thr_kappa.csv,confirmed_models__results_full_coverage_descriptor_fp_meta_v4__summaries__external_metrics__lgbm_morgan_r2_2048_plus_desc_selected__cal_isotonic__thr_kappa.csv,confirmed_models,0,tp,105.0
confirmed_models/results_full_coverage_descriptor_fp_meta_v4/summaries/external_metrics__lgbm_morgan_r2_2048_plus_desc_selected__cal_isotonic__thr_kappa.csv,confirmed_models__results_full_coverage_descriptor_fp_meta_v4__summaries__external_metrics__lgbm_morgan_r2_2048_plus_desc_selected__cal_isotonic__thr_kappa.csv,confirmed_models,0,fp,42.0
confirmed_models/results_full_coverage_descriptor_fp_meta_v4/summaries/external_metrics__lgbm_morgan_r2_2048_plus_desc_selected__cal_isotonic__thr_kappa.csv,confirmed_models__results_full_coverage_descriptor_fp_meta_v4__summaries__external_metrics__lgbm_morgan_r2_2048_plus_desc_selected__cal_isotonic__thr_kappa.csv,confirmed_models,0,tn,110.0
confirmed_models/results_full_coverage_descriptor_fp_meta_v4/summaries/external_metrics__lgbm_morgan_r2_2048_plus_desc_selected__cal_isotonic__thr_kappa.csv,confirmed_models__results_full_coverage_descriptor_fp_meta_v4__summaries__external_metrics__lgbm_morgan_r2_2048_plus_desc_selected__cal_isotonic__thr_kappa.csv,confirmed_models,0,fn,45.0
confirmed_models/results_full_coverage_descriptor_fp_meta_v4/summaries/external_metrics__lgbm_morgan_r2_2048_plus_desc_selected__cal_none__thr_f1.csv,confirmed_models__results_full_coverage_descriptor_fp_meta_v4__summaries__external_metrics__lgbm_morgan_r2_2048_plus_desc_selected__cal_none__thr_f1.csv,confirmed_models,0,accuracy,0.7350993377483444
confirmed_models/results_full_coverage_descriptor_fp_meta_v4/summaries/external_metrics__lgbm_morgan_r2_2048_plus_desc_selected__cal_none__thr_f1.csv,confirmed_models__results_full_coverage_descriptor_fp_meta_v4__summaries__external_metrics__lgbm_morgan_r2_2048_plus_desc_selected__cal_none__thr_f1.csv,confirmed_models,0,precision,0.7108433734939759
confirmed_models/results_full_coverage_descriptor_fp_meta_v4/summaries/external_metrics__lgbm_morgan_r2_2048_plus_desc_selected__cal_none__thr_f1.csv,confirmed_models__results_full_coverage_descriptor_fp_meta_v4__summaries__external_metrics__lgbm_morgan_r2_2048_plus_desc_selected__cal_none__thr_f1.csv,confirmed_models,0,recall,0.7866666666666666
confirmed_models/results_full_coverage_descriptor_fp_meta_v4/summaries/external_metrics__lgbm_morgan_r2_2048_plus_desc_selected__cal_none__thr_f1.csv,confirmed_models__results_full_coverage_descriptor_fp_meta_v4__summaries__external_metrics__lgbm_morgan_r2_2048_plus_desc_selected__cal_none__thr_f1.csv,confirmed_models,0,f1,0.7468354430379747
confirmed_models/results_full_coverage_descriptor_fp_meta_v4/summaries/external_metrics__lgbm_morgan_r2_2048_plus_desc_selected__cal_none__thr_f1.csv,confirmed_models__results_full_coverage_descriptor_fp_meta_v4__summaries__external_metrics__lgbm_morgan_r2_2048_plus_desc_selected__cal_none__thr_f1.csv,confirmed_models,0,kappa,0.47054698457223
confirmed_models/results_full_coverage_descriptor_fp_meta_v4/summaries/external_metrics__lgbm_morgan_r2_2048_plus_desc_selected__cal_none__thr_f1.csv,confirmed_models__results_full_coverage_descriptor_fp_meta_v4__summaries__external_metrics__lgbm_morgan_r2_2048_plus_desc_selected__cal_none__thr_f1.csv,confirmed_models,0,auroc,0.7632894736842105
confirmed_models/results_full_coverage_descriptor_fp_meta_v4/summaries/external_metrics__lgbm_morgan_r2_2048_plus_desc_selected__cal_none__thr_f1.csv,confirmed_models__results_full_coverage_descriptor_fp_meta_v4__summaries__external_metrics__lgbm_morgan_r2_2048_plus_desc_selected__cal_none__thr_f1.csv,confirmed_models,0,specificity,0.6842105263157895
confirmed_models/results_full_coverage_descriptor_fp_meta_v4/summaries/external_metrics__lgbm_morgan_r2_2048_plus_desc_selected__cal_none__thr_f1.csv,confirmed_models__results_full_coverage_descriptor_fp_meta_v4__summaries__external_metrics__lgbm_morgan_r2_2048_plus_desc_selected__cal_none__thr_f1.csv,confirmed_models,0,sensitivity,0.7866666666666666
confirmed_models/results_full_coverage_descriptor_fp_meta_v4/summaries/external_metrics__lgbm_morgan_r2_2048_plus_desc_selected__cal_none__thr_f1.csv,confirmed_models__results_full_coverage_descriptor_fp_meta_v4__summaries__external_metrics__lgbm_morgan_r2_2048_plus_desc_selected__cal_none__thr_f1.csv,confirmed_models,0,mcc,0.4732074584345561
confirmed_models/results_full_coverage_descriptor_fp_meta_v4/summaries/external_metrics__lgbm_morgan_r2_2048_plus_desc_selected__cal_none__thr_f1.csv,confirmed_models__results_full_coverage_descriptor_fp_meta_v4__summaries__external_metrics__lgbm_morgan_r2_2048_plus_desc_selected__cal_none__thr_f1.csv,confirmed_models,0,tp,118.0
confirmed_models/results_full_coverage_descriptor_fp_meta_v4/summaries/external_metrics__lgbm_morgan_r2_2048_plus_desc_selected__cal_none__thr_f1.csv,confirmed_models__results_full_coverage_descriptor_fp_meta_v4__summaries__external_metrics__lgbm_morgan_r2_2048_plus_desc_selected__cal_none__thr_f1.csv,confirmed_models,0,fp,48.0
confirmed_models/results_full_coverage_descriptor_fp_meta_v4/summaries/external_metrics__lgbm_morgan_r2_2048_plus_desc_selected__cal_none__thr_f1.csv,confirmed_models__results_full_coverage_descriptor_fp_meta_v4__summaries__external_metrics__lgbm_morgan_r2_2048_plus_desc_selected__cal_none__thr_f1.csv,confirmed_models,0,tn,104.0
confirmed_models/results_full_coverage_descriptor_fp_meta_v4/summaries/external_metrics__lgbm_morgan_r2_2048_plus_desc_selected__cal_none__thr_f1.csv,confirmed_models__results_full_coverage_descriptor_fp_meta_v4__summaries__external_metrics__lgbm_morgan_r2_2048_plus_desc_selected__cal_none__thr_f1.csv,confirmed_models,0,fn,32.0
confirmed_models/results_full_coverage_descriptor_fp_meta_v4/summaries/external_metrics__lgbm_morgan_r2_2048_plus_desc_selected__cal_none__thr_kappa.csv,confirmed_models__results_full_coverage_descriptor_fp_meta_v4__summaries__external_metrics__lgbm_morgan_r2_2048_plus_desc_selected__cal_none__thr_kappa.csv,confirmed_models,0,accuracy,0.7350993377483444
confirmed_models/results_full_coverage_descriptor_fp_meta_v4/summaries/external_metrics__lgbm_morgan_r2_2048_plus_desc_selected__cal_none__thr_kappa.csv,confirmed_models__results_full_coverage_descriptor_fp_meta_v4__summaries__external_metrics__lgbm_morgan_r2_2048_plus_desc_selected__cal_none__thr_kappa.csv,confirmed_models,0,precision,0.7108433734939759
confirmed_models/results_full_coverage_descriptor_fp_meta_v4/summaries/external_metrics__lgbm_morgan_r2_2048_plus_desc_selected__cal_none__thr_kappa.csv,confirmed_models__results_full_coverage_descriptor_fp_meta_v4__summaries__external_metrics__lgbm_morgan_r2_2048_plus_desc_selected__cal_none__thr_kappa.csv,confirmed_models,0,recall,0.7866666666666666
confirmed_models/results_full_coverage_descriptor_fp_meta_v4/summaries/external_metrics__lgbm_morgan_r2_2048_plus_desc_selected__cal_none__thr_kappa.csv,confirmed_models__results_full_coverage_descriptor_fp_meta_v4__summaries__external_metrics__lgbm_morgan_r2_2048_plus_desc_selected__cal_none__thr_kappa.csv,confirmed_models,0,f1,0.7468354430379747
confirmed_models/results_full_coverage_descriptor_fp_meta_v4/summaries/external_metrics__lgbm_morgan_r2_2048_plus_desc_selected__cal_none__thr_kappa.csv,confirmed_models__results_full_coverage_descriptor_fp_meta_v4__summaries__external_metrics__lgbm_morgan_r2_2048_plus_desc_selected__cal_none__thr_kappa.csv,confirmed_models,0,kappa,0.47054698457223
confirmed_models/results_full_coverage_descriptor_fp_meta_v4/summaries/external_metrics__lgbm_morgan_r2_2048_plus_desc_selected__cal_none__thr_kappa.csv,confirmed_models__results_full_coverage_descriptor_fp_meta_v4__summaries__external_metrics__lgbm_morgan_r2_2048_plus_desc_selected__cal_none__thr_kappa.csv,confirmed_models,0,auroc,0.7632894736842105
confirmed_models/results_full_coverage_descriptor_fp_meta_v4/summaries/external_metrics__lgbm_morgan_r2_2048_plus_desc_selected__cal_none__thr_kappa.csv,confirmed_models__results_full_coverage_descriptor_fp_meta_v4__summaries__external_metrics__lgbm_morgan_r2_2048_plus_desc_selected__cal_none__thr_kappa.csv,confirmed_models,0,specificity,0.6842105263157895
confirmed_models/results_full_coverage_descriptor_fp_meta_v4/summaries/external_metrics__lgbm_morgan_r2_2048_plus_desc_selected__cal_none__thr_kappa.csv,confirmed_models__results_full_coverage_descriptor_fp_meta_v4__summaries__external_metrics__lgbm_morgan_r2_2048_plus_desc_selected__cal_none__thr_kappa.csv,confirmed_models,0,sensitivity,0.7866666666666666
confirmed_models/results_full_coverage_descriptor_fp_meta_v4/summaries/external_metrics__lgbm_morgan_r2_2048_plus_desc_selected__cal_none__thr_kappa.csv,confirmed_models__results_full_coverage_descriptor_fp_meta_v4__summaries__external_metrics__lgbm_morgan_r2_2048_plus_desc_selected__cal_none__thr_kappa.csv,confirmed_models,0,mcc,0.4732074584345561
confirmed_models/results_full_coverage_descriptor_fp_meta_v4/summaries/external_metrics__lgbm_morgan_r2_2048_plus_desc_selected__cal_none__thr_kappa.csv,confirmed_models__results_full_coverage_descriptor_fp_meta_v4__summaries__external_metrics__lgbm_morgan_r2_2048_plus_desc_selected__cal_none__thr_kappa.csv,confirmed_models,0,tp,118.0
confirmed_models/results_full_coverage_descriptor_fp_meta_v4/summaries/external_metrics__lgbm_morgan_r2_2048_plus_desc_selected__cal_none__thr_kappa.csv,confirmed_models__results_full_coverage_descriptor_fp_meta_v4__summaries__external_metrics__lgbm_morgan_r2_2048_plus_desc_selected__cal_none__thr_kappa.csv,confirmed_models,0,fp,48.0
confirmed_models/results_full_coverage_descriptor_fp_meta_v4/summaries/external_metrics__lgbm_morgan_r2_2048_plus_desc_selected__cal_none__thr_kappa.csv,confirmed_models__results_full_coverage_descriptor_fp_meta_v4__summaries__external_metrics__lgbm_morgan_r2_2048_plus_desc_selected__cal_none__thr_kappa.csv,confirmed_models,0,tn,104.0
confirmed_models/results_full_coverage_descriptor_fp_meta_v4/summaries/external_metrics__lgbm_morgan_r2_2048_plus_desc_selected__cal_none__thr_kappa.csv,confirmed_models__results_full_coverage_descriptor_fp_meta_v4__summaries__external_metrics__lgbm_morgan_r2_2048_plus_desc_selected__cal_none__thr_kappa.csv,confirmed_models,0,fn,32.0
confirmed_models/results_full_coverage_descriptor_fp_meta_v4/summaries/external_metrics__lgbm_morgan_r2_2048_plus_desc_selected__cal_sigmoid__thr_f1.csv,confirmed_models__results_full_coverage_descriptor_fp_meta_v4__summaries__external_metrics__lgbm_morgan_r2_2048_plus_desc_selected__cal_sigmoid__thr_f1.csv,confirmed_models,0,accuracy,0.7119205298013245
confirmed_models/results_full_coverage_descriptor_fp_meta_v4/summaries/external_metrics__lgbm_morgan_r2_2048_plus_desc_selected__cal_sigmoid__thr_f1.csv,confirmed_models__results_full_coverage_descriptor_fp_meta_v4__summaries__external_metrics__lgbm_morgan_r2_2048_plus_desc_selected__cal_sigmoid__thr_f1.csv,confirmed_models,0,precision,0.7142857142857143
confirmed_models/results_full_coverage_descriptor_fp_meta_v4/summaries/external_metrics__lgbm_morgan_r2_2048_plus_desc_selected__cal_sigmoid__thr_f1.csv,confirmed_models__results_full_coverage_descriptor_fp_meta_v4__summaries__external_metrics__lgbm_morgan_r2_2048_plus_desc_selected__cal_sigmoid__thr_f1.csv,confirmed_models,0,recall,0.7
confirmed_models/results_full_coverage_descriptor_fp_meta_v4/summaries/external_metrics__lgbm_morgan_r2_2048_plus_desc_selected__cal_sigmoid__thr_f1.csv,confirmed_models__results_full_coverage_descriptor_fp_meta_v4__summaries__external_metrics__lgbm_morgan_r2_2048_plus_desc_selected__cal_sigmoid__thr_f1.csv,confirmed_models,0,f1,0.7070707070707071
confirmed_models/results_full_coverage_descriptor_fp_meta_v4/summaries/external_metrics__lgbm_morgan_r2_2048_plus_desc_selected__cal_sigmoid__thr_f1.csv,confirmed_models__results_full_coverage_descriptor_fp_meta_v4__summaries__external_metrics__lgbm_morgan_r2_2048_plus_desc_selected__cal_sigmoid__thr_f1.csv,confirmed_models,0,kappa,0.4237399657849717
confirmed_models/results_full_coverage_descriptor_fp_meta_v4/summaries/external_metrics__lgbm_morgan_r2_2048_plus_desc_selected__cal_sigmoid__thr_f1.csv,confirmed_models__results_full_coverage_descriptor_fp_meta_v4__summaries__external_metrics__lgbm_morgan_r2_2048_plus_desc_selected__cal_sigmoid__thr_f1.csv,confirmed_models,0,auroc,0.7632894736842105
confirmed_models/results_full_coverage_descriptor_fp_meta_v4/summaries/external_metrics__lgbm_morgan_r2_2048_plus_desc_selected__cal_sigmoid__thr_f1.csv,confirmed_models__results_full_coverage_descriptor_fp_meta_v4__summaries__external_metrics__lgbm_morgan_r2_2048_plus_desc_selected__cal_sigmoid__thr_f1.csv,confirmed_models,0,specificity,0.7236842105263158
confirmed_models/results_full_coverage_descriptor_fp_meta_v4/summaries/external_metrics__lgbm_morgan_r2_2048_plus_desc_selected__cal_sigmoid__thr_f1.csv,confirmed_models__results_full_coverage_descriptor_fp_meta_v4__summaries__external_metrics__lgbm_morgan_r2_2048_plus_desc_selected__cal_sigmoid__thr_f1.csv,confirmed_models,0,sensitivity,0.7
confirmed_models/results_full_coverage_descriptor_fp_meta_v4/summaries/external_metrics__lgbm_morgan_r2_2048_plus_desc_selected__cal_sigmoid__thr_f1.csv,confirmed_models__results_full_coverage_descriptor_fp_meta_v4__summaries__external_metrics__lgbm_morgan_r2_2048_plus_desc_selected__cal_sigmoid__thr_f1.csv,confirmed_models,0,mcc,0.4238236491381299
confirmed_models/results_full_coverage_descriptor_fp_meta_v4/summaries/external_metrics__lgbm_morgan_r2_2048_plus_desc_selected__cal_sigmoid__thr_f1.csv,confirmed_models__results_full_coverage_descriptor_fp_meta_v4__summaries__external_metrics__lgbm_morgan_r2_2048_plus_desc_selected__cal_sigmoid__thr_f1.csv,confirmed_models,0,tp,105.0
confirmed_models/results_full_coverage_descriptor_fp_meta_v4/summaries/external_metrics__lgbm_morgan_r2_2048_plus_desc_selected__cal_sigmoid__thr_f1.csv,confirmed_models__results_full_coverage_descriptor_fp_meta_v4__summaries__external_metrics__lgbm_morgan_r2_2048_plus_desc_selected__cal_sigmoid__thr_f1.csv,confirmed_models,0,fp,42.0
confirmed_models/results_full_coverage_descriptor_fp_meta_v4/summaries/external_metrics__lgbm_morgan_r2_2048_plus_desc_selected__cal_sigmoid__thr_f1.csv,confirmed_models__results_full_coverage_descriptor_fp_meta_v4__summaries__external_metrics__lgbm_morgan_r2_2048_plus_desc_selected__cal_sigmoid__thr_f1.csv,confirmed_models,0,tn,110.0
confirmed_models/results_full_coverage_descriptor_fp_meta_v4/summaries/external_metrics__lgbm_morgan_r2_2048_plus_desc_selected__cal_sigmoid__thr_f1.csv,confirmed_models__results_full_coverage_descriptor_fp_meta_v4__summaries__external_metrics__lgbm_morgan_r2_2048_plus_desc_selected__cal_sigmoid__thr_f1.csv,confirmed_models,0,fn,45.0
confirmed_models/results_full_coverage_descriptor_fp_meta_v4/summaries/external_metrics__lgbm_morgan_r2_2048_plus_desc_selected__cal_sigmoid__thr_kappa.csv,confirmed_models__results_full_coverage_descriptor_fp_meta_v4__summaries__external_metrics__lgbm_morgan_r2_2048_plus_desc_selected__cal_sigmoid__thr_kappa.csv,confirmed_models,0,accuracy,0.7119205298013245
confirmed_models/results_full_coverage_descriptor_fp_meta_v4/summaries/external_metrics__lgbm_morgan_r2_2048_plus_desc_selected__cal_sigmoid__thr_kappa.csv,confirmed_models__results_full_coverage_descriptor_fp_meta_v4__summaries__external_metrics__lgbm_morgan_r2_2048_plus_desc_selected__cal_sigmoid__thr_kappa.csv,confirmed_models,0,precision,0.7142857142857143
confirmed_models/results_full_coverage_descriptor_fp_meta_v4/summaries/external_metrics__lgbm_morgan_r2_2048_plus_desc_selected__cal_sigmoid__thr_kappa.csv,confirmed_models__results_full_coverage_descriptor_fp_meta_v4__summaries__external_metrics__lgbm_morgan_r2_2048_plus_desc_selected__cal_sigmoid__thr_kappa.csv,confirmed_models,0,recall,0.7
confirmed_models/results_full_coverage_descriptor_fp_meta_v4/summaries/external_metrics__lgbm_morgan_r2_2048_plus_desc_selected__cal_sigmoid__thr_kappa.csv,confirmed_models__results_full_coverage_descriptor_fp_meta_v4__summaries__external_metrics__lgbm_morgan_r2_2048_plus_desc_selected__cal_sigmoid__thr_kappa.csv,confirmed_models,0,f1,0.7070707070707071
confirmed_models/results_full_coverage_descriptor_fp_meta_v4/summaries/external_metrics__lgbm_morgan_r2_2048_plus_desc_selected__cal_sigmoid__thr_kappa.csv,confirmed_models__results_full_coverage_descriptor_fp_meta_v4__summaries__external_metrics__lgbm_morgan_r2_2048_plus_desc_selected__cal_sigmoid__thr_kappa.csv,confirmed_models,0,kappa,0.4237399657849717
confirmed_models/results_full_coverage_descriptor_fp_meta_v4/summaries/external_metrics__lgbm_morgan_r2_2048_plus_desc_selected__cal_sigmoid__thr_kappa.csv,confirmed_models__results_full_coverage_descriptor_fp_meta_v4__summaries__external_metrics__lgbm_morgan_r2_2048_plus_desc_selected__cal_sigmoid__thr_kappa.csv,confirmed_models,0,auroc,0.7632894736842105
confirmed_models/results_full_coverage_descriptor_fp_meta_v4/summaries/external_metrics__lgbm_morgan_r2_2048_plus_desc_selected__cal_sigmoid__thr_kappa.csv,confirmed_models__results_full_coverage_descriptor_fp_meta_v4__summaries__external_metrics__lgbm_morgan_r2_2048_plus_desc_selected__cal_sigmoid__thr_kappa.csv,confirmed_models,0,specificity,0.7236842105263158
confirmed_models/results_full_coverage_descriptor_fp_meta_v4/summaries/external_metrics__lgbm_morgan_r2_2048_plus_desc_selected__cal_sigmoid__thr_kappa.csv,confirmed_models__results_full_coverage_descriptor_fp_meta_v4__summaries__external_metrics__lgbm_morgan_r2_2048_plus_desc_selected__cal_sigmoid__thr_kappa.csv,confirmed_models,0,sensitivity,0.7
confirmed_models/results_full_coverage_descriptor_fp_meta_v4/summaries/external_metrics__lgbm_morgan_r2_2048_plus_desc_selected__cal_sigmoid__thr_kappa.csv,confirmed_models__results_full_coverage_descriptor_fp_meta_v4__summaries__external_metrics__lgbm_morgan_r2_2048_plus_desc_selected__cal_sigmoid__thr_kappa.csv,confirmed_models,0,mcc,0.4238236491381299
confirmed_models/results_full_coverage_descriptor_fp_meta_v4/summaries/external_metrics__lgbm_morgan_r2_2048_plus_desc_selected__cal_sigmoid__thr_kappa.csv,confirmed_models__results_full_coverage_descriptor_fp_meta_v4__summaries__external_metrics__lgbm_morgan_r2_2048_plus_desc_selected__cal_sigmoid__thr_kappa.csv,confirmed_models,0,tp,105.0
confirmed_models/results_full_coverage_descriptor_fp_meta_v4/summaries/external_metrics__lgbm_morgan_r2_2048_plus_desc_selected__cal_sigmoid__thr_kappa.csv,confirmed_models__results_full_coverage_descriptor_fp_meta_v4__summaries__external_metrics__lgbm_morgan_r2_2048_plus_desc_selected__cal_sigmoid__thr_kappa.csv,confirmed_models,0,fp,42.0
confirmed_models/results_full_coverage_descriptor_fp_meta_v4/summaries/external_metrics__lgbm_morgan_r2_2048_plus_desc_selected__cal_sigmoid__thr_kappa.csv,confirmed_models__results_full_coverage_descriptor_fp_meta_v4__summaries__external_metrics__lgbm_morgan_r2_2048_plus_desc_selected__cal_sigmoid__thr_kappa.csv,confirmed_models,0,tn,110.0
confirmed_models/results_full_coverage_descriptor_fp_meta_v4/summaries/external_metrics__lgbm_morgan_r2_2048_plus_desc_selected__cal_sigmoid__thr_kappa.csv,confirmed_models__results_full_coverage_descriptor_fp_meta_v4__summaries__external_metrics__lgbm_morgan_r2_2048_plus_desc_selected__cal_sigmoid__thr_kappa.csv,confirmed_models,0,fn,45.0
confirmed_models/results_full_coverage_descriptor_fp_meta_v4/summaries/external_metrics__lgbm_morgan_r2r3_concat_1024__cal_none__thr_f1.csv,confirmed_models__results_full_coverage_descriptor_fp_meta_v4__summaries__external_metrics__lgbm_morgan_r2r3_concat_1024__cal_none__thr_f1.csv,confirmed_models,0,accuracy,0.7384105960264901
confirmed_models/results_full_coverage_descriptor_fp_meta_v4/summaries/external_metrics__lgbm_morgan_r2r3_concat_1024__cal_none__thr_f1.csv,confirmed_models__results_full_coverage_descriptor_fp_meta_v4__summaries__external_metrics__lgbm_morgan_r2r3_concat_1024__cal_none__thr_f1.csv,confirmed_models,0,precision,0.7448275862068966
confirmed_models/results_full_coverage_descriptor_fp_meta_v4/summaries/external_metrics__lgbm_morgan_r2r3_concat_1024__cal_none__thr_f1.csv,confirmed_models__results_full_coverage_descriptor_fp_meta_v4__summaries__external_metrics__lgbm_morgan_r2r3_concat_1024__cal_none__thr_f1.csv,confirmed_models,0,recall,0.72
confirmed_models/results_full_coverage_descriptor_fp_meta_v4/summaries/external_metrics__lgbm_morgan_r2r3_concat_1024__cal_none__thr_f1.csv,confirmed_models__results_full_coverage_descriptor_fp_meta_v4__summaries__external_metrics__lgbm_morgan_r2r3_concat_1024__cal_none__thr_f1.csv,confirmed_models,0,f1,0.7322033898305085
confirmed_models/results_full_coverage_descriptor_fp_meta_v4/summaries/external_metrics__lgbm_morgan_r2r3_concat_1024__cal_none__thr_f1.csv,confirmed_models__results_full_coverage_descriptor_fp_meta_v4__summaries__external_metrics__lgbm_morgan_r2r3_concat_1024__cal_none__thr_f1.csv,confirmed_models,0,kappa,0.4766834832200044
confirmed_models/results_full_coverage_descriptor_fp_meta_v4/summaries/external_metrics__lgbm_morgan_r2r3_concat_1024__cal_none__thr_f1.csv,confirmed_models__results_full_coverage_descriptor_fp_meta_v4__summaries__external_metrics__lgbm_morgan_r2r3_concat_1024__cal_none__thr_f1.csv,confirmed_models,0,auroc,0.8123245614035087
confirmed_models/results_full_coverage_descriptor_fp_meta_v4/summaries/external_metrics__lgbm_morgan_r2r3_concat_1024__cal_none__thr_f1.csv,confirmed_models__results_full_coverage_descriptor_fp_meta_v4__summaries__external_metrics__lgbm_morgan_r2r3_concat_1024__cal_none__thr_f1.csv,confirmed_models,0,specificity,0.756578947368421
confirmed_models/results_full_coverage_descriptor_fp_meta_v4/summaries/external_metrics__lgbm_morgan_r2r3_concat_1024__cal_none__thr_f1.csv,confirmed_models__results_full_coverage_descriptor_fp_meta_v4__summaries__external_metrics__lgbm_morgan_r2r3_concat_1024__cal_none__thr_f1.csv,confirmed_models,0,sensitivity,0.72
confirmed_models/results_full_coverage_descriptor_fp_meta_v4/summaries/external_metrics__lgbm_morgan_r2r3_concat_1024__cal_none__thr_f1.csv,confirmed_models__results_full_coverage_descriptor_fp_meta_v4__summaries__external_metrics__lgbm_morgan_r2r3_concat_1024__cal_none__thr_f1.csv,confirmed_models,0,mcc,0.4769451642984237
confirmed_models/results_full_coverage_descriptor_fp_meta_v4/summaries/external_metrics__lgbm_morgan_r2r3_concat_1024__cal_none__thr_f1.csv,confirmed_models__results_full_coverage_descriptor_fp_meta_v4__summaries__external_metrics__lgbm_morgan_r2r3_concat_1024__cal_none__thr_f1.csv,confirmed_models,0,tp,108.0
confirmed_models/results_full_coverage_descriptor_fp_meta_v4/summaries/external_metrics__lgbm_morgan_r2r3_concat_1024__cal_none__thr_f1.csv,confirmed_models__results_full_coverage_descriptor_fp_meta_v4__summaries__external_metrics__lgbm_morgan_r2r3_concat_1024__cal_none__thr_f1.csv,confirmed_models,0,fp,37.0
confirmed_models/results_full_coverage_descriptor_fp_meta_v4/summaries/external_metrics__lgbm_morgan_r2r3_concat_1024__cal_none__thr_f1.csv,confirmed_models__results_full_coverage_descriptor_fp_meta_v4__summaries__external_metrics__lgbm_morgan_r2r3_concat_1024__cal_none__thr_f1.csv,confirmed_models,0,tn,115.0
confirmed_models/results_full_coverage_descriptor_fp_meta_v4/summaries/external_metrics__lgbm_morgan_r2r3_concat_1024__cal_none__thr_f1.csv,confirmed_models__results_full_coverage_descriptor_fp_meta_v4__summaries__external_metrics__lgbm_morgan_r2r3_concat_1024__cal_none__thr_f1.csv,confirmed_models,0,fn,42.0
confirmed_models/results_full_coverage_descriptor_fp_meta_v4/summaries/external_metrics__logreg_morgan_r2_2048_plus_desc__cal_none__thr_f1.csv,confirmed_models__results_full_coverage_descriptor_fp_meta_v4__summaries__external_metrics__logreg_morgan_r2_2048_plus_desc__cal_none__thr_f1.csv,confirmed_models,0,accuracy,0.7052980132450332
confirmed_models/results_full_coverage_descriptor_fp_meta_v4/summaries/external_metrics__logreg_morgan_r2_2048_plus_desc__cal_none__thr_f1.csv,confirmed_models__results_full_coverage_descriptor_fp_meta_v4__summaries__external_metrics__logreg_morgan_r2_2048_plus_desc__cal_none__thr_f1.csv,confirmed_models,0,precision,0.6993464052287581
confirmed_models/results_full_coverage_descriptor_fp_meta_v4/summaries/external_metrics__logreg_morgan_r2_2048_plus_desc__cal_none__thr_f1.csv,confirmed_models__results_full_coverage_descriptor_fp_meta_v4__summaries__external_metrics__logreg_morgan_r2_2048_plus_desc__cal_none__thr_f1.csv,confirmed_models,0,recall,0.7133333333333334
confirmed_models/results_full_coverage_descriptor_fp_meta_v4/summaries/external_metrics__logreg_morgan_r2_2048_plus_desc__cal_none__thr_f1.csv,confirmed_models__results_full_coverage_descriptor_fp_meta_v4__summaries__external_metrics__logreg_morgan_r2_2048_plus_desc__cal_none__thr_f1.csv,confirmed_models,0,f1,0.7062706270627063
confirmed_models/results_full_coverage_descriptor_fp_meta_v4/summaries/external_metrics__logreg_morgan_r2_2048_plus_desc__cal_none__thr_f1.csv,confirmed_models__results_full_coverage_descriptor_fp_meta_v4__summaries__external_metrics__logreg_morgan_r2_2048_plus_desc__cal_none__thr_f1.csv,confirmed_models,0,kappa,0.4106477217909924
confirmed_models/results_full_coverage_descriptor_fp_meta_v4/summaries/external_metrics__logreg_morgan_r2_2048_plus_desc__cal_none__thr_f1.csv,confirmed_models__results_full_coverage_descriptor_fp_meta_v4__summaries__external_metrics__logreg_morgan_r2_2048_plus_desc__cal_none__thr_f1.csv,confirmed_models,0,auroc,0.7391228070175438
confirmed_models/results_full_coverage_descriptor_fp_meta_v4/summaries/external_metrics__logreg_morgan_r2_2048_plus_desc__cal_none__thr_f1.csv,confirmed_models__results_full_coverage_descriptor_fp_meta_v4__summaries__external_metrics__logreg_morgan_r2_2048_plus_desc__cal_none__thr_f1.csv,confirmed_models,0,specificity,0.6973684210526315
confirmed_models/results_full_coverage_descriptor_fp_meta_v4/summaries/external_metrics__logreg_morgan_r2_2048_plus_desc__cal_none__thr_f1.csv,confirmed_models__results_full_coverage_descriptor_fp_meta_v4__summaries__external_metrics__logreg_morgan_r2_2048_plus_desc__cal_none__thr_f1.csv,confirmed_models,0,sensitivity,0.7133333333333334
confirmed_models/results_full_coverage_descriptor_fp_meta_v4/summaries/external_metrics__logreg_morgan_r2_2048_plus_desc__cal_none__thr_f1.csv,confirmed_models__results_full_coverage_descriptor_fp_meta_v4__summaries__external_metrics__logreg_morgan_r2_2048_plus_desc__cal_none__thr_f1.csv,confirmed_models,0,mcc,0.4107287769049523
confirmed_models/results_full_coverage_descriptor_fp_meta_v4/summaries/external_metrics__logreg_morgan_r2_2048_plus_desc__cal_none__thr_f1.csv,confirmed_models__results_full_coverage_descriptor_fp_meta_v4__summaries__external_metrics__logreg_morgan_r2_2048_plus_desc__cal_none__thr_f1.csv,confirmed_models,0,tp,107.0
confirmed_models/results_full_coverage_descriptor_fp_meta_v4/summaries/external_metrics__logreg_morgan_r2_2048_plus_desc__cal_none__thr_f1.csv,confirmed_models__results_full_coverage_descriptor_fp_meta_v4__summaries__external_metrics__logreg_morgan_r2_2048_plus_desc__cal_none__thr_f1.csv,confirmed_models,0,fp,46.0
confirmed_models/results_full_coverage_descriptor_fp_meta_v4/summaries/external_metrics__logreg_morgan_r2_2048_plus_desc__cal_none__thr_f1.csv,confirmed_models__results_full_coverage_descriptor_fp_meta_v4__summaries__external_metrics__logreg_morgan_r2_2048_plus_desc__cal_none__thr_f1.csv,confirmed_models,0,tn,106.0
confirmed_models/results_full_coverage_descriptor_fp_meta_v4/summaries/external_metrics__logreg_morgan_r2_2048_plus_desc__cal_none__thr_f1.csv,confirmed_models__results_full_coverage_descriptor_fp_meta_v4__summaries__external_metrics__logreg_morgan_r2_2048_plus_desc__cal_none__thr_f1.csv,confirmed_models,0,fn,43.0
confirmed_models/results_full_coverage_descriptor_fp_meta_v4/summaries/external_metrics__logreg_morgan_r2_2048_plus_desc_selected__cal_none__thr_f1.csv,confirmed_models__results_full_coverage_descriptor_fp_meta_v4__summaries__external_metrics__logreg_morgan_r2_2048_plus_desc_selected__cal_none__thr_f1.csv,confirmed_models,0,accuracy,0.7086092715231788
confirmed_models/results_full_coverage_descriptor_fp_meta_v4/summaries/external_metrics__logreg_morgan_r2_2048_plus_desc_selected__cal_none__thr_f1.csv,confirmed_models__results_full_coverage_descriptor_fp_meta_v4__summaries__external_metrics__logreg_morgan_r2_2048_plus_desc_selected__cal_none__thr_f1.csv,confirmed_models,0,precision,0.7039473684210527
confirmed_models/results_full_coverage_descriptor_fp_meta_v4/summaries/external_metrics__logreg_morgan_r2_2048_plus_desc_selected__cal_none__thr_f1.csv,confirmed_models__results_full_coverage_descriptor_fp_meta_v4__summaries__external_metrics__logreg_morgan_r2_2048_plus_desc_selected__cal_none__thr_f1.csv,confirmed_models,0,recall,0.7133333333333334
confirmed_models/results_full_coverage_descriptor_fp_meta_v4/summaries/external_metrics__logreg_morgan_r2_2048_plus_desc_selected__cal_none__thr_f1.csv,confirmed_models__results_full_coverage_descriptor_fp_meta_v4__summaries__external_metrics__logreg_morgan_r2_2048_plus_desc_selected__cal_none__thr_f1.csv,confirmed_models,0,f1,0.7086092715231788
confirmed_models/results_full_coverage_descriptor_fp_meta_v4/summaries/external_metrics__logreg_morgan_r2_2048_plus_desc_selected__cal_none__thr_f1.csv,confirmed_models__results_full_coverage_descriptor_fp_meta_v4__summaries__external_metrics__logreg_morgan_r2_2048_plus_desc_selected__cal_none__thr_f1.csv,confirmed_models,0,kappa,0.4172441013946145
confirmed_models/results_full_coverage_descriptor_fp_meta_v4/summaries/external_metrics__logreg_morgan_r2_2048_plus_desc_selected__cal_none__thr_f1.csv,confirmed_models__results_full_coverage_descriptor_fp_meta_v4__summaries__external_metrics__logreg_morgan_r2_2048_plus_desc_selected__cal_none__thr_f1.csv,confirmed_models,0,auroc,0.7396052631578948
confirmed_models/results_full_coverage_descriptor_fp_meta_v4/summaries/external_metrics__logreg_morgan_r2_2048_plus_desc_selected__cal_none__thr_f1.csv,confirmed_models__results_full_coverage_descriptor_fp_meta_v4__summaries__external_metrics__logreg_morgan_r2_2048_plus_desc_selected__cal_none__thr_f1.csv,confirmed_models,0,specificity,0.7039473684210527
confirmed_models/results_full_coverage_descriptor_fp_meta_v4/summaries/external_metrics__logreg_morgan_r2_2048_plus_desc_selected__cal_none__thr_f1.csv,confirmed_models__results_full_coverage_descriptor_fp_meta_v4__summaries__external_metrics__logreg_morgan_r2_2048_plus_desc_selected__cal_none__thr_f1.csv,confirmed_models,0,sensitivity,0.7133333333333334
confirmed_models/results_full_coverage_descriptor_fp_meta_v4/summaries/external_metrics__logreg_morgan_r2_2048_plus_desc_selected__cal_none__thr_f1.csv,confirmed_models__results_full_coverage_descriptor_fp_meta_v4__summaries__external_metrics__logreg_morgan_r2_2048_plus_desc_selected__cal_none__thr_f1.csv,confirmed_models,0,mcc,0.417280701754386
confirmed_models/results_full_coverage_descriptor_fp_meta_v4/summaries/external_metrics__logreg_morgan_r2_2048_plus_desc_selected__cal_none__thr_f1.csv,confirmed_models__results_full_coverage_descriptor_fp_meta_v4__summaries__external_metrics__logreg_morgan_r2_2048_plus_desc_selected__cal_none__thr_f1.csv,confirmed_models,0,tp,107.0
confirmed_models/results_full_coverage_descriptor_fp_meta_v4/summaries/external_metrics__logreg_morgan_r2_2048_plus_desc_selected__cal_none__thr_f1.csv,confirmed_models__results_full_coverage_descriptor_fp_meta_v4__summaries__external_metrics__logreg_morgan_r2_2048_plus_desc_selected__cal_none__thr_f1.csv,confirmed_models,0,fp,45.0
confirmed_models/results_full_coverage_descriptor_fp_meta_v4/summaries/external_metrics__logreg_morgan_r2_2048_plus_desc_selected__cal_none__thr_f1.csv,confirmed_models__results_full_coverage_descriptor_fp_meta_v4__summaries__external_metrics__logreg_morgan_r2_2048_plus_desc_selected__cal_none__thr_f1.csv,confirmed_models,0,tn,107.0
confirmed_models/results_full_coverage_descriptor_fp_meta_v4/summaries/external_metrics__logreg_morgan_r2_2048_plus_desc_selected__cal_none__thr_f1.csv,confirmed_models__results_full_coverage_descriptor_fp_meta_v4__summaries__external_metrics__logreg_morgan_r2_2048_plus_desc_selected__cal_none__thr_f1.csv,confirmed_models,0,fn,43.0
confirmed_models/results_full_coverage_descriptor_fp_meta_v4/summaries/external_metrics__meta_lgbm_knn_lgbm_descriptor_fp_v4__cal_isotonic__thr_f1.csv,confirmed_models__results_full_coverage_descriptor_fp_meta_v4__summaries__external_metrics__meta_lgbm_knn_lgbm_descriptor_fp_v4__cal_isotonic__thr_f1.csv,confirmed_models,0,accuracy,0.695364238410596
confirmed_models/results_full_coverage_descriptor_fp_meta_v4/summaries/external_metrics__meta_lgbm_knn_lgbm_descriptor_fp_v4__cal_isotonic__thr_f1.csv,confirmed_models__results_full_coverage_descriptor_fp_meta_v4__summaries__external_metrics__meta_lgbm_knn_lgbm_descriptor_fp_v4__cal_isotonic__thr_f1.csv,confirmed_models,0,precision,0.6907894736842105
confirmed_models/results_full_coverage_descriptor_fp_meta_v4/summaries/external_metrics__meta_lgbm_knn_lgbm_descriptor_fp_v4__cal_isotonic__thr_f1.csv,confirmed_models__results_full_coverage_descriptor_fp_meta_v4__summaries__external_metrics__meta_lgbm_knn_lgbm_descriptor_fp_v4__cal_isotonic__thr_f1.csv,confirmed_models,0,recall,0.7
confirmed_models/results_full_coverage_descriptor_fp_meta_v4/summaries/external_metrics__meta_lgbm_knn_lgbm_descriptor_fp_v4__cal_isotonic__thr_f1.csv,confirmed_models__results_full_coverage_descriptor_fp_meta_v4__summaries__external_metrics__meta_lgbm_knn_lgbm_descriptor_fp_v4__cal_isotonic__thr_f1.csv,confirmed_models,0,f1,0.695364238410596
confirmed_models/results_full_coverage_descriptor_fp_meta_v4/summaries/external_metrics__meta_lgbm_knn_lgbm_descriptor_fp_v4__cal_isotonic__thr_f1.csv,confirmed_models__results_full_coverage_descriptor_fp_meta_v4__summaries__external_metrics__meta_lgbm_knn_lgbm_descriptor_fp_v4__cal_isotonic__thr_f1.csv,confirmed_models,0,kappa,0.3907551969125515
confirmed_models/results_full_coverage_descriptor_fp_meta_v4/summaries/external_metrics__meta_lgbm_knn_lgbm_descriptor_fp_v4__cal_isotonic__thr_f1.csv,confirmed_models__results_full_coverage_descriptor_fp_meta_v4__summaries__external_metrics__meta_lgbm_knn_lgbm_descriptor_fp_v4__cal_isotonic__thr_f1.csv,confirmed_models,0,auroc,0.7303947368421053
confirmed_models/results_full_coverage_descriptor_fp_meta_v4/summaries/external_metrics__meta_lgbm_knn_lgbm_descriptor_fp_v4__cal_isotonic__thr_f1.csv,confirmed_models__results_full_coverage_descriptor_fp_meta_v4__summaries__external_metrics__meta_lgbm_knn_lgbm_descriptor_fp_v4__cal_isotonic__thr_f1.csv,confirmed_models,0,specificity,0.6907894736842105
confirmed_models/results_full_coverage_descriptor_fp_meta_v4/summaries/external_metrics__meta_lgbm_knn_lgbm_descriptor_fp_v4__cal_isotonic__thr_f1.csv,confirmed_models__results_full_coverage_descriptor_fp_meta_v4__summaries__external_metrics__meta_lgbm_knn_lgbm_descriptor_fp_v4__cal_isotonic__thr_f1.csv,confirmed_models,0,sensitivity,0.7
confirmed_models/results_full_coverage_descriptor_fp_meta_v4/summaries/external_metrics__meta_lgbm_knn_lgbm_descriptor_fp_v4__cal_isotonic__thr_f1.csv,confirmed_models__results_full_coverage_descriptor_fp_meta_v4__summaries__external_metrics__meta_lgbm_knn_lgbm_descriptor_fp_v4__cal_isotonic__thr_f1.csv,confirmed_models,0,mcc,0.3907894736842105
confirmed_models/results_full_coverage_descriptor_fp_meta_v4/summaries/external_metrics__meta_lgbm_knn_lgbm_descriptor_fp_v4__cal_isotonic__thr_f1.csv,confirmed_models__results_full_coverage_descriptor_fp_meta_v4__summaries__external_metrics__meta_lgbm_knn_lgbm_descriptor_fp_v4__cal_isotonic__thr_f1.csv,confirmed_models,0,tp,105.0
confirmed_models/results_full_coverage_descriptor_fp_meta_v4/summaries/external_metrics__meta_lgbm_knn_lgbm_descriptor_fp_v4__cal_isotonic__thr_f1.csv,confirmed_models__results_full_coverage_descriptor_fp_meta_v4__summaries__external_metrics__meta_lgbm_knn_lgbm_descriptor_fp_v4__cal_isotonic__thr_f1.csv,confirmed_models,0,fp,47.0
confirmed_models/results_full_coverage_descriptor_fp_meta_v4/summaries/external_metrics__meta_lgbm_knn_lgbm_descriptor_fp_v4__cal_isotonic__thr_f1.csv,confirmed_models__results_full_coverage_descriptor_fp_meta_v4__summaries__external_metrics__meta_lgbm_knn_lgbm_descriptor_fp_v4__cal_isotonic__thr_f1.csv,confirmed_models,0,tn,105.0
confirmed_models/results_full_coverage_descriptor_fp_meta_v4/summaries/external_metrics__meta_lgbm_knn_lgbm_descriptor_fp_v4__cal_isotonic__thr_f1.csv,confirmed_models__results_full_coverage_descriptor_fp_meta_v4__summaries__external_metrics__meta_lgbm_knn_lgbm_descriptor_fp_v4__cal_isotonic__thr_f1.csv,confirmed_models,0,fn,45.0
confirmed_models/results_full_coverage_descriptor_fp_meta_v4/summaries/external_metrics__meta_lgbm_knn_lgbm_descriptor_fp_v4__cal_isotonic__thr_kappa.csv,confirmed_models__results_full_coverage_descriptor_fp_meta_v4__summaries__external_metrics__meta_lgbm_knn_lgbm_descriptor_fp_v4__cal_isotonic__thr_kappa.csv,confirmed_models,0,accuracy,0.695364238410596
confirmed_models/results_full_coverage_descriptor_fp_meta_v4/summaries/external_metrics__meta_lgbm_knn_lgbm_descriptor_fp_v4__cal_isotonic__thr_kappa.csv,confirmed_models__results_full_coverage_descriptor_fp_meta_v4__summaries__external_metrics__meta_lgbm_knn_lgbm_descriptor_fp_v4__cal_isotonic__thr_kappa.csv,confirmed_models,0,precision,0.6907894736842105
confirmed_models/results_full_coverage_descriptor_fp_meta_v4/summaries/external_metrics__meta_lgbm_knn_lgbm_descriptor_fp_v4__cal_isotonic__thr_kappa.csv,confirmed_models__results_full_coverage_descriptor_fp_meta_v4__summaries__external_metrics__meta_lgbm_knn_lgbm_descriptor_fp_v4__cal_isotonic__thr_kappa.csv,confirmed_models,0,recall,0.7
confirmed_models/results_full_coverage_descriptor_fp_meta_v4/summaries/external_metrics__meta_lgbm_knn_lgbm_descriptor_fp_v4__cal_isotonic__thr_kappa.csv,confirmed_models__results_full_coverage_descriptor_fp_meta_v4__summaries__external_metrics__meta_lgbm_knn_lgbm_descriptor_fp_v4__cal_isotonic__thr_kappa.csv,confirmed_models,0,f1,0.695364238410596
confirmed_models/results_full_coverage_descriptor_fp_meta_v4/summaries/external_metrics__meta_lgbm_knn_lgbm_descriptor_fp_v4__cal_isotonic__thr_kappa.csv,confirmed_models__results_full_coverage_descriptor_fp_meta_v4__summaries__external_metrics__meta_lgbm_knn_lgbm_descriptor_fp_v4__cal_isotonic__thr_kappa.csv,confirmed_models,0,kappa,0.3907551969125515
confirmed_models/results_full_coverage_descriptor_fp_meta_v4/summaries/external_metrics__meta_lgbm_knn_lgbm_descriptor_fp_v4__cal_isotonic__thr_kappa.csv,confirmed_models__results_full_coverage_descriptor_fp_meta_v4__summaries__external_metrics__meta_lgbm_knn_lgbm_descriptor_fp_v4__cal_isotonic__thr_kappa.csv,confirmed_models,0,auroc,0.7303947368421053
confirmed_models/results_full_coverage_descriptor_fp_meta_v4/summaries/external_metrics__meta_lgbm_knn_lgbm_descriptor_fp_v4__cal_isotonic__thr_kappa.csv,confirmed_models__results_full_coverage_descriptor_fp_meta_v4__summaries__external_metrics__meta_lgbm_knn_lgbm_descriptor_fp_v4__cal_isotonic__thr_kappa.csv,confirmed_models,0,specificity,0.6907894736842105
confirmed_models/results_full_coverage_descriptor_fp_meta_v4/summaries/external_metrics__meta_lgbm_knn_lgbm_descriptor_fp_v4__cal_isotonic__thr_kappa.csv,confirmed_models__results_full_coverage_descriptor_fp_meta_v4__summaries__external_metrics__meta_lgbm_knn_lgbm_descriptor_fp_v4__cal_isotonic__thr_kappa.csv,confirmed_models,0,sensitivity,0.7
confirmed_models/results_full_coverage_descriptor_fp_meta_v4/summaries/external_metrics__meta_lgbm_knn_lgbm_descriptor_fp_v4__cal_isotonic__thr_kappa.csv,confirmed_models__results_full_coverage_descriptor_fp_meta_v4__summaries__external_metrics__meta_lgbm_knn_lgbm_descriptor_fp_v4__cal_isotonic__thr_kappa.csv,confirmed_models,0,mcc,0.3907894736842105
confirmed_models/results_full_coverage_descriptor_fp_meta_v4/summaries/external_metrics__meta_lgbm_knn_lgbm_descriptor_fp_v4__cal_isotonic__thr_kappa.csv,confirmed_models__results_full_coverage_descriptor_fp_meta_v4__summaries__external_metrics__meta_lgbm_knn_lgbm_descriptor_fp_v4__cal_isotonic__thr_kappa.csv,confirmed_models,0,tp,105.0
confirmed_models/results_full_coverage_descriptor_fp_meta_v4/summaries/external_metrics__meta_lgbm_knn_lgbm_descriptor_fp_v4__cal_isotonic__thr_kappa.csv,confirmed_models__results_full_coverage_descriptor_fp_meta_v4__summaries__external_metrics__meta_lgbm_knn_lgbm_descriptor_fp_v4__cal_isotonic__thr_kappa.csv,confirmed_models,0,fp,47.0
confirmed_models/results_full_coverage_descriptor_fp_meta_v4/summaries/external_metrics__meta_lgbm_knn_lgbm_descriptor_fp_v4__cal_isotonic__thr_kappa.csv,confirmed_models__results_full_coverage_descriptor_fp_meta_v4__summaries__external_metrics__meta_lgbm_knn_lgbm_descriptor_fp_v4__cal_isotonic__thr_kappa.csv,confirmed_models,0,tn,105.0
confirmed_models/results_full_coverage_descriptor_fp_meta_v4/summaries/external_metrics__meta_lgbm_knn_lgbm_descriptor_fp_v4__cal_isotonic__thr_kappa.csv,confirmed_models__results_full_coverage_descriptor_fp_meta_v4__summaries__external_metrics__meta_lgbm_knn_lgbm_descriptor_fp_v4__cal_isotonic__thr_kappa.csv,confirmed_models,0,fn,45.0
confirmed_models/results_full_coverage_descriptor_fp_meta_v4/summaries/external_metrics__meta_lgbm_knn_lgbm_descriptor_fp_v4__cal_none__thr_f1.csv,confirmed_models__results_full_coverage_descriptor_fp_meta_v4__summaries__external_metrics__meta_lgbm_knn_lgbm_descriptor_fp_v4__cal_none__thr_f1.csv,confirmed_models,0,accuracy,0.6788079470198676
confirmed_models/results_full_coverage_descriptor_fp_meta_v4/summaries/external_metrics__meta_lgbm_knn_lgbm_descriptor_fp_v4__cal_none__thr_f1.csv,confirmed_models__results_full_coverage_descriptor_fp_meta_v4__summaries__external_metrics__meta_lgbm_knn_lgbm_descriptor_fp_v4__cal_none__thr_f1.csv,confirmed_models,0,precision,0.6625766871165644
confirmed_models/results_full_coverage_descriptor_fp_meta_v4/summaries/external_metrics__meta_lgbm_knn_lgbm_descriptor_fp_v4__cal_none__thr_f1.csv,confirmed_models__results_full_coverage_descriptor_fp_meta_v4__summaries__external_metrics__meta_lgbm_knn_lgbm_descriptor_fp_v4__cal_none__thr_f1.csv,confirmed_models,0,recall,0.72
confirmed_models/results_full_coverage_descriptor_fp_meta_v4/summaries/external_metrics__meta_lgbm_knn_lgbm_descriptor_fp_v4__cal_none__thr_f1.csv,confirmed_models__results_full_coverage_descriptor_fp_meta_v4__summaries__external_metrics__meta_lgbm_knn_lgbm_descriptor_fp_v4__cal_none__thr_f1.csv,confirmed_models,0,f1,0.6900958466453674
confirmed_models/results_full_coverage_descriptor_fp_meta_v4/summaries/external_metrics__meta_lgbm_knn_lgbm_descriptor_fp_v4__cal_none__thr_f1.csv,confirmed_models__results_full_coverage_descriptor_fp_meta_v4__summaries__external_metrics__meta_lgbm_knn_lgbm_descriptor_fp_v4__cal_none__thr_f1.csv,confirmed_models,0,kappa,0.3579537982729145
confirmed_models/results_full_coverage_descriptor_fp_meta_v4/summaries/external_metrics__meta_lgbm_knn_lgbm_descriptor_fp_v4__cal_none__thr_f1.csv,confirmed_models__results_full_coverage_descriptor_fp_meta_v4__summaries__external_metrics__meta_lgbm_knn_lgbm_descriptor_fp_v4__cal_none__thr_f1.csv,confirmed_models,0,auroc,0.7922368421052631
confirmed_models/results_full_coverage_descriptor_fp_meta_v4/summaries/external_metrics__meta_lgbm_knn_lgbm_descriptor_fp_v4__cal_none__thr_f1.csv,confirmed_models__results_full_coverage_descriptor_fp_meta_v4__summaries__external_metrics__meta_lgbm_knn_lgbm_descriptor_fp_v4__cal_none__thr_f1.csv,confirmed_models,0,specificity,0.6381578947368421
confirmed_models/results_full_coverage_descriptor_fp_meta_v4/summaries/external_metrics__meta_lgbm_knn_lgbm_descriptor_fp_v4__cal_none__thr_f1.csv,confirmed_models__results_full_coverage_descriptor_fp_meta_v4__summaries__external_metrics__meta_lgbm_knn_lgbm_descriptor_fp_v4__cal_none__thr_f1.csv,confirmed_models,0,sensitivity,0.72
confirmed_models/results_full_coverage_descriptor_fp_meta_v4/summaries/external_metrics__meta_lgbm_knn_lgbm_descriptor_fp_v4__cal_none__thr_f1.csv,confirmed_models__results_full_coverage_descriptor_fp_meta_v4__summaries__external_metrics__meta_lgbm_knn_lgbm_descriptor_fp_v4__cal_none__thr_f1.csv,confirmed_models,0,mcc,0.3592863764294663
confirmed_models/results_full_coverage_descriptor_fp_meta_v4/summaries/external_metrics__meta_lgbm_knn_lgbm_descriptor_fp_v4__cal_none__thr_f1.csv,confirmed_models__results_full_coverage_descriptor_fp_meta_v4__summaries__external_metrics__meta_lgbm_knn_lgbm_descriptor_fp_v4__cal_none__thr_f1.csv,confirmed_models,0,tp,108.0
confirmed_models/results_full_coverage_descriptor_fp_meta_v4/summaries/external_metrics__meta_lgbm_knn_lgbm_descriptor_fp_v4__cal_none__thr_f1.csv,confirmed_models__results_full_coverage_descriptor_fp_meta_v4__summaries__external_metrics__meta_lgbm_knn_lgbm_descriptor_fp_v4__cal_none__thr_f1.csv,confirmed_models,0,fp,55.0
confirmed_models/results_full_coverage_descriptor_fp_meta_v4/summaries/external_metrics__meta_lgbm_knn_lgbm_descriptor_fp_v4__cal_none__thr_f1.csv,confirmed_models__results_full_coverage_descriptor_fp_meta_v4__summaries__external_metrics__meta_lgbm_knn_lgbm_descriptor_fp_v4__cal_none__thr_f1.csv,confirmed_models,0,tn,97.0
confirmed_models/results_full_coverage_descriptor_fp_meta_v4/summaries/external_metrics__meta_lgbm_knn_lgbm_descriptor_fp_v4__cal_none__thr_f1.csv,confirmed_models__results_full_coverage_descriptor_fp_meta_v4__summaries__external_metrics__meta_lgbm_knn_lgbm_descriptor_fp_v4__cal_none__thr_f1.csv,confirmed_models,0,fn,42.0
confirmed_models/results_full_coverage_descriptor_fp_meta_v4/summaries/external_metrics__meta_lgbm_knn_lgbm_descriptor_fp_v4__cal_none__thr_kappa.csv,confirmed_models__results_full_coverage_descriptor_fp_meta_v4__summaries__external_metrics__meta_lgbm_knn_lgbm_descriptor_fp_v4__cal_none__thr_kappa.csv,confirmed_models,0,accuracy,0.6788079470198676
confirmed_models/results_full_coverage_descriptor_fp_meta_v4/summaries/external_metrics__meta_lgbm_knn_lgbm_descriptor_fp_v4__cal_none__thr_kappa.csv,confirmed_models__results_full_coverage_descriptor_fp_meta_v4__summaries__external_metrics__meta_lgbm_knn_lgbm_descriptor_fp_v4__cal_none__thr_kappa.csv,confirmed_models,0,precision,0.6625766871165644
confirmed_models/results_full_coverage_descriptor_fp_meta_v4/summaries/external_metrics__meta_lgbm_knn_lgbm_descriptor_fp_v4__cal_none__thr_kappa.csv,confirmed_models__results_full_coverage_descriptor_fp_meta_v4__summaries__external_metrics__meta_lgbm_knn_lgbm_descriptor_fp_v4__cal_none__thr_kappa.csv,confirmed_models,0,recall,0.72
confirmed_models/results_full_coverage_descriptor_fp_meta_v4/summaries/external_metrics__meta_lgbm_knn_lgbm_descriptor_fp_v4__cal_none__thr_kappa.csv,confirmed_models__results_full_coverage_descriptor_fp_meta_v4__summaries__external_metrics__meta_lgbm_knn_lgbm_descriptor_fp_v4__cal_none__thr_kappa.csv,confirmed_models,0,f1,0.6900958466453674
confirmed_models/results_full_coverage_descriptor_fp_meta_v4/summaries/external_metrics__meta_lgbm_knn_lgbm_descriptor_fp_v4__cal_none__thr_kappa.csv,confirmed_models__results_full_coverage_descriptor_fp_meta_v4__summaries__external_metrics__meta_lgbm_knn_lgbm_descriptor_fp_v4__cal_none__thr_kappa.csv,confirmed_models,0,kappa,0.3579537982729145
confirmed_models/results_full_coverage_descriptor_fp_meta_v4/summaries/external_metrics__meta_lgbm_knn_lgbm_descriptor_fp_v4__cal_none__thr_kappa.csv,confirmed_models__results_full_coverage_descriptor_fp_meta_v4__summaries__external_metrics__meta_lgbm_knn_lgbm_descriptor_fp_v4__cal_none__thr_kappa.csv,confirmed_models,0,auroc,0.7922368421052631
confirmed_models/results_full_coverage_descriptor_fp_meta_v4/summaries/external_metrics__meta_lgbm_knn_lgbm_descriptor_fp_v4__cal_none__thr_kappa.csv,confirmed_models__results_full_coverage_descriptor_fp_meta_v4__summaries__external_metrics__meta_lgbm_knn_lgbm_descriptor_fp_v4__cal_none__thr_kappa.csv,confirmed_models,0,specificity,0.6381578947368421
confirmed_models/results_full_coverage_descriptor_fp_meta_v4/summaries/external_metrics__meta_lgbm_knn_lgbm_descriptor_fp_v4__cal_none__thr_kappa.csv,confirmed_models__results_full_coverage_descriptor_fp_meta_v4__summaries__external_metrics__meta_lgbm_knn_lgbm_descriptor_fp_v4__cal_none__thr_kappa.csv,confirmed_models,0,sensitivity,0.72
confirmed_models/results_full_coverage_descriptor_fp_meta_v4/summaries/external_metrics__meta_lgbm_knn_lgbm_descriptor_fp_v4__cal_none__thr_kappa.csv,confirmed_models__results_full_coverage_descriptor_fp_meta_v4__summaries__external_metrics__meta_lgbm_knn_lgbm_descriptor_fp_v4__cal_none__thr_kappa.csv,confirmed_models,0,mcc,0.3592863764294663
confirmed_models/results_full_coverage_descriptor_fp_meta_v4/summaries/external_metrics__meta_lgbm_knn_lgbm_descriptor_fp_v4__cal_none__thr_kappa.csv,confirmed_models__results_full_coverage_descriptor_fp_meta_v4__summaries__external_metrics__meta_lgbm_knn_lgbm_descriptor_fp_v4__cal_none__thr_kappa.csv,confirmed_models,0,tp,108.0
confirmed_models/results_full_coverage_descriptor_fp_meta_v4/summaries/external_metrics__meta_lgbm_knn_lgbm_descriptor_fp_v4__cal_none__thr_kappa.csv,confirmed_models__results_full_coverage_descriptor_fp_meta_v4__summaries__external_metrics__meta_lgbm_knn_lgbm_descriptor_fp_v4__cal_none__thr_kappa.csv,confirmed_models,0,fp,55.0
confirmed_models/results_full_coverage_descriptor_fp_meta_v4/summaries/external_metrics__meta_lgbm_knn_lgbm_descriptor_fp_v4__cal_none__thr_kappa.csv,confirmed_models__results_full_coverage_descriptor_fp_meta_v4__summaries__external_metrics__meta_lgbm_knn_lgbm_descriptor_fp_v4__cal_none__thr_kappa.csv,confirmed_models,0,tn,97.0
confirmed_models/results_full_coverage_descriptor_fp_meta_v4/summaries/external_metrics__meta_lgbm_knn_lgbm_descriptor_fp_v4__cal_none__thr_kappa.csv,confirmed_models__results_full_coverage_descriptor_fp_meta_v4__summaries__external_metrics__meta_lgbm_knn_lgbm_descriptor_fp_v4__cal_none__thr_kappa.csv,confirmed_models,0,fn,42.0
confirmed_models/results_full_coverage_descriptor_fp_meta_v4/summaries/external_metrics__meta_lgbm_knn_lgbm_descriptor_fp_v4__cal_sigmoid__thr_f1.csv,confirmed_models__results_full_coverage_descriptor_fp_meta_v4__summaries__external_metrics__meta_lgbm_knn_lgbm_descriptor_fp_v4__cal_sigmoid__thr_f1.csv,confirmed_models,0,accuracy,0.6986754966887417
confirmed_models/results_full_coverage_descriptor_fp_meta_v4/summaries/external_metrics__meta_lgbm_knn_lgbm_descriptor_fp_v4__cal_sigmoid__thr_f1.csv,confirmed_models__results_full_coverage_descriptor_fp_meta_v4__summaries__external_metrics__meta_lgbm_knn_lgbm_descriptor_fp_v4__cal_sigmoid__thr_f1.csv,confirmed_models,0,precision,0.6903225806451613
confirmed_models/results_full_coverage_descriptor_fp_meta_v4/summaries/external_metrics__meta_lgbm_knn_lgbm_descriptor_fp_v4__cal_sigmoid__thr_f1.csv,confirmed_models__results_full_coverage_descriptor_fp_meta_v4__summaries__external_metrics__meta_lgbm_knn_lgbm_descriptor_fp_v4__cal_sigmoid__thr_f1.csv,confirmed_models,0,recall,0.7133333333333334
confirmed_models/results_full_coverage_descriptor_fp_meta_v4/summaries/external_metrics__meta_lgbm_knn_lgbm_descriptor_fp_v4__cal_sigmoid__thr_f1.csv,confirmed_models__results_full_coverage_descriptor_fp_meta_v4__summaries__external_metrics__meta_lgbm_knn_lgbm_descriptor_fp_v4__cal_sigmoid__thr_f1.csv,confirmed_models,0,f1,0.7016393442622951
confirmed_models/results_full_coverage_descriptor_fp_meta_v4/summaries/external_metrics__meta_lgbm_knn_lgbm_descriptor_fp_v4__cal_sigmoid__thr_f1.csv,confirmed_models__results_full_coverage_descriptor_fp_meta_v4__summaries__external_metrics__meta_lgbm_knn_lgbm_descriptor_fp_v4__cal_sigmoid__thr_f1.csv,confirmed_models,0,kappa,0.3974566980925236
confirmed_models/results_full_coverage_descriptor_fp_meta_v4/summaries/external_metrics__meta_lgbm_knn_lgbm_descriptor_fp_v4__cal_sigmoid__thr_f1.csv,confirmed_models__results_full_coverage_descriptor_fp_meta_v4__summaries__external_metrics__meta_lgbm_knn_lgbm_descriptor_fp_v4__cal_sigmoid__thr_f1.csv,confirmed_models,0,auroc,0.7920394736842105
confirmed_models/results_full_coverage_descriptor_fp_meta_v4/summaries/external_metrics__meta_lgbm_knn_lgbm_descriptor_fp_v4__cal_sigmoid__thr_f1.csv,confirmed_models__results_full_coverage_descriptor_fp_meta_v4__summaries__external_metrics__meta_lgbm_knn_lgbm_descriptor_fp_v4__cal_sigmoid__thr_f1.csv,confirmed_models,0,specificity,0.6842105263157895
confirmed_models/results_full_coverage_descriptor_fp_meta_v4/summaries/external_metrics__meta_lgbm_knn_lgbm_descriptor_fp_v4__cal_sigmoid__thr_f1.csv,confirmed_models__results_full_coverage_descriptor_fp_meta_v4__summaries__external_metrics__meta_lgbm_knn_lgbm_descriptor_fp_v4__cal_sigmoid__thr_f1.csv,confirmed_models,0,sensitivity,0.7133333333333334
confirmed_models/results_full_coverage_descriptor_fp_meta_v4/summaries/external_metrics__meta_lgbm_knn_lgbm_descriptor_fp_v4__cal_sigmoid__thr_f1.csv,confirmed_models__results_full_coverage_descriptor_fp_meta_v4__summaries__external_metrics__meta_lgbm_knn_lgbm_descriptor_fp_v4__cal_sigmoid__thr_f1.csv,confirmed_models,0,mcc,0.39767469521615
confirmed_models/results_full_coverage_descriptor_fp_meta_v4/summaries/external_metrics__meta_lgbm_knn_lgbm_descriptor_fp_v4__cal_sigmoid__thr_f1.csv,confirmed_models__results_full_coverage_descriptor_fp_meta_v4__summaries__external_metrics__meta_lgbm_knn_lgbm_descriptor_fp_v4__cal_sigmoid__thr_f1.csv,confirmed_models,0,tp,107.0
confirmed_models/results_full_coverage_descriptor_fp_meta_v4/summaries/external_metrics__meta_lgbm_knn_lgbm_descriptor_fp_v4__cal_sigmoid__thr_f1.csv,confirmed_models__results_full_coverage_descriptor_fp_meta_v4__summaries__external_metrics__meta_lgbm_knn_lgbm_descriptor_fp_v4__cal_sigmoid__thr_f1.csv,confirmed_models,0,fp,48.0
confirmed_models/results_full_coverage_descriptor_fp_meta_v4/summaries/external_metrics__meta_lgbm_knn_lgbm_descriptor_fp_v4__cal_sigmoid__thr_f1.csv,confirmed_models__results_full_coverage_descriptor_fp_meta_v4__summaries__external_metrics__meta_lgbm_knn_lgbm_descriptor_fp_v4__cal_sigmoid__thr_f1.csv,confirmed_models,0,tn,104.0
confirmed_models/results_full_coverage_descriptor_fp_meta_v4/summaries/external_metrics__meta_lgbm_knn_lgbm_descriptor_fp_v4__cal_sigmoid__thr_f1.csv,confirmed_models__results_full_coverage_descriptor_fp_meta_v4__summaries__external_metrics__meta_lgbm_knn_lgbm_descriptor_fp_v4__cal_sigmoid__thr_f1.csv,confirmed_models,0,fn,43.0
confirmed_models/results_full_coverage_descriptor_fp_meta_v4/summaries/external_metrics__meta_lgbm_knn_lgbm_descriptor_fp_v4__cal_sigmoid__thr_kappa.csv,confirmed_models__results_full_coverage_descriptor_fp_meta_v4__summaries__external_metrics__meta_lgbm_knn_lgbm_descriptor_fp_v4__cal_sigmoid__thr_kappa.csv,confirmed_models,0,accuracy,0.6986754966887417
confirmed_models/results_full_coverage_descriptor_fp_meta_v4/summaries/external_metrics__meta_lgbm_knn_lgbm_descriptor_fp_v4__cal_sigmoid__thr_kappa.csv,confirmed_models__results_full_coverage_descriptor_fp_meta_v4__summaries__external_metrics__meta_lgbm_knn_lgbm_descriptor_fp_v4__cal_sigmoid__thr_kappa.csv,confirmed_models,0,precision,0.6903225806451613
confirmed_models/results_full_coverage_descriptor_fp_meta_v4/summaries/external_metrics__meta_lgbm_knn_lgbm_descriptor_fp_v4__cal_sigmoid__thr_kappa.csv,confirmed_models__results_full_coverage_descriptor_fp_meta_v4__summaries__external_metrics__meta_lgbm_knn_lgbm_descriptor_fp_v4__cal_sigmoid__thr_kappa.csv,confirmed_models,0,recall,0.7133333333333334
confirmed_models/results_full_coverage_descriptor_fp_meta_v4/summaries/external_metrics__meta_lgbm_knn_lgbm_descriptor_fp_v4__cal_sigmoid__thr_kappa.csv,confirmed_models__results_full_coverage_descriptor_fp_meta_v4__summaries__external_metrics__meta_lgbm_knn_lgbm_descriptor_fp_v4__cal_sigmoid__thr_kappa.csv,confirmed_models,0,f1,0.7016393442622951
confirmed_models/results_full_coverage_descriptor_fp_meta_v4/summaries/external_metrics__meta_lgbm_knn_lgbm_descriptor_fp_v4__cal_sigmoid__thr_kappa.csv,confirmed_models__results_full_coverage_descriptor_fp_meta_v4__summaries__external_metrics__meta_lgbm_knn_lgbm_descriptor_fp_v4__cal_sigmoid__thr_kappa.csv,confirmed_models,0,kappa,0.3974566980925236
confirmed_models/results_full_coverage_descriptor_fp_meta_v4/summaries/external_metrics__meta_lgbm_knn_lgbm_descriptor_fp_v4__cal_sigmoid__thr_kappa.csv,confirmed_models__results_full_coverage_descriptor_fp_meta_v4__summaries__external_metrics__meta_lgbm_knn_lgbm_descriptor_fp_v4__cal_sigmoid__thr_kappa.csv,confirmed_models,0,auroc,0.7920394736842105
confirmed_models/results_full_coverage_descriptor_fp_meta_v4/summaries/external_metrics__meta_lgbm_knn_lgbm_descriptor_fp_v4__cal_sigmoid__thr_kappa.csv,confirmed_models__results_full_coverage_descriptor_fp_meta_v4__summaries__external_metrics__meta_lgbm_knn_lgbm_descriptor_fp_v4__cal_sigmoid__thr_kappa.csv,confirmed_models,0,specificity,0.6842105263157895
confirmed_models/results_full_coverage_descriptor_fp_meta_v4/summaries/external_metrics__meta_lgbm_knn_lgbm_descriptor_fp_v4__cal_sigmoid__thr_kappa.csv,confirmed_models__results_full_coverage_descriptor_fp_meta_v4__summaries__external_metrics__meta_lgbm_knn_lgbm_descriptor_fp_v4__cal_sigmoid__thr_kappa.csv,confirmed_models,0,sensitivity,0.7133333333333334
confirmed_models/results_full_coverage_descriptor_fp_meta_v4/summaries/external_metrics__meta_lgbm_knn_lgbm_descriptor_fp_v4__cal_sigmoid__thr_kappa.csv,confirmed_models__results_full_coverage_descriptor_fp_meta_v4__summaries__external_metrics__meta_lgbm_knn_lgbm_descriptor_fp_v4__cal_sigmoid__thr_kappa.csv,confirmed_models,0,mcc,0.39767469521615
confirmed_models/results_full_coverage_descriptor_fp_meta_v4/summaries/external_metrics__meta_lgbm_knn_lgbm_descriptor_fp_v4__cal_sigmoid__thr_kappa.csv,confirmed_models__results_full_coverage_descriptor_fp_meta_v4__summaries__external_metrics__meta_lgbm_knn_lgbm_descriptor_fp_v4__cal_sigmoid__thr_kappa.csv,confirmed_models,0,tp,107.0
confirmed_models/results_full_coverage_descriptor_fp_meta_v4/summaries/external_metrics__meta_lgbm_knn_lgbm_descriptor_fp_v4__cal_sigmoid__thr_kappa.csv,confirmed_models__results_full_coverage_descriptor_fp_meta_v4__summaries__external_metrics__meta_lgbm_knn_lgbm_descriptor_fp_v4__cal_sigmoid__thr_kappa.csv,confirmed_models,0,fp,48.0
confirmed_models/results_full_coverage_descriptor_fp_meta_v4/summaries/external_metrics__meta_lgbm_knn_lgbm_descriptor_fp_v4__cal_sigmoid__thr_kappa.csv,confirmed_models__results_full_coverage_descriptor_fp_meta_v4__summaries__external_metrics__meta_lgbm_knn_lgbm_descriptor_fp_v4__cal_sigmoid__thr_kappa.csv,confirmed_models,0,tn,104.0
confirmed_models/results_full_coverage_descriptor_fp_meta_v4/summaries/external_metrics__meta_lgbm_knn_lgbm_descriptor_fp_v4__cal_sigmoid__thr_kappa.csv,confirmed_models__results_full_coverage_descriptor_fp_meta_v4__summaries__external_metrics__meta_lgbm_knn_lgbm_descriptor_fp_v4__cal_sigmoid__thr_kappa.csv,confirmed_models,0,fn,43.0
confirmed_models/results_full_coverage_descriptor_fp_meta_v4/summaries/external_metrics__meta_logreg_knn_lgbm_descriptor_fp_v4__cal_isotonic__thr_f1.csv,confirmed_models__results_full_coverage_descriptor_fp_meta_v4__summaries__external_metrics__meta_logreg_knn_lgbm_descriptor_fp_v4__cal_isotonic__thr_f1.csv,confirmed_models,0,accuracy,0.7450331125827815
confirmed_models/results_full_coverage_descriptor_fp_meta_v4/summaries/external_metrics__meta_logreg_knn_lgbm_descriptor_fp_v4__cal_isotonic__thr_f1.csv,confirmed_models__results_full_coverage_descriptor_fp_meta_v4__summaries__external_metrics__meta_logreg_knn_lgbm_descriptor_fp_v4__cal_isotonic__thr_f1.csv,confirmed_models,0,precision,0.7664233576642335
confirmed_models/results_full_coverage_descriptor_fp_meta_v4/summaries/external_metrics__meta_logreg_knn_lgbm_descriptor_fp_v4__cal_isotonic__thr_f1.csv,confirmed_models__results_full_coverage_descriptor_fp_meta_v4__summaries__external_metrics__meta_logreg_knn_lgbm_descriptor_fp_v4__cal_isotonic__thr_f1.csv,confirmed_models,0,recall,0.7
confirmed_models/results_full_coverage_descriptor_fp_meta_v4/summaries/external_metrics__meta_logreg_knn_lgbm_descriptor_fp_v4__cal_isotonic__thr_f1.csv,confirmed_models__results_full_coverage_descriptor_fp_meta_v4__summaries__external_metrics__meta_logreg_knn_lgbm_descriptor_fp_v4__cal_isotonic__thr_f1.csv,confirmed_models,0,f1,0.7317073170731707
confirmed_models/results_full_coverage_descriptor_fp_meta_v4/summaries/external_metrics__meta_logreg_knn_lgbm_descriptor_fp_v4__cal_isotonic__thr_f1.csv,confirmed_models__results_full_coverage_descriptor_fp_meta_v4__summaries__external_metrics__meta_logreg_knn_lgbm_descriptor_fp_v4__cal_isotonic__thr_f1.csv,confirmed_models,0,kappa,0.4897529293017949
confirmed_models/results_full_coverage_descriptor_fp_meta_v4/summaries/external_metrics__meta_logreg_knn_lgbm_descriptor_fp_v4__cal_isotonic__thr_f1.csv,confirmed_models__results_full_coverage_descriptor_fp_meta_v4__summaries__external_metrics__meta_logreg_knn_lgbm_descriptor_fp_v4__cal_isotonic__thr_f1.csv,confirmed_models,0,auroc,0.8388377192982456
confirmed_models/results_full_coverage_descriptor_fp_meta_v4/summaries/external_metrics__meta_logreg_knn_lgbm_descriptor_fp_v4__cal_isotonic__thr_f1.csv,confirmed_models__results_full_coverage_descriptor_fp_meta_v4__summaries__external_metrics__meta_logreg_knn_lgbm_descriptor_fp_v4__cal_isotonic__thr_f1.csv,confirmed_models,0,specificity,0.7894736842105263
confirmed_models/results_full_coverage_descriptor_fp_meta_v4/summaries/external_metrics__meta_logreg_knn_lgbm_descriptor_fp_v4__cal_isotonic__thr_f1.csv,confirmed_models__results_full_coverage_descriptor_fp_meta_v4__summaries__external_metrics__meta_logreg_knn_lgbm_descriptor_fp_v4__cal_isotonic__thr_f1.csv,confirmed_models,0,sensitivity,0.7
confirmed_models/results_full_coverage_descriptor_fp_meta_v4/summaries/external_metrics__meta_logreg_knn_lgbm_descriptor_fp_v4__cal_isotonic__thr_f1.csv,confirmed_models__results_full_coverage_descriptor_fp_meta_v4__summaries__external_metrics__meta_logreg_knn_lgbm_descriptor_fp_v4__cal_isotonic__thr_f1.csv,confirmed_models,0,mcc,0.4915803510865819
confirmed_models/results_full_coverage_descriptor_fp_meta_v4/summaries/external_metrics__meta_logreg_knn_lgbm_descriptor_fp_v4__cal_isotonic__thr_f1.csv,confirmed_models__results_full_coverage_descriptor_fp_meta_v4__summaries__external_metrics__meta_logreg_knn_lgbm_descriptor_fp_v4__cal_isotonic__thr_f1.csv,confirmed_models,0,tp,105.0
confirmed_models/results_full_coverage_descriptor_fp_meta_v4/summaries/external_metrics__meta_logreg_knn_lgbm_descriptor_fp_v4__cal_isotonic__thr_f1.csv,confirmed_models__results_full_coverage_descriptor_fp_meta_v4__summaries__external_metrics__meta_logreg_knn_lgbm_descriptor_fp_v4__cal_isotonic__thr_f1.csv,confirmed_models,0,fp,32.0
confirmed_models/results_full_coverage_descriptor_fp_meta_v4/summaries/external_metrics__meta_logreg_knn_lgbm_descriptor_fp_v4__cal_isotonic__thr_f1.csv,confirmed_models__results_full_coverage_descriptor_fp_meta_v4__summaries__external_metrics__meta_logreg_knn_lgbm_descriptor_fp_v4__cal_isotonic__thr_f1.csv,confirmed_models,0,tn,120.0
confirmed_models/results_full_coverage_descriptor_fp_meta_v4/summaries/external_metrics__meta_logreg_knn_lgbm_descriptor_fp_v4__cal_isotonic__thr_f1.csv,confirmed_models__results_full_coverage_descriptor_fp_meta_v4__summaries__external_metrics__meta_logreg_knn_lgbm_descriptor_fp_v4__cal_isotonic__thr_f1.csv,confirmed_models,0,fn,45.0
confirmed_models/results_full_coverage_descriptor_fp_meta_v4/summaries/external_metrics__meta_logreg_knn_lgbm_descriptor_fp_v4__cal_isotonic__thr_kappa.csv,confirmed_models__results_full_coverage_descriptor_fp_meta_v4__summaries__external_metrics__meta_logreg_knn_lgbm_descriptor_fp_v4__cal_isotonic__thr_kappa.csv,confirmed_models,0,accuracy,0.7450331125827815
confirmed_models/results_full_coverage_descriptor_fp_meta_v4/summaries/external_metrics__meta_logreg_knn_lgbm_descriptor_fp_v4__cal_isotonic__thr_kappa.csv,confirmed_models__results_full_coverage_descriptor_fp_meta_v4__summaries__external_metrics__meta_logreg_knn_lgbm_descriptor_fp_v4__cal_isotonic__thr_kappa.csv,confirmed_models,0,precision,0.7664233576642335
confirmed_models/results_full_coverage_descriptor_fp_meta_v4/summaries/external_metrics__meta_logreg_knn_lgbm_descriptor_fp_v4__cal_isotonic__thr_kappa.csv,confirmed_models__results_full_coverage_descriptor_fp_meta_v4__summaries__external_metrics__meta_logreg_knn_lgbm_descriptor_fp_v4__cal_isotonic__thr_kappa.csv,confirmed_models,0,recall,0.7
confirmed_models/results_full_coverage_descriptor_fp_meta_v4/summaries/external_metrics__meta_logreg_knn_lgbm_descriptor_fp_v4__cal_isotonic__thr_kappa.csv,confirmed_models__results_full_coverage_descriptor_fp_meta_v4__summaries__external_metrics__meta_logreg_knn_lgbm_descriptor_fp_v4__cal_isotonic__thr_kappa.csv,confirmed_models,0,f1,0.7317073170731707
confirmed_models/results_full_coverage_descriptor_fp_meta_v4/summaries/external_metrics__meta_logreg_knn_lgbm_descriptor_fp_v4__cal_isotonic__thr_kappa.csv,confirmed_models__results_full_coverage_descriptor_fp_meta_v4__summaries__external_metrics__meta_logreg_knn_lgbm_descriptor_fp_v4__cal_isotonic__thr_kappa.csv,confirmed_models,0,kappa,0.4897529293017949
confirmed_models/results_full_coverage_descriptor_fp_meta_v4/summaries/external_metrics__meta_logreg_knn_lgbm_descriptor_fp_v4__cal_isotonic__thr_kappa.csv,confirmed_models__results_full_coverage_descriptor_fp_meta_v4__summaries__external_metrics__meta_logreg_knn_lgbm_descriptor_fp_v4__cal_isotonic__thr_kappa.csv,confirmed_models,0,auroc,0.8388377192982456
confirmed_models/results_full_coverage_descriptor_fp_meta_v4/summaries/external_metrics__meta_logreg_knn_lgbm_descriptor_fp_v4__cal_isotonic__thr_kappa.csv,confirmed_models__results_full_coverage_descriptor_fp_meta_v4__summaries__external_metrics__meta_logreg_knn_lgbm_descriptor_fp_v4__cal_isotonic__thr_kappa.csv,confirmed_models,0,specificity,0.7894736842105263
confirmed_models/results_full_coverage_descriptor_fp_meta_v4/summaries/external_metrics__meta_logreg_knn_lgbm_descriptor_fp_v4__cal_isotonic__thr_kappa.csv,confirmed_models__results_full_coverage_descriptor_fp_meta_v4__summaries__external_metrics__meta_logreg_knn_lgbm_descriptor_fp_v4__cal_isotonic__thr_kappa.csv,confirmed_models,0,sensitivity,0.7
confirmed_models/results_full_coverage_descriptor_fp_meta_v4/summaries/external_metrics__meta_logreg_knn_lgbm_descriptor_fp_v4__cal_isotonic__thr_kappa.csv,confirmed_models__results_full_coverage_descriptor_fp_meta_v4__summaries__external_metrics__meta_logreg_knn_lgbm_descriptor_fp_v4__cal_isotonic__thr_kappa.csv,confirmed_models,0,mcc,0.4915803510865819
confirmed_models/results_full_coverage_descriptor_fp_meta_v4/summaries/external_metrics__meta_logreg_knn_lgbm_descriptor_fp_v4__cal_isotonic__thr_kappa.csv,confirmed_models__results_full_coverage_descriptor_fp_meta_v4__summaries__external_metrics__meta_logreg_knn_lgbm_descriptor_fp_v4__cal_isotonic__thr_kappa.csv,confirmed_models,0,tp,105.0
confirmed_models/results_full_coverage_descriptor_fp_meta_v4/summaries/external_metrics__meta_logreg_knn_lgbm_descriptor_fp_v4__cal_isotonic__thr_kappa.csv,confirmed_models__results_full_coverage_descriptor_fp_meta_v4__summaries__external_metrics__meta_logreg_knn_lgbm_descriptor_fp_v4__cal_isotonic__thr_kappa.csv,confirmed_models,0,fp,32.0
confirmed_models/results_full_coverage_descriptor_fp_meta_v4/summaries/external_metrics__meta_logreg_knn_lgbm_descriptor_fp_v4__cal_isotonic__thr_kappa.csv,confirmed_models__results_full_coverage_descriptor_fp_meta_v4__summaries__external_metrics__meta_logreg_knn_lgbm_descriptor_fp_v4__cal_isotonic__thr_kappa.csv,confirmed_models,0,tn,120.0
confirmed_models/results_full_coverage_descriptor_fp_meta_v4/summaries/external_metrics__meta_logreg_knn_lgbm_descriptor_fp_v4__cal_isotonic__thr_kappa.csv,confirmed_models__results_full_coverage_descriptor_fp_meta_v4__summaries__external_metrics__meta_logreg_knn_lgbm_descriptor_fp_v4__cal_isotonic__thr_kappa.csv,confirmed_models,0,fn,45.0
confirmed_models/results_full_coverage_descriptor_fp_meta_v4/summaries/external_metrics__meta_logreg_knn_lgbm_descriptor_fp_v4__cal_none__thr_f1.csv,confirmed_models__results_full_coverage_descriptor_fp_meta_v4__summaries__external_metrics__meta_logreg_knn_lgbm_descriptor_fp_v4__cal_none__thr_f1.csv,confirmed_models,0,accuracy,0.7516556291390728
confirmed_models/results_full_coverage_descriptor_fp_meta_v4/summaries/external_metrics__meta_logreg_knn_lgbm_descriptor_fp_v4__cal_none__thr_f1.csv,confirmed_models__results_full_coverage_descriptor_fp_meta_v4__summaries__external_metrics__meta_logreg_knn_lgbm_descriptor_fp_v4__cal_none__thr_f1.csv,confirmed_models,0,precision,0.7218934911242604
confirmed_models/results_full_coverage_descriptor_fp_meta_v4/summaries/external_metrics__meta_logreg_knn_lgbm_descriptor_fp_v4__cal_none__thr_f1.csv,confirmed_models__results_full_coverage_descriptor_fp_meta_v4__summaries__external_metrics__meta_logreg_knn_lgbm_descriptor_fp_v4__cal_none__thr_f1.csv,confirmed_models,0,recall,0.8133333333333334
confirmed_models/results_full_coverage_descriptor_fp_meta_v4/summaries/external_metrics__meta_logreg_knn_lgbm_descriptor_fp_v4__cal_none__thr_f1.csv,confirmed_models__results_full_coverage_descriptor_fp_meta_v4__summaries__external_metrics__meta_logreg_knn_lgbm_descriptor_fp_v4__cal_none__thr_f1.csv,confirmed_models,0,f1,0.7648902821316614
confirmed_models/results_full_coverage_descriptor_fp_meta_v4/summaries/external_metrics__meta_logreg_knn_lgbm_descriptor_fp_v4__cal_none__thr_f1.csv,confirmed_models__results_full_coverage_descriptor_fp_meta_v4__summaries__external_metrics__meta_logreg_knn_lgbm_descriptor_fp_v4__cal_none__thr_f1.csv,confirmed_models,0,kappa,0.5037030544721504
confirmed_models/results_full_coverage_descriptor_fp_meta_v4/summaries/external_metrics__meta_logreg_knn_lgbm_descriptor_fp_v4__cal_none__thr_f1.csv,confirmed_models__results_full_coverage_descriptor_fp_meta_v4__summaries__external_metrics__meta_logreg_knn_lgbm_descriptor_fp_v4__cal_none__thr_f1.csv,confirmed_models,0,auroc,0.8446929824561402
confirmed_models/results_full_coverage_descriptor_fp_meta_v4/summaries/external_metrics__meta_logreg_knn_lgbm_descriptor_fp_v4__cal_none__thr_f1.csv,confirmed_models__results_full_coverage_descriptor_fp_meta_v4__summaries__external_metrics__meta_logreg_knn_lgbm_descriptor_fp_v4__cal_none__thr_f1.csv,confirmed_models,0,specificity,0.6907894736842105
confirmed_models/results_full_coverage_descriptor_fp_meta_v4/summaries/external_metrics__meta_logreg_knn_lgbm_descriptor_fp_v4__cal_none__thr_f1.csv,confirmed_models__results_full_coverage_descriptor_fp_meta_v4__summaries__external_metrics__meta_logreg_knn_lgbm_descriptor_fp_v4__cal_none__thr_f1.csv,confirmed_models,0,sensitivity,0.8133333333333334
confirmed_models/results_full_coverage_descriptor_fp_meta_v4/summaries/external_metrics__meta_logreg_knn_lgbm_descriptor_fp_v4__cal_none__thr_f1.csv,confirmed_models__results_full_coverage_descriptor_fp_meta_v4__summaries__external_metrics__meta_logreg_knn_lgbm_descriptor_fp_v4__cal_none__thr_f1.csv,confirmed_models,0,mcc,0.5077320709256066
confirmed_models/results_full_coverage_descriptor_fp_meta_v4/summaries/external_metrics__meta_logreg_knn_lgbm_descriptor_fp_v4__cal_none__thr_f1.csv,confirmed_models__results_full_coverage_descriptor_fp_meta_v4__summaries__external_metrics__meta_logreg_knn_lgbm_descriptor_fp_v4__cal_none__thr_f1.csv,confirmed_models,0,tp,122.0
confirmed_models/results_full_coverage_descriptor_fp_meta_v4/summaries/external_metrics__meta_logreg_knn_lgbm_descriptor_fp_v4__cal_none__thr_f1.csv,confirmed_models__results_full_coverage_descriptor_fp_meta_v4__summaries__external_metrics__meta_logreg_knn_lgbm_descriptor_fp_v4__cal_none__thr_f1.csv,confirmed_models,0,fp,47.0
confirmed_models/results_full_coverage_descriptor_fp_meta_v4/summaries/external_metrics__meta_logreg_knn_lgbm_descriptor_fp_v4__cal_none__thr_f1.csv,confirmed_models__results_full_coverage_descriptor_fp_meta_v4__summaries__external_metrics__meta_logreg_knn_lgbm_descriptor_fp_v4__cal_none__thr_f1.csv,confirmed_models,0,tn,105.0
confirmed_models/results_full_coverage_descriptor_fp_meta_v4/summaries/external_metrics__meta_logreg_knn_lgbm_descriptor_fp_v4__cal_none__thr_f1.csv,confirmed_models__results_full_coverage_descriptor_fp_meta_v4__summaries__external_metrics__meta_logreg_knn_lgbm_descriptor_fp_v4__cal_none__thr_f1.csv,confirmed_models,0,fn,28.0
confirmed_models/results_full_coverage_descriptor_fp_meta_v4/summaries/external_metrics__meta_logreg_knn_lgbm_descriptor_fp_v4__cal_none__thr_kappa.csv,confirmed_models__results_full_coverage_descriptor_fp_meta_v4__summaries__external_metrics__meta_logreg_knn_lgbm_descriptor_fp_v4__cal_none__thr_kappa.csv,confirmed_models,0,accuracy,0.7715231788079471
confirmed_models/results_full_coverage_descriptor_fp_meta_v4/summaries/external_metrics__meta_logreg_knn_lgbm_descriptor_fp_v4__cal_none__thr_kappa.csv,confirmed_models__results_full_coverage_descriptor_fp_meta_v4__summaries__external_metrics__meta_logreg_knn_lgbm_descriptor_fp_v4__cal_none__thr_kappa.csv,confirmed_models,0,precision,0.7547169811320755
confirmed_models/results_full_coverage_descriptor_fp_meta_v4/summaries/external_metrics__meta_logreg_knn_lgbm_descriptor_fp_v4__cal_none__thr_kappa.csv,confirmed_models__results_full_coverage_descriptor_fp_meta_v4__summaries__external_metrics__meta_logreg_knn_lgbm_descriptor_fp_v4__cal_none__thr_kappa.csv,confirmed_models,0,recall,0.8
confirmed_models/results_full_coverage_descriptor_fp_meta_v4/summaries/external_metrics__meta_logreg_knn_lgbm_descriptor_fp_v4__cal_none__thr_kappa.csv,confirmed_models__results_full_coverage_descriptor_fp_meta_v4__summaries__external_metrics__meta_logreg_knn_lgbm_descriptor_fp_v4__cal_none__thr_kappa.csv,confirmed_models,0,f1,0.7766990291262136
confirmed_models/results_full_coverage_descriptor_fp_meta_v4/summaries/external_metrics__meta_logreg_knn_lgbm_descriptor_fp_v4__cal_none__thr_kappa.csv,confirmed_models__results_full_coverage_descriptor_fp_meta_v4__summaries__external_metrics__meta_logreg_knn_lgbm_descriptor_fp_v4__cal_none__thr_kappa.csv,confirmed_models,0,kappa,0.5432066289622517
confirmed_models/results_full_coverage_descriptor_fp_meta_v4/summaries/external_metrics__meta_logreg_knn_lgbm_descriptor_fp_v4__cal_none__thr_kappa.csv,confirmed_models__results_full_coverage_descriptor_fp_meta_v4__summaries__external_metrics__meta_logreg_knn_lgbm_descriptor_fp_v4__cal_none__thr_kappa.csv,confirmed_models,0,auroc,0.8446929824561402
confirmed_models/results_full_coverage_descriptor_fp_meta_v4/summaries/external_metrics__meta_logreg_knn_lgbm_descriptor_fp_v4__cal_none__thr_kappa.csv,confirmed_models__results_full_coverage_descriptor_fp_meta_v4__summaries__external_metrics__meta_logreg_knn_lgbm_descriptor_fp_v4__cal_none__thr_kappa.csv,confirmed_models,0,specificity,0.743421052631579
confirmed_models/results_full_coverage_descriptor_fp_meta_v4/summaries/external_metrics__meta_logreg_knn_lgbm_descriptor_fp_v4__cal_none__thr_kappa.csv,confirmed_models__results_full_coverage_descriptor_fp_meta_v4__summaries__external_metrics__meta_logreg_knn_lgbm_descriptor_fp_v4__cal_none__thr_kappa.csv,confirmed_models,0,sensitivity,0.8
confirmed_models/results_full_coverage_descriptor_fp_meta_v4/summaries/external_metrics__meta_logreg_knn_lgbm_descriptor_fp_v4__cal_none__thr_kappa.csv,confirmed_models__results_full_coverage_descriptor_fp_meta_v4__summaries__external_metrics__meta_logreg_knn_lgbm_descriptor_fp_v4__cal_none__thr_kappa.csv,confirmed_models,0,mcc,0.5441733911996474
confirmed_models/results_full_coverage_descriptor_fp_meta_v4/summaries/external_metrics__meta_logreg_knn_lgbm_descriptor_fp_v4__cal_none__thr_kappa.csv,confirmed_models__results_full_coverage_descriptor_fp_meta_v4__summaries__external_metrics__meta_logreg_knn_lgbm_descriptor_fp_v4__cal_none__thr_kappa.csv,confirmed_models,0,tp,120.0
confirmed_models/results_full_coverage_descriptor_fp_meta_v4/summaries/external_metrics__meta_logreg_knn_lgbm_descriptor_fp_v4__cal_none__thr_kappa.csv,confirmed_models__results_full_coverage_descriptor_fp_meta_v4__summaries__external_metrics__meta_logreg_knn_lgbm_descriptor_fp_v4__cal_none__thr_kappa.csv,confirmed_models,0,fp,39.0
confirmed_models/results_full_coverage_descriptor_fp_meta_v4/summaries/external_metrics__meta_logreg_knn_lgbm_descriptor_fp_v4__cal_none__thr_kappa.csv,confirmed_models__results_full_coverage_descriptor_fp_meta_v4__summaries__external_metrics__meta_logreg_knn_lgbm_descriptor_fp_v4__cal_none__thr_kappa.csv,confirmed_models,0,tn,113.0
confirmed_models/results_full_coverage_descriptor_fp_meta_v4/summaries/external_metrics__meta_logreg_knn_lgbm_descriptor_fp_v4__cal_none__thr_kappa.csv,confirmed_models__results_full_coverage_descriptor_fp_meta_v4__summaries__external_metrics__meta_logreg_knn_lgbm_descriptor_fp_v4__cal_none__thr_kappa.csv,confirmed_models,0,fn,30.0
confirmed_models/results_full_coverage_descriptor_fp_meta_v4/summaries/external_metrics__meta_logreg_knn_lgbm_descriptor_fp_v4__cal_sigmoid__thr_f1.csv,confirmed_models__results_full_coverage_descriptor_fp_meta_v4__summaries__external_metrics__meta_logreg_knn_lgbm_descriptor_fp_v4__cal_sigmoid__thr_f1.csv,confirmed_models,0,accuracy,0.7483443708609272
confirmed_models/results_full_coverage_descriptor_fp_meta_v4/summaries/external_metrics__meta_logreg_knn_lgbm_descriptor_fp_v4__cal_sigmoid__thr_f1.csv,confirmed_models__results_full_coverage_descriptor_fp_meta_v4__summaries__external_metrics__meta_logreg_knn_lgbm_descriptor_fp_v4__cal_sigmoid__thr_f1.csv,confirmed_models,0,precision,0.7202380952380952
confirmed_models/results_full_coverage_descriptor_fp_meta_v4/summaries/external_metrics__meta_logreg_knn_lgbm_descriptor_fp_v4__cal_sigmoid__thr_f1.csv,confirmed_models__results_full_coverage_descriptor_fp_meta_v4__summaries__external_metrics__meta_logreg_knn_lgbm_descriptor_fp_v4__cal_sigmoid__thr_f1.csv,confirmed_models,0,recall,0.8066666666666666
confirmed_models/results_full_coverage_descriptor_fp_meta_v4/summaries/external_metrics__meta_logreg_knn_lgbm_descriptor_fp_v4__cal_sigmoid__thr_f1.csv,confirmed_models__results_full_coverage_descriptor_fp_meta_v4__summaries__external_metrics__meta_logreg_knn_lgbm_descriptor_fp_v4__cal_sigmoid__thr_f1.csv,confirmed_models,0,f1,0.7610062893081762
confirmed_models/results_full_coverage_descriptor_fp_meta_v4/summaries/external_metrics__meta_logreg_knn_lgbm_descriptor_fp_v4__cal_sigmoid__thr_f1.csv,confirmed_models__results_full_coverage_descriptor_fp_meta_v4__summaries__external_metrics__meta_logreg_knn_lgbm_descriptor_fp_v4__cal_sigmoid__thr_f1.csv,confirmed_models,0,kappa,0.4970637216232798
confirmed_models/results_full_coverage_descriptor_fp_meta_v4/summaries/external_metrics__meta_logreg_knn_lgbm_descriptor_fp_v4__cal_sigmoid__thr_f1.csv,confirmed_models__results_full_coverage_descriptor_fp_meta_v4__summaries__external_metrics__meta_logreg_knn_lgbm_descriptor_fp_v4__cal_sigmoid__thr_f1.csv,confirmed_models,0,auroc,0.8446929824561402
confirmed_models/results_full_coverage_descriptor_fp_meta_v4/summaries/external_metrics__meta_logreg_knn_lgbm_descriptor_fp_v4__cal_sigmoid__thr_f1.csv,confirmed_models__results_full_coverage_descriptor_fp_meta_v4__summaries__external_metrics__meta_logreg_knn_lgbm_descriptor_fp_v4__cal_sigmoid__thr_f1.csv,confirmed_models,0,specificity,0.6907894736842105
confirmed_models/results_full_coverage_descriptor_fp_meta_v4/summaries/external_metrics__meta_logreg_knn_lgbm_descriptor_fp_v4__cal_sigmoid__thr_f1.csv,confirmed_models__results_full_coverage_descriptor_fp_meta_v4__summaries__external_metrics__meta_logreg_knn_lgbm_descriptor_fp_v4__cal_sigmoid__thr_f1.csv,confirmed_models,0,sensitivity,0.8066666666666666
confirmed_models/results_full_coverage_descriptor_fp_meta_v4/summaries/external_metrics__meta_logreg_knn_lgbm_descriptor_fp_v4__cal_sigmoid__thr_f1.csv,confirmed_models__results_full_coverage_descriptor_fp_meta_v4__summaries__external_metrics__meta_logreg_knn_lgbm_descriptor_fp_v4__cal_sigmoid__thr_f1.csv,confirmed_models,0,mcc,0.500628050109725
confirmed_models/results_full_coverage_descriptor_fp_meta_v4/summaries/external_metrics__meta_logreg_knn_lgbm_descriptor_fp_v4__cal_sigmoid__thr_f1.csv,confirmed_models__results_full_coverage_descriptor_fp_meta_v4__summaries__external_metrics__meta_logreg_knn_lgbm_descriptor_fp_v4__cal_sigmoid__thr_f1.csv,confirmed_models,0,tp,121.0
confirmed_models/results_full_coverage_descriptor_fp_meta_v4/summaries/external_metrics__meta_logreg_knn_lgbm_descriptor_fp_v4__cal_sigmoid__thr_f1.csv,confirmed_models__results_full_coverage_descriptor_fp_meta_v4__summaries__external_metrics__meta_logreg_knn_lgbm_descriptor_fp_v4__cal_sigmoid__thr_f1.csv,confirmed_models,0,fp,47.0
confirmed_models/results_full_coverage_descriptor_fp_meta_v4/summaries/external_metrics__meta_logreg_knn_lgbm_descriptor_fp_v4__cal_sigmoid__thr_f1.csv,confirmed_models__results_full_coverage_descriptor_fp_meta_v4__summaries__external_metrics__meta_logreg_knn_lgbm_descriptor_fp_v4__cal_sigmoid__thr_f1.csv,confirmed_models,0,tn,105.0
confirmed_models/results_full_coverage_descriptor_fp_meta_v4/summaries/external_metrics__meta_logreg_knn_lgbm_descriptor_fp_v4__cal_sigmoid__thr_f1.csv,confirmed_models__results_full_coverage_descriptor_fp_meta_v4__summaries__external_metrics__meta_logreg_knn_lgbm_descriptor_fp_v4__cal_sigmoid__thr_f1.csv,confirmed_models,0,fn,29.0
confirmed_models/results_full_coverage_descriptor_fp_meta_v4/summaries/external_metrics__meta_logreg_knn_lgbm_descriptor_fp_v4__cal_sigmoid__thr_kappa.csv,confirmed_models__results_full_coverage_descriptor_fp_meta_v4__summaries__external_metrics__meta_logreg_knn_lgbm_descriptor_fp_v4__cal_sigmoid__thr_kappa.csv,confirmed_models,0,accuracy,0.7682119205298014
confirmed_models/results_full_coverage_descriptor_fp_meta_v4/summaries/external_metrics__meta_logreg_knn_lgbm_descriptor_fp_v4__cal_sigmoid__thr_kappa.csv,confirmed_models__results_full_coverage_descriptor_fp_meta_v4__summaries__external_metrics__meta_logreg_knn_lgbm_descriptor_fp_v4__cal_sigmoid__thr_kappa.csv,confirmed_models,0,precision,0.7702702702702703
confirmed_models/results_full_coverage_descriptor_fp_meta_v4/summaries/external_metrics__meta_logreg_knn_lgbm_descriptor_fp_v4__cal_sigmoid__thr_kappa.csv,confirmed_models__results_full_coverage_descriptor_fp_meta_v4__summaries__external_metrics__meta_logreg_knn_lgbm_descriptor_fp_v4__cal_sigmoid__thr_kappa.csv,confirmed_models,0,recall,0.76
confirmed_models/results_full_coverage_descriptor_fp_meta_v4/summaries/external_metrics__meta_logreg_knn_lgbm_descriptor_fp_v4__cal_sigmoid__thr_kappa.csv,confirmed_models__results_full_coverage_descriptor_fp_meta_v4__summaries__external_metrics__meta_logreg_knn_lgbm_descriptor_fp_v4__cal_sigmoid__thr_kappa.csv,confirmed_models,0,f1,0.7651006711409396
confirmed_models/results_full_coverage_descriptor_fp_meta_v4/summaries/external_metrics__meta_logreg_knn_lgbm_descriptor_fp_v4__cal_sigmoid__thr_kappa.csv,confirmed_models__results_full_coverage_descriptor_fp_meta_v4__summaries__external_metrics__meta_logreg_knn_lgbm_descriptor_fp_v4__cal_sigmoid__thr_kappa.csv,confirmed_models,0,kappa,0.5363628388455128
confirmed_models/results_full_coverage_descriptor_fp_meta_v4/summaries/external_metrics__meta_logreg_knn_lgbm_descriptor_fp_v4__cal_sigmoid__thr_kappa.csv,confirmed_models__results_full_coverage_descriptor_fp_meta_v4__summaries__external_metrics__meta_logreg_knn_lgbm_descriptor_fp_v4__cal_sigmoid__thr_kappa.csv,confirmed_models,0,auroc,0.8446929824561402
confirmed_models/results_full_coverage_descriptor_fp_meta_v4/summaries/external_metrics__meta_logreg_knn_lgbm_descriptor_fp_v4__cal_sigmoid__thr_kappa.csv,confirmed_models__results_full_coverage_descriptor_fp_meta_v4__summaries__external_metrics__meta_logreg_knn_lgbm_descriptor_fp_v4__cal_sigmoid__thr_kappa.csv,confirmed_models,0,specificity,0.7763157894736842
confirmed_models/results_full_coverage_descriptor_fp_meta_v4/summaries/external_metrics__meta_logreg_knn_lgbm_descriptor_fp_v4__cal_sigmoid__thr_kappa.csv,confirmed_models__results_full_coverage_descriptor_fp_meta_v4__summaries__external_metrics__meta_logreg_knn_lgbm_descriptor_fp_v4__cal_sigmoid__thr_kappa.csv,confirmed_models,0,sensitivity,0.76
confirmed_models/results_full_coverage_descriptor_fp_meta_v4/summaries/external_metrics__meta_logreg_knn_lgbm_descriptor_fp_v4__cal_sigmoid__thr_kappa.csv,confirmed_models__results_full_coverage_descriptor_fp_meta_v4__summaries__external_metrics__meta_logreg_knn_lgbm_descriptor_fp_v4__cal_sigmoid__thr_kappa.csv,confirmed_models,0,mcc,0.5364099047309628
confirmed_models/results_full_coverage_descriptor_fp_meta_v4/summaries/external_metrics__meta_logreg_knn_lgbm_descriptor_fp_v4__cal_sigmoid__thr_kappa.csv,confirmed_models__results_full_coverage_descriptor_fp_meta_v4__summaries__external_metrics__meta_logreg_knn_lgbm_descriptor_fp_v4__cal_sigmoid__thr_kappa.csv,confirmed_models,0,tp,114.0
confirmed_models/results_full_coverage_descriptor_fp_meta_v4/summaries/external_metrics__meta_logreg_knn_lgbm_descriptor_fp_v4__cal_sigmoid__thr_kappa.csv,confirmed_models__results_full_coverage_descriptor_fp_meta_v4__summaries__external_metrics__meta_logreg_knn_lgbm_descriptor_fp_v4__cal_sigmoid__thr_kappa.csv,confirmed_models,0,fp,34.0
confirmed_models/results_full_coverage_descriptor_fp_meta_v4/summaries/external_metrics__meta_logreg_knn_lgbm_descriptor_fp_v4__cal_sigmoid__thr_kappa.csv,confirmed_models__results_full_coverage_descriptor_fp_meta_v4__summaries__external_metrics__meta_logreg_knn_lgbm_descriptor_fp_v4__cal_sigmoid__thr_kappa.csv,confirmed_models,0,tn,118.0
confirmed_models/results_full_coverage_descriptor_fp_meta_v4/summaries/external_metrics__meta_logreg_knn_lgbm_descriptor_fp_v4__cal_sigmoid__thr_kappa.csv,confirmed_models__results_full_coverage_descriptor_fp_meta_v4__summaries__external_metrics__meta_logreg_knn_lgbm_descriptor_fp_v4__cal_sigmoid__thr_kappa.csv,confirmed_models,0,fn,36.0
confirmed_models/results_full_coverage_improvements/baseline/external_metrics.csv,confirmed_models__results_full_coverage_improvements__baseline__external_metrics.csv,confirmed_models,0,accuracy,0.7615894039735099
confirmed_models/results_full_coverage_improvements/baseline/external_metrics.csv,confirmed_models__results_full_coverage_improvements__baseline__external_metrics.csv,confirmed_models,0,precision,0.8305084745762712
confirmed_models/results_full_coverage_improvements/baseline/external_metrics.csv,confirmed_models__results_full_coverage_improvements__baseline__external_metrics.csv,confirmed_models,0,recall,0.6533333333333333
confirmed_models/results_full_coverage_improvements/baseline/external_metrics.csv,confirmed_models__results_full_coverage_improvements__baseline__external_metrics.csv,confirmed_models,0,f1,0.7313432835820896
confirmed_models/results_full_coverage_improvements/baseline/external_metrics.csv,confirmed_models__results_full_coverage_improvements__baseline__external_metrics.csv,confirmed_models,0,kappa,0.522487702037948
confirmed_models/results_full_coverage_improvements/baseline/external_metrics.csv,confirmed_models__results_full_coverage_improvements__baseline__external_metrics.csv,confirmed_models,0,auroc,0.8516008771929825
confirmed_models/results_full_coverage_improvements/baseline/external_metrics.csv,confirmed_models__results_full_coverage_improvements__baseline__external_metrics.csv,confirmed_models,0,specificity,0.868421052631579
confirmed_models/results_full_coverage_improvements/baseline/external_metrics.csv,confirmed_models__results_full_coverage_improvements__baseline__external_metrics.csv,confirmed_models,0,sensitivity,0.6533333333333333
confirmed_models/results_full_coverage_improvements/baseline/external_metrics.csv,confirmed_models__results_full_coverage_improvements__baseline__external_metrics.csv,confirmed_models,0,mcc,0.5346672916149384
confirmed_models/results_full_coverage_improvements/baseline/external_metrics.csv,confirmed_models__results_full_coverage_improvements__baseline__external_metrics.csv,confirmed_models,0,tp,98.0
confirmed_models/results_full_coverage_improvements/baseline/external_metrics.csv,confirmed_models__results_full_coverage_improvements__baseline__external_metrics.csv,confirmed_models,0,fp,20.0
confirmed_models/results_full_coverage_improvements/baseline/external_metrics.csv,confirmed_models__results_full_coverage_improvements__baseline__external_metrics.csv,confirmed_models,0,tn,132.0
confirmed_models/results_full_coverage_improvements/baseline/external_metrics.csv,confirmed_models__results_full_coverage_improvements__baseline__external_metrics.csv,confirmed_models,0,fn,52.0
confirmed_models/results_full_coverage_improvements/experiments/blend_hybrid_stacking/external_metrics__blend_hybrid_stacking__cal_isotonic__thr_f1.csv,confirmed_models__results_full_coverage_improvements__experiments__blend_hybrid_stacking__external_metrics__blend_hybrid_stacking__cal_isotonic__thr_f1.csv,confirmed_models,0,accuracy,0.7781456953642384
confirmed_models/results_full_coverage_improvements/experiments/blend_hybrid_stacking/external_metrics__blend_hybrid_stacking__cal_isotonic__thr_f1.csv,confirmed_models__results_full_coverage_improvements__experiments__blend_hybrid_stacking__external_metrics__blend_hybrid_stacking__cal_isotonic__thr_f1.csv,confirmed_models,0,precision,0.7677419354838709
confirmed_models/results_full_coverage_improvements/experiments/blend_hybrid_stacking/external_metrics__blend_hybrid_stacking__cal_isotonic__thr_f1.csv,confirmed_models__results_full_coverage_improvements__experiments__blend_hybrid_stacking__external_metrics__blend_hybrid_stacking__cal_isotonic__thr_f1.csv,confirmed_models,0,recall,0.7933333333333333
confirmed_models/results_full_coverage_improvements/experiments/blend_hybrid_stacking/external_metrics__blend_hybrid_stacking__cal_isotonic__thr_f1.csv,confirmed_models__results_full_coverage_improvements__experiments__blend_hybrid_stacking__external_metrics__blend_hybrid_stacking__cal_isotonic__thr_f1.csv,confirmed_models,0,f1,0.780327868852459
confirmed_models/results_full_coverage_improvements/experiments/blend_hybrid_stacking/external_metrics__blend_hybrid_stacking__cal_isotonic__thr_f1.csv,confirmed_models__results_full_coverage_improvements__experiments__blend_hybrid_stacking__external_metrics__blend_hybrid_stacking__cal_isotonic__thr_f1.csv,confirmed_models,0,kappa,0.556369217276913
confirmed_models/results_full_coverage_improvements/experiments/blend_hybrid_stacking/external_metrics__blend_hybrid_stacking__cal_isotonic__thr_f1.csv,confirmed_models__results_full_coverage_improvements__experiments__blend_hybrid_stacking__external_metrics__blend_hybrid_stacking__cal_isotonic__thr_f1.csv,confirmed_models,0,auroc,0.8500657894736843
confirmed_models/results_full_coverage_improvements/experiments/blend_hybrid_stacking/external_metrics__blend_hybrid_stacking__cal_isotonic__thr_f1.csv,confirmed_models__results_full_coverage_improvements__experiments__blend_hybrid_stacking__external_metrics__blend_hybrid_stacking__cal_isotonic__thr_f1.csv,confirmed_models,0,specificity,0.7631578947368421
confirmed_models/results_full_coverage_improvements/experiments/blend_hybrid_stacking/external_metrics__blend_hybrid_stacking__cal_isotonic__thr_f1.csv,confirmed_models__results_full_coverage_improvements__experiments__blend_hybrid_stacking__external_metrics__blend_hybrid_stacking__cal_isotonic__thr_f1.csv,confirmed_models,0,sensitivity,0.7933333333333333
confirmed_models/results_full_coverage_improvements/experiments/blend_hybrid_stacking/external_metrics__blend_hybrid_stacking__cal_isotonic__thr_f1.csv,confirmed_models__results_full_coverage_improvements__experiments__blend_hybrid_stacking__external_metrics__blend_hybrid_stacking__cal_isotonic__thr_f1.csv,confirmed_models,0,mcc,0.5566743747685913
confirmed_models/results_full_coverage_improvements/experiments/blend_hybrid_stacking/external_metrics__blend_hybrid_stacking__cal_isotonic__thr_f1.csv,confirmed_models__results_full_coverage_improvements__experiments__blend_hybrid_stacking__external_metrics__blend_hybrid_stacking__cal_isotonic__thr_f1.csv,confirmed_models,0,tp,119.0
confirmed_models/results_full_coverage_improvements/experiments/blend_hybrid_stacking/external_metrics__blend_hybrid_stacking__cal_isotonic__thr_f1.csv,confirmed_models__results_full_coverage_improvements__experiments__blend_hybrid_stacking__external_metrics__blend_hybrid_stacking__cal_isotonic__thr_f1.csv,confirmed_models,0,fp,36.0
confirmed_models/results_full_coverage_improvements/experiments/blend_hybrid_stacking/external_metrics__blend_hybrid_stacking__cal_isotonic__thr_f1.csv,confirmed_models__results_full_coverage_improvements__experiments__blend_hybrid_stacking__external_metrics__blend_hybrid_stacking__cal_isotonic__thr_f1.csv,confirmed_models,0,tn,116.0
confirmed_models/results_full_coverage_improvements/experiments/blend_hybrid_stacking/external_metrics__blend_hybrid_stacking__cal_isotonic__thr_f1.csv,confirmed_models__results_full_coverage_improvements__experiments__blend_hybrid_stacking__external_metrics__blend_hybrid_stacking__cal_isotonic__thr_f1.csv,confirmed_models,0,fn,31.0
confirmed_models/results_full_coverage_improvements/experiments/blend_hybrid_stacking/external_metrics__blend_hybrid_stacking__cal_isotonic__thr_kappa.csv,confirmed_models__results_full_coverage_improvements__experiments__blend_hybrid_stacking__external_metrics__blend_hybrid_stacking__cal_isotonic__thr_kappa.csv,confirmed_models,0,accuracy,0.7450331125827815
confirmed_models/results_full_coverage_improvements/experiments/blend_hybrid_stacking/external_metrics__blend_hybrid_stacking__cal_isotonic__thr_kappa.csv,confirmed_models__results_full_coverage_improvements__experiments__blend_hybrid_stacking__external_metrics__blend_hybrid_stacking__cal_isotonic__thr_kappa.csv,confirmed_models,0,precision,0.8543689320388349
confirmed_models/results_full_coverage_improvements/experiments/blend_hybrid_stacking/external_metrics__blend_hybrid_stacking__cal_isotonic__thr_kappa.csv,confirmed_models__results_full_coverage_improvements__experiments__blend_hybrid_stacking__external_metrics__blend_hybrid_stacking__cal_isotonic__thr_kappa.csv,confirmed_models,0,recall,0.5866666666666667
confirmed_models/results_full_coverage_improvements/experiments/blend_hybrid_stacking/external_metrics__blend_hybrid_stacking__cal_isotonic__thr_kappa.csv,confirmed_models__results_full_coverage_improvements__experiments__blend_hybrid_stacking__external_metrics__blend_hybrid_stacking__cal_isotonic__thr_kappa.csv,confirmed_models,0,f1,0.6956521739130435
confirmed_models/results_full_coverage_improvements/experiments/blend_hybrid_stacking/external_metrics__blend_hybrid_stacking__cal_isotonic__thr_kappa.csv,confirmed_models__results_full_coverage_improvements__experiments__blend_hybrid_stacking__external_metrics__blend_hybrid_stacking__cal_isotonic__thr_kappa.csv,confirmed_models,0,kappa,0.4889904627961148
confirmed_models/results_full_coverage_improvements/experiments/blend_hybrid_stacking/external_metrics__blend_hybrid_stacking__cal_isotonic__thr_kappa.csv,confirmed_models__results_full_coverage_improvements__experiments__blend_hybrid_stacking__external_metrics__blend_hybrid_stacking__cal_isotonic__thr_kappa.csv,confirmed_models,0,auroc,0.8500657894736843
confirmed_models/results_full_coverage_improvements/experiments/blend_hybrid_stacking/external_metrics__blend_hybrid_stacking__cal_isotonic__thr_kappa.csv,confirmed_models__results_full_coverage_improvements__experiments__blend_hybrid_stacking__external_metrics__blend_hybrid_stacking__cal_isotonic__thr_kappa.csv,confirmed_models,0,specificity,0.9013157894736842
confirmed_models/results_full_coverage_improvements/experiments/blend_hybrid_stacking/external_metrics__blend_hybrid_stacking__cal_isotonic__thr_kappa.csv,confirmed_models__results_full_coverage_improvements__experiments__blend_hybrid_stacking__external_metrics__blend_hybrid_stacking__cal_isotonic__thr_kappa.csv,confirmed_models,0,sensitivity,0.5866666666666667
confirmed_models/results_full_coverage_improvements/experiments/blend_hybrid_stacking/external_metrics__blend_hybrid_stacking__cal_isotonic__thr_kappa.csv,confirmed_models__results_full_coverage_improvements__experiments__blend_hybrid_stacking__external_metrics__blend_hybrid_stacking__cal_isotonic__thr_kappa.csv,confirmed_models,0,mcc,0.514667188411517
confirmed_models/results_full_coverage_improvements/experiments/blend_hybrid_stacking/external_metrics__blend_hybrid_stacking__cal_isotonic__thr_kappa.csv,confirmed_models__results_full_coverage_improvements__experiments__blend_hybrid_stacking__external_metrics__blend_hybrid_stacking__cal_isotonic__thr_kappa.csv,confirmed_models,0,tp,88.0
confirmed_models/results_full_coverage_improvements/experiments/blend_hybrid_stacking/external_metrics__blend_hybrid_stacking__cal_isotonic__thr_kappa.csv,confirmed_models__results_full_coverage_improvements__experiments__blend_hybrid_stacking__external_metrics__blend_hybrid_stacking__cal_isotonic__thr_kappa.csv,confirmed_models,0,fp,15.0
confirmed_models/results_full_coverage_improvements/experiments/blend_hybrid_stacking/external_metrics__blend_hybrid_stacking__cal_isotonic__thr_kappa.csv,confirmed_models__results_full_coverage_improvements__experiments__blend_hybrid_stacking__external_metrics__blend_hybrid_stacking__cal_isotonic__thr_kappa.csv,confirmed_models,0,tn,137.0
confirmed_models/results_full_coverage_improvements/experiments/blend_hybrid_stacking/external_metrics__blend_hybrid_stacking__cal_isotonic__thr_kappa.csv,confirmed_models__results_full_coverage_improvements__experiments__blend_hybrid_stacking__external_metrics__blend_hybrid_stacking__cal_isotonic__thr_kappa.csv,confirmed_models,0,fn,62.0
confirmed_models/results_full_coverage_improvements/experiments/blend_hybrid_stacking/external_metrics__blend_hybrid_stacking__cal_none__thr_f1.csv,confirmed_models__results_full_coverage_improvements__experiments__blend_hybrid_stacking__external_metrics__blend_hybrid_stacking__cal_none__thr_f1.csv,confirmed_models,0,accuracy,0.7781456953642384
confirmed_models/results_full_coverage_improvements/experiments/blend_hybrid_stacking/external_metrics__blend_hybrid_stacking__cal_none__thr_f1.csv,confirmed_models__results_full_coverage_improvements__experiments__blend_hybrid_stacking__external_metrics__blend_hybrid_stacking__cal_none__thr_f1.csv,confirmed_models,0,precision,0.7677419354838709
confirmed_models/results_full_coverage_improvements/experiments/blend_hybrid_stacking/external_metrics__blend_hybrid_stacking__cal_none__thr_f1.csv,confirmed_models__results_full_coverage_improvements__experiments__blend_hybrid_stacking__external_metrics__blend_hybrid_stacking__cal_none__thr_f1.csv,confirmed_models,0,recall,0.7933333333333333
confirmed_models/results_full_coverage_improvements/experiments/blend_hybrid_stacking/external_metrics__blend_hybrid_stacking__cal_none__thr_f1.csv,confirmed_models__results_full_coverage_improvements__experiments__blend_hybrid_stacking__external_metrics__blend_hybrid_stacking__cal_none__thr_f1.csv,confirmed_models,0,f1,0.780327868852459
confirmed_models/results_full_coverage_improvements/experiments/blend_hybrid_stacking/external_metrics__blend_hybrid_stacking__cal_none__thr_f1.csv,confirmed_models__results_full_coverage_improvements__experiments__blend_hybrid_stacking__external_metrics__blend_hybrid_stacking__cal_none__thr_f1.csv,confirmed_models,0,kappa,0.556369217276913
confirmed_models/results_full_coverage_improvements/experiments/blend_hybrid_stacking/external_metrics__blend_hybrid_stacking__cal_none__thr_f1.csv,confirmed_models__results_full_coverage_improvements__experiments__blend_hybrid_stacking__external_metrics__blend_hybrid_stacking__cal_none__thr_f1.csv,confirmed_models,0,auroc,0.851140350877193
confirmed_models/results_full_coverage_improvements/experiments/blend_hybrid_stacking/external_metrics__blend_hybrid_stacking__cal_none__thr_f1.csv,confirmed_models__results_full_coverage_improvements__experiments__blend_hybrid_stacking__external_metrics__blend_hybrid_stacking__cal_none__thr_f1.csv,confirmed_models,0,specificity,0.7631578947368421
confirmed_models/results_full_coverage_improvements/experiments/blend_hybrid_stacking/external_metrics__blend_hybrid_stacking__cal_none__thr_f1.csv,confirmed_models__results_full_coverage_improvements__experiments__blend_hybrid_stacking__external_metrics__blend_hybrid_stacking__cal_none__thr_f1.csv,confirmed_models,0,sensitivity,0.7933333333333333
confirmed_models/results_full_coverage_improvements/experiments/blend_hybrid_stacking/external_metrics__blend_hybrid_stacking__cal_none__thr_f1.csv,confirmed_models__results_full_coverage_improvements__experiments__blend_hybrid_stacking__external_metrics__blend_hybrid_stacking__cal_none__thr_f1.csv,confirmed_models,0,mcc,0.5566743747685913
confirmed_models/results_full_coverage_improvements/experiments/blend_hybrid_stacking/external_metrics__blend_hybrid_stacking__cal_none__thr_f1.csv,confirmed_models__results_full_coverage_improvements__experiments__blend_hybrid_stacking__external_metrics__blend_hybrid_stacking__cal_none__thr_f1.csv,confirmed_models,0,tp,119.0
confirmed_models/results_full_coverage_improvements/experiments/blend_hybrid_stacking/external_metrics__blend_hybrid_stacking__cal_none__thr_f1.csv,confirmed_models__results_full_coverage_improvements__experiments__blend_hybrid_stacking__external_metrics__blend_hybrid_stacking__cal_none__thr_f1.csv,confirmed_models,0,fp,36.0
confirmed_models/results_full_coverage_improvements/experiments/blend_hybrid_stacking/external_metrics__blend_hybrid_stacking__cal_none__thr_f1.csv,confirmed_models__results_full_coverage_improvements__experiments__blend_hybrid_stacking__external_metrics__blend_hybrid_stacking__cal_none__thr_f1.csv,confirmed_models,0,tn,116.0
confirmed_models/results_full_coverage_improvements/experiments/blend_hybrid_stacking/external_metrics__blend_hybrid_stacking__cal_none__thr_f1.csv,confirmed_models__results_full_coverage_improvements__experiments__blend_hybrid_stacking__external_metrics__blend_hybrid_stacking__cal_none__thr_f1.csv,confirmed_models,0,fn,31.0
confirmed_models/results_full_coverage_improvements/experiments/blend_hybrid_stacking/external_metrics__blend_hybrid_stacking__cal_none__thr_kappa.csv,confirmed_models__results_full_coverage_improvements__experiments__blend_hybrid_stacking__external_metrics__blend_hybrid_stacking__cal_none__thr_kappa.csv,confirmed_models,0,accuracy,0.7781456953642384
confirmed_models/results_full_coverage_improvements/experiments/blend_hybrid_stacking/external_metrics__blend_hybrid_stacking__cal_none__thr_kappa.csv,confirmed_models__results_full_coverage_improvements__experiments__blend_hybrid_stacking__external_metrics__blend_hybrid_stacking__cal_none__thr_kappa.csv,confirmed_models,0,precision,0.7677419354838709
confirmed_models/results_full_coverage_improvements/experiments/blend_hybrid_stacking/external_metrics__blend_hybrid_stacking__cal_none__thr_kappa.csv,confirmed_models__results_full_coverage_improvements__experiments__blend_hybrid_stacking__external_metrics__blend_hybrid_stacking__cal_none__thr_kappa.csv,confirmed_models,0,recall,0.7933333333333333
confirmed_models/results_full_coverage_improvements/experiments/blend_hybrid_stacking/external_metrics__blend_hybrid_stacking__cal_none__thr_kappa.csv,confirmed_models__results_full_coverage_improvements__experiments__blend_hybrid_stacking__external_metrics__blend_hybrid_stacking__cal_none__thr_kappa.csv,confirmed_models,0,f1,0.780327868852459
confirmed_models/results_full_coverage_improvements/experiments/blend_hybrid_stacking/external_metrics__blend_hybrid_stacking__cal_none__thr_kappa.csv,confirmed_models__results_full_coverage_improvements__experiments__blend_hybrid_stacking__external_metrics__blend_hybrid_stacking__cal_none__thr_kappa.csv,confirmed_models,0,kappa,0.556369217276913
confirmed_models/results_full_coverage_improvements/experiments/blend_hybrid_stacking/external_metrics__blend_hybrid_stacking__cal_none__thr_kappa.csv,confirmed_models__results_full_coverage_improvements__experiments__blend_hybrid_stacking__external_metrics__blend_hybrid_stacking__cal_none__thr_kappa.csv,confirmed_models,0,auroc,0.851140350877193
confirmed_models/results_full_coverage_improvements/experiments/blend_hybrid_stacking/external_metrics__blend_hybrid_stacking__cal_none__thr_kappa.csv,confirmed_models__results_full_coverage_improvements__experiments__blend_hybrid_stacking__external_metrics__blend_hybrid_stacking__cal_none__thr_kappa.csv,confirmed_models,0,specificity,0.7631578947368421
confirmed_models/results_full_coverage_improvements/experiments/blend_hybrid_stacking/external_metrics__blend_hybrid_stacking__cal_none__thr_kappa.csv,confirmed_models__results_full_coverage_improvements__experiments__blend_hybrid_stacking__external_metrics__blend_hybrid_stacking__cal_none__thr_kappa.csv,confirmed_models,0,sensitivity,0.7933333333333333
confirmed_models/results_full_coverage_improvements/experiments/blend_hybrid_stacking/external_metrics__blend_hybrid_stacking__cal_none__thr_kappa.csv,confirmed_models__results_full_coverage_improvements__experiments__blend_hybrid_stacking__external_metrics__blend_hybrid_stacking__cal_none__thr_kappa.csv,confirmed_models,0,mcc,0.5566743747685913
confirmed_models/results_full_coverage_improvements/experiments/blend_hybrid_stacking/external_metrics__blend_hybrid_stacking__cal_none__thr_kappa.csv,confirmed_models__results_full_coverage_improvements__experiments__blend_hybrid_stacking__external_metrics__blend_hybrid_stacking__cal_none__thr_kappa.csv,confirmed_models,0,tp,119.0
confirmed_models/results_full_coverage_improvements/experiments/blend_hybrid_stacking/external_metrics__blend_hybrid_stacking__cal_none__thr_kappa.csv,confirmed_models__results_full_coverage_improvements__experiments__blend_hybrid_stacking__external_metrics__blend_hybrid_stacking__cal_none__thr_kappa.csv,confirmed_models,0,fp,36.0
confirmed_models/results_full_coverage_improvements/experiments/blend_hybrid_stacking/external_metrics__blend_hybrid_stacking__cal_none__thr_kappa.csv,confirmed_models__results_full_coverage_improvements__experiments__blend_hybrid_stacking__external_metrics__blend_hybrid_stacking__cal_none__thr_kappa.csv,confirmed_models,0,tn,116.0
confirmed_models/results_full_coverage_improvements/experiments/blend_hybrid_stacking/external_metrics__blend_hybrid_stacking__cal_none__thr_kappa.csv,confirmed_models__results_full_coverage_improvements__experiments__blend_hybrid_stacking__external_metrics__blend_hybrid_stacking__cal_none__thr_kappa.csv,confirmed_models,0,fn,31.0
confirmed_models/results_full_coverage_improvements/experiments/blend_hybrid_stacking/external_metrics__blend_hybrid_stacking__cal_sigmoid__thr_f1.csv,confirmed_models__results_full_coverage_improvements__experiments__blend_hybrid_stacking__external_metrics__blend_hybrid_stacking__cal_sigmoid__thr_f1.csv,confirmed_models,0,accuracy,0.7781456953642384
confirmed_models/results_full_coverage_improvements/experiments/blend_hybrid_stacking/external_metrics__blend_hybrid_stacking__cal_sigmoid__thr_f1.csv,confirmed_models__results_full_coverage_improvements__experiments__blend_hybrid_stacking__external_metrics__blend_hybrid_stacking__cal_sigmoid__thr_f1.csv,confirmed_models,0,precision,0.7677419354838709
confirmed_models/results_full_coverage_improvements/experiments/blend_hybrid_stacking/external_metrics__blend_hybrid_stacking__cal_sigmoid__thr_f1.csv,confirmed_models__results_full_coverage_improvements__experiments__blend_hybrid_stacking__external_metrics__blend_hybrid_stacking__cal_sigmoid__thr_f1.csv,confirmed_models,0,recall,0.7933333333333333
confirmed_models/results_full_coverage_improvements/experiments/blend_hybrid_stacking/external_metrics__blend_hybrid_stacking__cal_sigmoid__thr_f1.csv,confirmed_models__results_full_coverage_improvements__experiments__blend_hybrid_stacking__external_metrics__blend_hybrid_stacking__cal_sigmoid__thr_f1.csv,confirmed_models,0,f1,0.780327868852459
confirmed_models/results_full_coverage_improvements/experiments/blend_hybrid_stacking/external_metrics__blend_hybrid_stacking__cal_sigmoid__thr_f1.csv,confirmed_models__results_full_coverage_improvements__experiments__blend_hybrid_stacking__external_metrics__blend_hybrid_stacking__cal_sigmoid__thr_f1.csv,confirmed_models,0,kappa,0.556369217276913
confirmed_models/results_full_coverage_improvements/experiments/blend_hybrid_stacking/external_metrics__blend_hybrid_stacking__cal_sigmoid__thr_f1.csv,confirmed_models__results_full_coverage_improvements__experiments__blend_hybrid_stacking__external_metrics__blend_hybrid_stacking__cal_sigmoid__thr_f1.csv,confirmed_models,0,auroc,0.851140350877193
confirmed_models/results_full_coverage_improvements/experiments/blend_hybrid_stacking/external_metrics__blend_hybrid_stacking__cal_sigmoid__thr_f1.csv,confirmed_models__results_full_coverage_improvements__experiments__blend_hybrid_stacking__external_metrics__blend_hybrid_stacking__cal_sigmoid__thr_f1.csv,confirmed_models,0,specificity,0.7631578947368421
confirmed_models/results_full_coverage_improvements/experiments/blend_hybrid_stacking/external_metrics__blend_hybrid_stacking__cal_sigmoid__thr_f1.csv,confirmed_models__results_full_coverage_improvements__experiments__blend_hybrid_stacking__external_metrics__blend_hybrid_stacking__cal_sigmoid__thr_f1.csv,confirmed_models,0,sensitivity,0.7933333333333333
confirmed_models/results_full_coverage_improvements/experiments/blend_hybrid_stacking/external_metrics__blend_hybrid_stacking__cal_sigmoid__thr_f1.csv,confirmed_models__results_full_coverage_improvements__experiments__blend_hybrid_stacking__external_metrics__blend_hybrid_stacking__cal_sigmoid__thr_f1.csv,confirmed_models,0,mcc,0.5566743747685913
confirmed_models/results_full_coverage_improvements/experiments/blend_hybrid_stacking/external_metrics__blend_hybrid_stacking__cal_sigmoid__thr_f1.csv,confirmed_models__results_full_coverage_improvements__experiments__blend_hybrid_stacking__external_metrics__blend_hybrid_stacking__cal_sigmoid__thr_f1.csv,confirmed_models,0,tp,119.0
confirmed_models/results_full_coverage_improvements/experiments/blend_hybrid_stacking/external_metrics__blend_hybrid_stacking__cal_sigmoid__thr_f1.csv,confirmed_models__results_full_coverage_improvements__experiments__blend_hybrid_stacking__external_metrics__blend_hybrid_stacking__cal_sigmoid__thr_f1.csv,confirmed_models,0,fp,36.0
confirmed_models/results_full_coverage_improvements/experiments/blend_hybrid_stacking/external_metrics__blend_hybrid_stacking__cal_sigmoid__thr_f1.csv,confirmed_models__results_full_coverage_improvements__experiments__blend_hybrid_stacking__external_metrics__blend_hybrid_stacking__cal_sigmoid__thr_f1.csv,confirmed_models,0,tn,116.0
confirmed_models/results_full_coverage_improvements/experiments/blend_hybrid_stacking/external_metrics__blend_hybrid_stacking__cal_sigmoid__thr_f1.csv,confirmed_models__results_full_coverage_improvements__experiments__blend_hybrid_stacking__external_metrics__blend_hybrid_stacking__cal_sigmoid__thr_f1.csv,confirmed_models,0,fn,31.0
confirmed_models/results_full_coverage_improvements/experiments/blend_hybrid_stacking/external_metrics__blend_hybrid_stacking__cal_sigmoid__thr_kappa.csv,confirmed_models__results_full_coverage_improvements__experiments__blend_hybrid_stacking__external_metrics__blend_hybrid_stacking__cal_sigmoid__thr_kappa.csv,confirmed_models,0,accuracy,0.7781456953642384
confirmed_models/results_full_coverage_improvements/experiments/blend_hybrid_stacking/external_metrics__blend_hybrid_stacking__cal_sigmoid__thr_kappa.csv,confirmed_models__results_full_coverage_improvements__experiments__blend_hybrid_stacking__external_metrics__blend_hybrid_stacking__cal_sigmoid__thr_kappa.csv,confirmed_models,0,precision,0.7677419354838709
confirmed_models/results_full_coverage_improvements/experiments/blend_hybrid_stacking/external_metrics__blend_hybrid_stacking__cal_sigmoid__thr_kappa.csv,confirmed_models__results_full_coverage_improvements__experiments__blend_hybrid_stacking__external_metrics__blend_hybrid_stacking__cal_sigmoid__thr_kappa.csv,confirmed_models,0,recall,0.7933333333333333
confirmed_models/results_full_coverage_improvements/experiments/blend_hybrid_stacking/external_metrics__blend_hybrid_stacking__cal_sigmoid__thr_kappa.csv,confirmed_models__results_full_coverage_improvements__experiments__blend_hybrid_stacking__external_metrics__blend_hybrid_stacking__cal_sigmoid__thr_kappa.csv,confirmed_models,0,f1,0.780327868852459
confirmed_models/results_full_coverage_improvements/experiments/blend_hybrid_stacking/external_metrics__blend_hybrid_stacking__cal_sigmoid__thr_kappa.csv,confirmed_models__results_full_coverage_improvements__experiments__blend_hybrid_stacking__external_metrics__blend_hybrid_stacking__cal_sigmoid__thr_kappa.csv,confirmed_models,0,kappa,0.556369217276913
confirmed_models/results_full_coverage_improvements/experiments/blend_hybrid_stacking/external_metrics__blend_hybrid_stacking__cal_sigmoid__thr_kappa.csv,confirmed_models__results_full_coverage_improvements__experiments__blend_hybrid_stacking__external_metrics__blend_hybrid_stacking__cal_sigmoid__thr_kappa.csv,confirmed_models,0,auroc,0.851140350877193
confirmed_models/results_full_coverage_improvements/experiments/blend_hybrid_stacking/external_metrics__blend_hybrid_stacking__cal_sigmoid__thr_kappa.csv,confirmed_models__results_full_coverage_improvements__experiments__blend_hybrid_stacking__external_metrics__blend_hybrid_stacking__cal_sigmoid__thr_kappa.csv,confirmed_models,0,specificity,0.7631578947368421
confirmed_models/results_full_coverage_improvements/experiments/blend_hybrid_stacking/external_metrics__blend_hybrid_stacking__cal_sigmoid__thr_kappa.csv,confirmed_models__results_full_coverage_improvements__experiments__blend_hybrid_stacking__external_metrics__blend_hybrid_stacking__cal_sigmoid__thr_kappa.csv,confirmed_models,0,sensitivity,0.7933333333333333
confirmed_models/results_full_coverage_improvements/experiments/blend_hybrid_stacking/external_metrics__blend_hybrid_stacking__cal_sigmoid__thr_kappa.csv,confirmed_models__results_full_coverage_improvements__experiments__blend_hybrid_stacking__external_metrics__blend_hybrid_stacking__cal_sigmoid__thr_kappa.csv,confirmed_models,0,mcc,0.5566743747685913
confirmed_models/results_full_coverage_improvements/experiments/blend_hybrid_stacking/external_metrics__blend_hybrid_stacking__cal_sigmoid__thr_kappa.csv,confirmed_models__results_full_coverage_improvements__experiments__blend_hybrid_stacking__external_metrics__blend_hybrid_stacking__cal_sigmoid__thr_kappa.csv,confirmed_models,0,tp,119.0
confirmed_models/results_full_coverage_improvements/experiments/blend_hybrid_stacking/external_metrics__blend_hybrid_stacking__cal_sigmoid__thr_kappa.csv,confirmed_models__results_full_coverage_improvements__experiments__blend_hybrid_stacking__external_metrics__blend_hybrid_stacking__cal_sigmoid__thr_kappa.csv,confirmed_models,0,fp,36.0
confirmed_models/results_full_coverage_improvements/experiments/blend_hybrid_stacking/external_metrics__blend_hybrid_stacking__cal_sigmoid__thr_kappa.csv,confirmed_models__results_full_coverage_improvements__experiments__blend_hybrid_stacking__external_metrics__blend_hybrid_stacking__cal_sigmoid__thr_kappa.csv,confirmed_models,0,tn,116.0
confirmed_models/results_full_coverage_improvements/experiments/blend_hybrid_stacking/external_metrics__blend_hybrid_stacking__cal_sigmoid__thr_kappa.csv,confirmed_models__results_full_coverage_improvements__experiments__blend_hybrid_stacking__external_metrics__blend_hybrid_stacking__cal_sigmoid__thr_kappa.csv,confirmed_models,0,fn,31.0
confirmed_models/results_full_coverage_improvements/experiments/blend_inverse_hybrid_logreg/external_metrics__blend_inverse_hybrid_logreg__cal_isotonic__thr_f1.csv,confirmed_models__results_full_coverage_improvements__experiments__blend_inverse_hybrid_logreg__external_metrics__blend_inverse_hybrid_logreg__cal_isotonic__thr_f1.csv,confirmed_models,0,accuracy,0.7715231788079471
confirmed_models/results_full_coverage_improvements/experiments/blend_inverse_hybrid_logreg/external_metrics__blend_inverse_hybrid_logreg__cal_isotonic__thr_f1.csv,confirmed_models__results_full_coverage_improvements__experiments__blend_inverse_hybrid_logreg__external_metrics__blend_inverse_hybrid_logreg__cal_isotonic__thr_f1.csv,confirmed_models,0,precision,0.8347107438016529
confirmed_models/results_full_coverage_improvements/experiments/blend_inverse_hybrid_logreg/external_metrics__blend_inverse_hybrid_logreg__cal_isotonic__thr_f1.csv,confirmed_models__results_full_coverage_improvements__experiments__blend_inverse_hybrid_logreg__external_metrics__blend_inverse_hybrid_logreg__cal_isotonic__thr_f1.csv,confirmed_models,0,recall,0.6733333333333333
confirmed_models/results_full_coverage_improvements/experiments/blend_inverse_hybrid_logreg/external_metrics__blend_inverse_hybrid_logreg__cal_isotonic__thr_f1.csv,confirmed_models__results_full_coverage_improvements__experiments__blend_inverse_hybrid_logreg__external_metrics__blend_inverse_hybrid_logreg__cal_isotonic__thr_f1.csv,confirmed_models,0,f1,0.7453874538745388
confirmed_models/results_full_coverage_improvements/experiments/blend_inverse_hybrid_logreg/external_metrics__blend_inverse_hybrid_logreg__cal_isotonic__thr_f1.csv,confirmed_models__results_full_coverage_improvements__experiments__blend_inverse_hybrid_logreg__external_metrics__blend_inverse_hybrid_logreg__cal_isotonic__thr_f1.csv,confirmed_models,0,kappa,0.5424443370954284
confirmed_models/results_full_coverage_improvements/experiments/blend_inverse_hybrid_logreg/external_metrics__blend_inverse_hybrid_logreg__cal_isotonic__thr_f1.csv,confirmed_models__results_full_coverage_improvements__experiments__blend_inverse_hybrid_logreg__external_metrics__blend_inverse_hybrid_logreg__cal_isotonic__thr_f1.csv,confirmed_models,0,auroc,0.8528947368421052
confirmed_models/results_full_coverage_improvements/experiments/blend_inverse_hybrid_logreg/external_metrics__blend_inverse_hybrid_logreg__cal_isotonic__thr_f1.csv,confirmed_models__results_full_coverage_improvements__experiments__blend_inverse_hybrid_logreg__external_metrics__blend_inverse_hybrid_logreg__cal_isotonic__thr_f1.csv,confirmed_models,0,specificity,0.868421052631579
confirmed_models/results_full_coverage_improvements/experiments/blend_inverse_hybrid_logreg/external_metrics__blend_inverse_hybrid_logreg__cal_isotonic__thr_f1.csv,confirmed_models__results_full_coverage_improvements__experiments__blend_inverse_hybrid_logreg__external_metrics__blend_inverse_hybrid_logreg__cal_isotonic__thr_f1.csv,confirmed_models,0,sensitivity,0.6733333333333333
confirmed_models/results_full_coverage_improvements/experiments/blend_inverse_hybrid_logreg/external_metrics__blend_inverse_hybrid_logreg__cal_isotonic__thr_f1.csv,confirmed_models__results_full_coverage_improvements__experiments__blend_inverse_hybrid_logreg__external_metrics__blend_inverse_hybrid_logreg__cal_isotonic__thr_f1.csv,confirmed_models,0,mcc,0.5527616275538382
confirmed_models/results_full_coverage_improvements/experiments/blend_inverse_hybrid_logreg/external_metrics__blend_inverse_hybrid_logreg__cal_isotonic__thr_f1.csv,confirmed_models__results_full_coverage_improvements__experiments__blend_inverse_hybrid_logreg__external_metrics__blend_inverse_hybrid_logreg__cal_isotonic__thr_f1.csv,confirmed_models,0,tp,101.0
confirmed_models/results_full_coverage_improvements/experiments/blend_inverse_hybrid_logreg/external_metrics__blend_inverse_hybrid_logreg__cal_isotonic__thr_f1.csv,confirmed_models__results_full_coverage_improvements__experiments__blend_inverse_hybrid_logreg__external_metrics__blend_inverse_hybrid_logreg__cal_isotonic__thr_f1.csv,confirmed_models,0,fp,20.0
confirmed_models/results_full_coverage_improvements/experiments/blend_inverse_hybrid_logreg/external_metrics__blend_inverse_hybrid_logreg__cal_isotonic__thr_f1.csv,confirmed_models__results_full_coverage_improvements__experiments__blend_inverse_hybrid_logreg__external_metrics__blend_inverse_hybrid_logreg__cal_isotonic__thr_f1.csv,confirmed_models,0,tn,132.0
confirmed_models/results_full_coverage_improvements/experiments/blend_inverse_hybrid_logreg/external_metrics__blend_inverse_hybrid_logreg__cal_isotonic__thr_f1.csv,confirmed_models__results_full_coverage_improvements__experiments__blend_inverse_hybrid_logreg__external_metrics__blend_inverse_hybrid_logreg__cal_isotonic__thr_f1.csv,confirmed_models,0,fn,49.0
confirmed_models/results_full_coverage_improvements/experiments/blend_inverse_hybrid_logreg/external_metrics__blend_inverse_hybrid_logreg__cal_isotonic__thr_kappa.csv,confirmed_models__results_full_coverage_improvements__experiments__blend_inverse_hybrid_logreg__external_metrics__blend_inverse_hybrid_logreg__cal_isotonic__thr_kappa.csv,confirmed_models,0,accuracy,0.7715231788079471
confirmed_models/results_full_coverage_improvements/experiments/blend_inverse_hybrid_logreg/external_metrics__blend_inverse_hybrid_logreg__cal_isotonic__thr_kappa.csv,confirmed_models__results_full_coverage_improvements__experiments__blend_inverse_hybrid_logreg__external_metrics__blend_inverse_hybrid_logreg__cal_isotonic__thr_kappa.csv,confirmed_models,0,precision,0.8347107438016529
confirmed_models/results_full_coverage_improvements/experiments/blend_inverse_hybrid_logreg/external_metrics__blend_inverse_hybrid_logreg__cal_isotonic__thr_kappa.csv,confirmed_models__results_full_coverage_improvements__experiments__blend_inverse_hybrid_logreg__external_metrics__blend_inverse_hybrid_logreg__cal_isotonic__thr_kappa.csv,confirmed_models,0,recall,0.6733333333333333
confirmed_models/results_full_coverage_improvements/experiments/blend_inverse_hybrid_logreg/external_metrics__blend_inverse_hybrid_logreg__cal_isotonic__thr_kappa.csv,confirmed_models__results_full_coverage_improvements__experiments__blend_inverse_hybrid_logreg__external_metrics__blend_inverse_hybrid_logreg__cal_isotonic__thr_kappa.csv,confirmed_models,0,f1,0.7453874538745388
confirmed_models/results_full_coverage_improvements/experiments/blend_inverse_hybrid_logreg/external_metrics__blend_inverse_hybrid_logreg__cal_isotonic__thr_kappa.csv,confirmed_models__results_full_coverage_improvements__experiments__blend_inverse_hybrid_logreg__external_metrics__blend_inverse_hybrid_logreg__cal_isotonic__thr_kappa.csv,confirmed_models,0,kappa,0.5424443370954284
confirmed_models/results_full_coverage_improvements/experiments/blend_inverse_hybrid_logreg/external_metrics__blend_inverse_hybrid_logreg__cal_isotonic__thr_kappa.csv,confirmed_models__results_full_coverage_improvements__experiments__blend_inverse_hybrid_logreg__external_metrics__blend_inverse_hybrid_logreg__cal_isotonic__thr_kappa.csv,confirmed_models,0,auroc,0.8528947368421052
confirmed_models/results_full_coverage_improvements/experiments/blend_inverse_hybrid_logreg/external_metrics__blend_inverse_hybrid_logreg__cal_isotonic__thr_kappa.csv,confirmed_models__results_full_coverage_improvements__experiments__blend_inverse_hybrid_logreg__external_metrics__blend_inverse_hybrid_logreg__cal_isotonic__thr_kappa.csv,confirmed_models,0,specificity,0.868421052631579
confirmed_models/results_full_coverage_improvements/experiments/blend_inverse_hybrid_logreg/external_metrics__blend_inverse_hybrid_logreg__cal_isotonic__thr_kappa.csv,confirmed_models__results_full_coverage_improvements__experiments__blend_inverse_hybrid_logreg__external_metrics__blend_inverse_hybrid_logreg__cal_isotonic__thr_kappa.csv,confirmed_models,0,sensitivity,0.6733333333333333
confirmed_models/results_full_coverage_improvements/experiments/blend_inverse_hybrid_logreg/external_metrics__blend_inverse_hybrid_logreg__cal_isotonic__thr_kappa.csv,confirmed_models__results_full_coverage_improvements__experiments__blend_inverse_hybrid_logreg__external_metrics__blend_inverse_hybrid_logreg__cal_isotonic__thr_kappa.csv,confirmed_models,0,mcc,0.5527616275538382
confirmed_models/results_full_coverage_improvements/experiments/blend_inverse_hybrid_logreg/external_metrics__blend_inverse_hybrid_logreg__cal_isotonic__thr_kappa.csv,confirmed_models__results_full_coverage_improvements__experiments__blend_inverse_hybrid_logreg__external_metrics__blend_inverse_hybrid_logreg__cal_isotonic__thr_kappa.csv,confirmed_models,0,tp,101.0
confirmed_models/results_full_coverage_improvements/experiments/blend_inverse_hybrid_logreg/external_metrics__blend_inverse_hybrid_logreg__cal_isotonic__thr_kappa.csv,confirmed_models__results_full_coverage_improvements__experiments__blend_inverse_hybrid_logreg__external_metrics__blend_inverse_hybrid_logreg__cal_isotonic__thr_kappa.csv,confirmed_models,0,fp,20.0
confirmed_models/results_full_coverage_improvements/experiments/blend_inverse_hybrid_logreg/external_metrics__blend_inverse_hybrid_logreg__cal_isotonic__thr_kappa.csv,confirmed_models__results_full_coverage_improvements__experiments__blend_inverse_hybrid_logreg__external_metrics__blend_inverse_hybrid_logreg__cal_isotonic__thr_kappa.csv,confirmed_models,0,tn,132.0
confirmed_models/results_full_coverage_improvements/experiments/blend_inverse_hybrid_logreg/external_metrics__blend_inverse_hybrid_logreg__cal_isotonic__thr_kappa.csv,confirmed_models__results_full_coverage_improvements__experiments__blend_inverse_hybrid_logreg__external_metrics__blend_inverse_hybrid_logreg__cal_isotonic__thr_kappa.csv,confirmed_models,0,fn,49.0
confirmed_models/results_full_coverage_improvements/experiments/blend_inverse_hybrid_logreg/external_metrics__blend_inverse_hybrid_logreg__cal_none__thr_f1.csv,confirmed_models__results_full_coverage_improvements__experiments__blend_inverse_hybrid_logreg__external_metrics__blend_inverse_hybrid_logreg__cal_none__thr_f1.csv,confirmed_models,0,accuracy,0.7781456953642384
confirmed_models/results_full_coverage_improvements/experiments/blend_inverse_hybrid_logreg/external_metrics__blend_inverse_hybrid_logreg__cal_none__thr_f1.csv,confirmed_models__results_full_coverage_improvements__experiments__blend_inverse_hybrid_logreg__external_metrics__blend_inverse_hybrid_logreg__cal_none__thr_f1.csv,confirmed_models,0,precision,0.7985611510791367
confirmed_models/results_full_coverage_improvements/experiments/blend_inverse_hybrid_logreg/external_metrics__blend_inverse_hybrid_logreg__cal_none__thr_f1.csv,confirmed_models__results_full_coverage_improvements__experiments__blend_inverse_hybrid_logreg__external_metrics__blend_inverse_hybrid_logreg__cal_none__thr_f1.csv,confirmed_models,0,recall,0.74
confirmed_models/results_full_coverage_improvements/experiments/blend_inverse_hybrid_logreg/external_metrics__blend_inverse_hybrid_logreg__cal_none__thr_f1.csv,confirmed_models__results_full_coverage_improvements__experiments__blend_inverse_hybrid_logreg__external_metrics__blend_inverse_hybrid_logreg__cal_none__thr_f1.csv,confirmed_models,0,f1,0.7681660899653979
confirmed_models/results_full_coverage_improvements/experiments/blend_inverse_hybrid_logreg/external_metrics__blend_inverse_hybrid_logreg__cal_none__thr_f1.csv,confirmed_models__results_full_coverage_improvements__experiments__blend_inverse_hybrid_logreg__external_metrics__blend_inverse_hybrid_logreg__cal_none__thr_f1.csv,confirmed_models,0,kappa,0.5560577471587169
confirmed_models/results_full_coverage_improvements/experiments/blend_inverse_hybrid_logreg/external_metrics__blend_inverse_hybrid_logreg__cal_none__thr_f1.csv,confirmed_models__results_full_coverage_improvements__experiments__blend_inverse_hybrid_logreg__external_metrics__blend_inverse_hybrid_logreg__cal_none__thr_f1.csv,confirmed_models,0,auroc,0.8588157894736843
confirmed_models/results_full_coverage_improvements/experiments/blend_inverse_hybrid_logreg/external_metrics__blend_inverse_hybrid_logreg__cal_none__thr_f1.csv,confirmed_models__results_full_coverage_improvements__experiments__blend_inverse_hybrid_logreg__external_metrics__blend_inverse_hybrid_logreg__cal_none__thr_f1.csv,confirmed_models,0,specificity,0.8157894736842105
confirmed_models/results_full_coverage_improvements/experiments/blend_inverse_hybrid_logreg/external_metrics__blend_inverse_hybrid_logreg__cal_none__thr_f1.csv,confirmed_models__results_full_coverage_improvements__experiments__blend_inverse_hybrid_logreg__external_metrics__blend_inverse_hybrid_logreg__cal_none__thr_f1.csv,confirmed_models,0,sensitivity,0.74
confirmed_models/results_full_coverage_improvements/experiments/blend_inverse_hybrid_logreg/external_metrics__blend_inverse_hybrid_logreg__cal_none__thr_f1.csv,confirmed_models__results_full_coverage_improvements__experiments__blend_inverse_hybrid_logreg__external_metrics__blend_inverse_hybrid_logreg__cal_none__thr_f1.csv,confirmed_models,0,mcc,0.5575406517406561
confirmed_models/results_full_coverage_improvements/experiments/blend_inverse_hybrid_logreg/external_metrics__blend_inverse_hybrid_logreg__cal_none__thr_f1.csv,confirmed_models__results_full_coverage_improvements__experiments__blend_inverse_hybrid_logreg__external_metrics__blend_inverse_hybrid_logreg__cal_none__thr_f1.csv,confirmed_models,0,tp,111.0
confirmed_models/results_full_coverage_improvements/experiments/blend_inverse_hybrid_logreg/external_metrics__blend_inverse_hybrid_logreg__cal_none__thr_f1.csv,confirmed_models__results_full_coverage_improvements__experiments__blend_inverse_hybrid_logreg__external_metrics__blend_inverse_hybrid_logreg__cal_none__thr_f1.csv,confirmed_models,0,fp,28.0
confirmed_models/results_full_coverage_improvements/experiments/blend_inverse_hybrid_logreg/external_metrics__blend_inverse_hybrid_logreg__cal_none__thr_f1.csv,confirmed_models__results_full_coverage_improvements__experiments__blend_inverse_hybrid_logreg__external_metrics__blend_inverse_hybrid_logreg__cal_none__thr_f1.csv,confirmed_models,0,tn,124.0
confirmed_models/results_full_coverage_improvements/experiments/blend_inverse_hybrid_logreg/external_metrics__blend_inverse_hybrid_logreg__cal_none__thr_f1.csv,confirmed_models__results_full_coverage_improvements__experiments__blend_inverse_hybrid_logreg__external_metrics__blend_inverse_hybrid_logreg__cal_none__thr_f1.csv,confirmed_models,0,fn,39.0
confirmed_models/results_full_coverage_improvements/experiments/blend_inverse_hybrid_logreg/external_metrics__blend_inverse_hybrid_logreg__cal_none__thr_kappa.csv,confirmed_models__results_full_coverage_improvements__experiments__blend_inverse_hybrid_logreg__external_metrics__blend_inverse_hybrid_logreg__cal_none__thr_kappa.csv,confirmed_models,0,accuracy,0.7781456953642384
confirmed_models/results_full_coverage_improvements/experiments/blend_inverse_hybrid_logreg/external_metrics__blend_inverse_hybrid_logreg__cal_none__thr_kappa.csv,confirmed_models__results_full_coverage_improvements__experiments__blend_inverse_hybrid_logreg__external_metrics__blend_inverse_hybrid_logreg__cal_none__thr_kappa.csv,confirmed_models,0,precision,0.7985611510791367
confirmed_models/results_full_coverage_improvements/experiments/blend_inverse_hybrid_logreg/external_metrics__blend_inverse_hybrid_logreg__cal_none__thr_kappa.csv,confirmed_models__results_full_coverage_improvements__experiments__blend_inverse_hybrid_logreg__external_metrics__blend_inverse_hybrid_logreg__cal_none__thr_kappa.csv,confirmed_models,0,recall,0.74
confirmed_models/results_full_coverage_improvements/experiments/blend_inverse_hybrid_logreg/external_metrics__blend_inverse_hybrid_logreg__cal_none__thr_kappa.csv,confirmed_models__results_full_coverage_improvements__experiments__blend_inverse_hybrid_logreg__external_metrics__blend_inverse_hybrid_logreg__cal_none__thr_kappa.csv,confirmed_models,0,f1,0.7681660899653979
confirmed_models/results_full_coverage_improvements/experiments/blend_inverse_hybrid_logreg/external_metrics__blend_inverse_hybrid_logreg__cal_none__thr_kappa.csv,confirmed_models__results_full_coverage_improvements__experiments__blend_inverse_hybrid_logreg__external_metrics__blend_inverse_hybrid_logreg__cal_none__thr_kappa.csv,confirmed_models,0,kappa,0.5560577471587169
confirmed_models/results_full_coverage_improvements/experiments/blend_inverse_hybrid_logreg/external_metrics__blend_inverse_hybrid_logreg__cal_none__thr_kappa.csv,confirmed_models__results_full_coverage_improvements__experiments__blend_inverse_hybrid_logreg__external_metrics__blend_inverse_hybrid_logreg__cal_none__thr_kappa.csv,confirmed_models,0,auroc,0.8588157894736843
confirmed_models/results_full_coverage_improvements/experiments/blend_inverse_hybrid_logreg/external_metrics__blend_inverse_hybrid_logreg__cal_none__thr_kappa.csv,confirmed_models__results_full_coverage_improvements__experiments__blend_inverse_hybrid_logreg__external_metrics__blend_inverse_hybrid_logreg__cal_none__thr_kappa.csv,confirmed_models,0,specificity,0.8157894736842105
confirmed_models/results_full_coverage_improvements/experiments/blend_inverse_hybrid_logreg/external_metrics__blend_inverse_hybrid_logreg__cal_none__thr_kappa.csv,confirmed_models__results_full_coverage_improvements__experiments__blend_inverse_hybrid_logreg__external_metrics__blend_inverse_hybrid_logreg__cal_none__thr_kappa.csv,confirmed_models,0,sensitivity,0.74
confirmed_models/results_full_coverage_improvements/experiments/blend_inverse_hybrid_logreg/external_metrics__blend_inverse_hybrid_logreg__cal_none__thr_kappa.csv,confirmed_models__results_full_coverage_improvements__experiments__blend_inverse_hybrid_logreg__external_metrics__blend_inverse_hybrid_logreg__cal_none__thr_kappa.csv,confirmed_models,0,mcc,0.5575406517406561
confirmed_models/results_full_coverage_improvements/experiments/blend_inverse_hybrid_logreg/external_metrics__blend_inverse_hybrid_logreg__cal_none__thr_kappa.csv,confirmed_models__results_full_coverage_improvements__experiments__blend_inverse_hybrid_logreg__external_metrics__blend_inverse_hybrid_logreg__cal_none__thr_kappa.csv,confirmed_models,0,tp,111.0
confirmed_models/results_full_coverage_improvements/experiments/blend_inverse_hybrid_logreg/external_metrics__blend_inverse_hybrid_logreg__cal_none__thr_kappa.csv,confirmed_models__results_full_coverage_improvements__experiments__blend_inverse_hybrid_logreg__external_metrics__blend_inverse_hybrid_logreg__cal_none__thr_kappa.csv,confirmed_models,0,fp,28.0
confirmed_models/results_full_coverage_improvements/experiments/blend_inverse_hybrid_logreg/external_metrics__blend_inverse_hybrid_logreg__cal_none__thr_kappa.csv,confirmed_models__results_full_coverage_improvements__experiments__blend_inverse_hybrid_logreg__external_metrics__blend_inverse_hybrid_logreg__cal_none__thr_kappa.csv,confirmed_models,0,tn,124.0
confirmed_models/results_full_coverage_improvements/experiments/blend_inverse_hybrid_logreg/external_metrics__blend_inverse_hybrid_logreg__cal_none__thr_kappa.csv,confirmed_models__results_full_coverage_improvements__experiments__blend_inverse_hybrid_logreg__external_metrics__blend_inverse_hybrid_logreg__cal_none__thr_kappa.csv,confirmed_models,0,fn,39.0
confirmed_models/results_full_coverage_improvements/experiments/blend_inverse_hybrid_logreg/external_metrics__blend_inverse_hybrid_logreg__cal_sigmoid__thr_f1.csv,confirmed_models__results_full_coverage_improvements__experiments__blend_inverse_hybrid_logreg__external_metrics__blend_inverse_hybrid_logreg__cal_sigmoid__thr_f1.csv,confirmed_models,0,accuracy,0.7682119205298014
confirmed_models/results_full_coverage_improvements/experiments/blend_inverse_hybrid_logreg/external_metrics__blend_inverse_hybrid_logreg__cal_sigmoid__thr_f1.csv,confirmed_models__results_full_coverage_improvements__experiments__blend_inverse_hybrid_logreg__external_metrics__blend_inverse_hybrid_logreg__cal_sigmoid__thr_f1.csv,confirmed_models,0,precision,0.7985074626865671
confirmed_models/results_full_coverage_improvements/experiments/blend_inverse_hybrid_logreg/external_metrics__blend_inverse_hybrid_logreg__cal_sigmoid__thr_f1.csv,confirmed_models__results_full_coverage_improvements__experiments__blend_inverse_hybrid_logreg__external_metrics__blend_inverse_hybrid_logreg__cal_sigmoid__thr_f1.csv,confirmed_models,0,recall,0.7133333333333334
confirmed_models/results_full_coverage_improvements/experiments/blend_inverse_hybrid_logreg/external_metrics__blend_inverse_hybrid_logreg__cal_sigmoid__thr_f1.csv,confirmed_models__results_full_coverage_improvements__experiments__blend_inverse_hybrid_logreg__external_metrics__blend_inverse_hybrid_logreg__cal_sigmoid__thr_f1.csv,confirmed_models,0,f1,0.7535211267605634
confirmed_models/results_full_coverage_improvements/experiments/blend_inverse_hybrid_logreg/external_metrics__blend_inverse_hybrid_logreg__cal_sigmoid__thr_f1.csv,confirmed_models__results_full_coverage_improvements__experiments__blend_inverse_hybrid_logreg__external_metrics__blend_inverse_hybrid_logreg__cal_sigmoid__thr_f1.csv,confirmed_models,0,kappa,0.5360779494382022
confirmed_models/results_full_coverage_improvements/experiments/blend_inverse_hybrid_logreg/external_metrics__blend_inverse_hybrid_logreg__cal_sigmoid__thr_f1.csv,confirmed_models__results_full_coverage_improvements__experiments__blend_inverse_hybrid_logreg__external_metrics__blend_inverse_hybrid_logreg__cal_sigmoid__thr_f1.csv,confirmed_models,0,auroc,0.8588157894736843
confirmed_models/results_full_coverage_improvements/experiments/blend_inverse_hybrid_logreg/external_metrics__blend_inverse_hybrid_logreg__cal_sigmoid__thr_f1.csv,confirmed_models__results_full_coverage_improvements__experiments__blend_inverse_hybrid_logreg__external_metrics__blend_inverse_hybrid_logreg__cal_sigmoid__thr_f1.csv,confirmed_models,0,specificity,0.8223684210526315
confirmed_models/results_full_coverage_improvements/experiments/blend_inverse_hybrid_logreg/external_metrics__blend_inverse_hybrid_logreg__cal_sigmoid__thr_f1.csv,confirmed_models__results_full_coverage_improvements__experiments__blend_inverse_hybrid_logreg__external_metrics__blend_inverse_hybrid_logreg__cal_sigmoid__thr_f1.csv,confirmed_models,0,sensitivity,0.7133333333333334
confirmed_models/results_full_coverage_improvements/experiments/blend_inverse_hybrid_logreg/external_metrics__blend_inverse_hybrid_logreg__cal_sigmoid__thr_f1.csv,confirmed_models__results_full_coverage_improvements__experiments__blend_inverse_hybrid_logreg__external_metrics__blend_inverse_hybrid_logreg__cal_sigmoid__thr_f1.csv,confirmed_models,0,mcc,0.5391175281290937
confirmed_models/results_full_coverage_improvements/experiments/blend_inverse_hybrid_logreg/external_metrics__blend_inverse_hybrid_logreg__cal_sigmoid__thr_f1.csv,confirmed_models__results_full_coverage_improvements__experiments__blend_inverse_hybrid_logreg__external_metrics__blend_inverse_hybrid_logreg__cal_sigmoid__thr_f1.csv,confirmed_models,0,tp,107.0
confirmed_models/results_full_coverage_improvements/experiments/blend_inverse_hybrid_logreg/external_metrics__blend_inverse_hybrid_logreg__cal_sigmoid__thr_f1.csv,confirmed_models__results_full_coverage_improvements__experiments__blend_inverse_hybrid_logreg__external_metrics__blend_inverse_hybrid_logreg__cal_sigmoid__thr_f1.csv,confirmed_models,0,fp,27.0
confirmed_models/results_full_coverage_improvements/experiments/blend_inverse_hybrid_logreg/external_metrics__blend_inverse_hybrid_logreg__cal_sigmoid__thr_f1.csv,confirmed_models__results_full_coverage_improvements__experiments__blend_inverse_hybrid_logreg__external_metrics__blend_inverse_hybrid_logreg__cal_sigmoid__thr_f1.csv,confirmed_models,0,tn,125.0
confirmed_models/results_full_coverage_improvements/experiments/blend_inverse_hybrid_logreg/external_metrics__blend_inverse_hybrid_logreg__cal_sigmoid__thr_f1.csv,confirmed_models__results_full_coverage_improvements__experiments__blend_inverse_hybrid_logreg__external_metrics__blend_inverse_hybrid_logreg__cal_sigmoid__thr_f1.csv,confirmed_models,0,fn,43.0
confirmed_models/results_full_coverage_improvements/experiments/blend_inverse_hybrid_logreg/external_metrics__blend_inverse_hybrid_logreg__cal_sigmoid__thr_kappa.csv,confirmed_models__results_full_coverage_improvements__experiments__blend_inverse_hybrid_logreg__external_metrics__blend_inverse_hybrid_logreg__cal_sigmoid__thr_kappa.csv,confirmed_models,0,accuracy,0.7682119205298014
confirmed_models/results_full_coverage_improvements/experiments/blend_inverse_hybrid_logreg/external_metrics__blend_inverse_hybrid_logreg__cal_sigmoid__thr_kappa.csv,confirmed_models__results_full_coverage_improvements__experiments__blend_inverse_hybrid_logreg__external_metrics__blend_inverse_hybrid_logreg__cal_sigmoid__thr_kappa.csv,confirmed_models,0,precision,0.7985074626865671
confirmed_models/results_full_coverage_improvements/experiments/blend_inverse_hybrid_logreg/external_metrics__blend_inverse_hybrid_logreg__cal_sigmoid__thr_kappa.csv,confirmed_models__results_full_coverage_improvements__experiments__blend_inverse_hybrid_logreg__external_metrics__blend_inverse_hybrid_logreg__cal_sigmoid__thr_kappa.csv,confirmed_models,0,recall,0.7133333333333334
confirmed_models/results_full_coverage_improvements/experiments/blend_inverse_hybrid_logreg/external_metrics__blend_inverse_hybrid_logreg__cal_sigmoid__thr_kappa.csv,confirmed_models__results_full_coverage_improvements__experiments__blend_inverse_hybrid_logreg__external_metrics__blend_inverse_hybrid_logreg__cal_sigmoid__thr_kappa.csv,confirmed_models,0,f1,0.7535211267605634
confirmed_models/results_full_coverage_improvements/experiments/blend_inverse_hybrid_logreg/external_metrics__blend_inverse_hybrid_logreg__cal_sigmoid__thr_kappa.csv,confirmed_models__results_full_coverage_improvements__experiments__blend_inverse_hybrid_logreg__external_metrics__blend_inverse_hybrid_logreg__cal_sigmoid__thr_kappa.csv,confirmed_models,0,kappa,0.5360779494382022
confirmed_models/results_full_coverage_improvements/experiments/blend_inverse_hybrid_logreg/external_metrics__blend_inverse_hybrid_logreg__cal_sigmoid__thr_kappa.csv,confirmed_models__results_full_coverage_improvements__experiments__blend_inverse_hybrid_logreg__external_metrics__blend_inverse_hybrid_logreg__cal_sigmoid__thr_kappa.csv,confirmed_models,0,auroc,0.8588157894736843
confirmed_models/results_full_coverage_improvements/experiments/blend_inverse_hybrid_logreg/external_metrics__blend_inverse_hybrid_logreg__cal_sigmoid__thr_kappa.csv,confirmed_models__results_full_coverage_improvements__experiments__blend_inverse_hybrid_logreg__external_metrics__blend_inverse_hybrid_logreg__cal_sigmoid__thr_kappa.csv,confirmed_models,0,specificity,0.8223684210526315
confirmed_models/results_full_coverage_improvements/experiments/blend_inverse_hybrid_logreg/external_metrics__blend_inverse_hybrid_logreg__cal_sigmoid__thr_kappa.csv,confirmed_models__results_full_coverage_improvements__experiments__blend_inverse_hybrid_logreg__external_metrics__blend_inverse_hybrid_logreg__cal_sigmoid__thr_kappa.csv,confirmed_models,0,sensitivity,0.7133333333333334
confirmed_models/results_full_coverage_improvements/experiments/blend_inverse_hybrid_logreg/external_metrics__blend_inverse_hybrid_logreg__cal_sigmoid__thr_kappa.csv,confirmed_models__results_full_coverage_improvements__experiments__blend_inverse_hybrid_logreg__external_metrics__blend_inverse_hybrid_logreg__cal_sigmoid__thr_kappa.csv,confirmed_models,0,mcc,0.5391175281290937
confirmed_models/results_full_coverage_improvements/experiments/blend_inverse_hybrid_logreg/external_metrics__blend_inverse_hybrid_logreg__cal_sigmoid__thr_kappa.csv,confirmed_models__results_full_coverage_improvements__experiments__blend_inverse_hybrid_logreg__external_metrics__blend_inverse_hybrid_logreg__cal_sigmoid__thr_kappa.csv,confirmed_models,0,tp,107.0
confirmed_models/results_full_coverage_improvements/experiments/blend_inverse_hybrid_logreg/external_metrics__blend_inverse_hybrid_logreg__cal_sigmoid__thr_kappa.csv,confirmed_models__results_full_coverage_improvements__experiments__blend_inverse_hybrid_logreg__external_metrics__blend_inverse_hybrid_logreg__cal_sigmoid__thr_kappa.csv,confirmed_models,0,fp,27.0
confirmed_models/results_full_coverage_improvements/experiments/blend_inverse_hybrid_logreg/external_metrics__blend_inverse_hybrid_logreg__cal_sigmoid__thr_kappa.csv,confirmed_models__results_full_coverage_improvements__experiments__blend_inverse_hybrid_logreg__external_metrics__blend_inverse_hybrid_logreg__cal_sigmoid__thr_kappa.csv,confirmed_models,0,tn,125.0
confirmed_models/results_full_coverage_improvements/experiments/blend_inverse_hybrid_logreg/external_metrics__blend_inverse_hybrid_logreg__cal_sigmoid__thr_kappa.csv,confirmed_models__results_full_coverage_improvements__experiments__blend_inverse_hybrid_logreg__external_metrics__blend_inverse_hybrid_logreg__cal_sigmoid__thr_kappa.csv,confirmed_models,0,fn,43.0
confirmed_models/results_full_coverage_improvements/experiments/blend_inverse_stacking/external_metrics__blend_inverse_stacking__cal_isotonic__thr_f1.csv,confirmed_models__results_full_coverage_improvements__experiments__blend_inverse_stacking__external_metrics__blend_inverse_stacking__cal_isotonic__thr_f1.csv,confirmed_models,0,accuracy,0.7814569536423841
confirmed_models/results_full_coverage_improvements/experiments/blend_inverse_stacking/external_metrics__blend_inverse_stacking__cal_isotonic__thr_f1.csv,confirmed_models__results_full_coverage_improvements__experiments__blend_inverse_stacking__external_metrics__blend_inverse_stacking__cal_isotonic__thr_f1.csv,confirmed_models,0,precision,0.7727272727272727
confirmed_models/results_full_coverage_improvements/experiments/blend_inverse_stacking/external_metrics__blend_inverse_stacking__cal_isotonic__thr_f1.csv,confirmed_models__results_full_coverage_improvements__experiments__blend_inverse_stacking__external_metrics__blend_inverse_stacking__cal_isotonic__thr_f1.csv,confirmed_models,0,recall,0.7933333333333333
confirmed_models/results_full_coverage_improvements/experiments/blend_inverse_stacking/external_metrics__blend_inverse_stacking__cal_isotonic__thr_f1.csv,confirmed_models__results_full_coverage_improvements__experiments__blend_inverse_stacking__external_metrics__blend_inverse_stacking__cal_isotonic__thr_f1.csv,confirmed_models,0,f1,0.7828947368421053
confirmed_models/results_full_coverage_improvements/experiments/blend_inverse_stacking/external_metrics__blend_inverse_stacking__cal_isotonic__thr_f1.csv,confirmed_models__results_full_coverage_improvements__experiments__blend_inverse_stacking__external_metrics__blend_inverse_stacking__cal_isotonic__thr_f1.csv,confirmed_models,0,kappa,0.5629714085248202
confirmed_models/results_full_coverage_improvements/experiments/blend_inverse_stacking/external_metrics__blend_inverse_stacking__cal_isotonic__thr_f1.csv,confirmed_models__results_full_coverage_improvements__experiments__blend_inverse_stacking__external_metrics__blend_inverse_stacking__cal_isotonic__thr_f1.csv,confirmed_models,0,auroc,0.8527412280701755
confirmed_models/results_full_coverage_improvements/experiments/blend_inverse_stacking/external_metrics__blend_inverse_stacking__cal_isotonic__thr_f1.csv,confirmed_models__results_full_coverage_improvements__experiments__blend_inverse_stacking__external_metrics__blend_inverse_stacking__cal_isotonic__thr_f1.csv,confirmed_models,0,specificity,0.7697368421052632
confirmed_models/results_full_coverage_improvements/experiments/blend_inverse_stacking/external_metrics__blend_inverse_stacking__cal_isotonic__thr_f1.csv,confirmed_models__results_full_coverage_improvements__experiments__blend_inverse_stacking__external_metrics__blend_inverse_stacking__cal_isotonic__thr_f1.csv,confirmed_models,0,sensitivity,0.7933333333333333
confirmed_models/results_full_coverage_improvements/experiments/blend_inverse_stacking/external_metrics__blend_inverse_stacking__cal_isotonic__thr_f1.csv,confirmed_models__results_full_coverage_improvements__experiments__blend_inverse_stacking__external_metrics__blend_inverse_stacking__cal_isotonic__thr_f1.csv,confirmed_models,0,mcc,0.5631689856833579
confirmed_models/results_full_coverage_improvements/experiments/blend_inverse_stacking/external_metrics__blend_inverse_stacking__cal_isotonic__thr_f1.csv,confirmed_models__results_full_coverage_improvements__experiments__blend_inverse_stacking__external_metrics__blend_inverse_stacking__cal_isotonic__thr_f1.csv,confirmed_models,0,tp,119.0
confirmed_models/results_full_coverage_improvements/experiments/blend_inverse_stacking/external_metrics__blend_inverse_stacking__cal_isotonic__thr_f1.csv,confirmed_models__results_full_coverage_improvements__experiments__blend_inverse_stacking__external_metrics__blend_inverse_stacking__cal_isotonic__thr_f1.csv,confirmed_models,0,fp,35.0
confirmed_models/results_full_coverage_improvements/experiments/blend_inverse_stacking/external_metrics__blend_inverse_stacking__cal_isotonic__thr_f1.csv,confirmed_models__results_full_coverage_improvements__experiments__blend_inverse_stacking__external_metrics__blend_inverse_stacking__cal_isotonic__thr_f1.csv,confirmed_models,0,tn,117.0
confirmed_models/results_full_coverage_improvements/experiments/blend_inverse_stacking/external_metrics__blend_inverse_stacking__cal_isotonic__thr_f1.csv,confirmed_models__results_full_coverage_improvements__experiments__blend_inverse_stacking__external_metrics__blend_inverse_stacking__cal_isotonic__thr_f1.csv,confirmed_models,0,fn,31.0
confirmed_models/results_full_coverage_improvements/experiments/blend_inverse_stacking/external_metrics__blend_inverse_stacking__cal_isotonic__thr_kappa.csv,confirmed_models__results_full_coverage_improvements__experiments__blend_inverse_stacking__external_metrics__blend_inverse_stacking__cal_isotonic__thr_kappa.csv,confirmed_models,0,accuracy,0.7417218543046358
confirmed_models/results_full_coverage_improvements/experiments/blend_inverse_stacking/external_metrics__blend_inverse_stacking__cal_isotonic__thr_kappa.csv,confirmed_models__results_full_coverage_improvements__experiments__blend_inverse_stacking__external_metrics__blend_inverse_stacking__cal_isotonic__thr_kappa.csv,confirmed_models,0,precision,0.8529411764705882
confirmed_models/results_full_coverage_improvements/experiments/blend_inverse_stacking/external_metrics__blend_inverse_stacking__cal_isotonic__thr_kappa.csv,confirmed_models__results_full_coverage_improvements__experiments__blend_inverse_stacking__external_metrics__blend_inverse_stacking__cal_isotonic__thr_kappa.csv,confirmed_models,0,recall,0.58
confirmed_models/results_full_coverage_improvements/experiments/blend_inverse_stacking/external_metrics__blend_inverse_stacking__cal_isotonic__thr_kappa.csv,confirmed_models__results_full_coverage_improvements__experiments__blend_inverse_stacking__external_metrics__blend_inverse_stacking__cal_isotonic__thr_kappa.csv,confirmed_models,0,f1,0.6904761904761905
confirmed_models/results_full_coverage_improvements/experiments/blend_inverse_stacking/external_metrics__blend_inverse_stacking__cal_isotonic__thr_kappa.csv,confirmed_models__results_full_coverage_improvements__experiments__blend_inverse_stacking__external_metrics__blend_inverse_stacking__cal_isotonic__thr_kappa.csv,confirmed_models,0,kappa,0.4823312236286919
confirmed_models/results_full_coverage_improvements/experiments/blend_inverse_stacking/external_metrics__blend_inverse_stacking__cal_isotonic__thr_kappa.csv,confirmed_models__results_full_coverage_improvements__experiments__blend_inverse_stacking__external_metrics__blend_inverse_stacking__cal_isotonic__thr_kappa.csv,confirmed_models,0,auroc,0.8527412280701755
confirmed_models/results_full_coverage_improvements/experiments/blend_inverse_stacking/external_metrics__blend_inverse_stacking__cal_isotonic__thr_kappa.csv,confirmed_models__results_full_coverage_improvements__experiments__blend_inverse_stacking__external_metrics__blend_inverse_stacking__cal_isotonic__thr_kappa.csv,confirmed_models,0,specificity,0.9013157894736842
confirmed_models/results_full_coverage_improvements/experiments/blend_inverse_stacking/external_metrics__blend_inverse_stacking__cal_isotonic__thr_kappa.csv,confirmed_models__results_full_coverage_improvements__experiments__blend_inverse_stacking__external_metrics__blend_inverse_stacking__cal_isotonic__thr_kappa.csv,confirmed_models,0,sensitivity,0.58
confirmed_models/results_full_coverage_improvements/experiments/blend_inverse_stacking/external_metrics__blend_inverse_stacking__cal_isotonic__thr_kappa.csv,confirmed_models__results_full_coverage_improvements__experiments__blend_inverse_stacking__external_metrics__blend_inverse_stacking__cal_isotonic__thr_kappa.csv,confirmed_models,0,mcc,0.508841411486274
confirmed_models/results_full_coverage_improvements/experiments/blend_inverse_stacking/external_metrics__blend_inverse_stacking__cal_isotonic__thr_kappa.csv,confirmed_models__results_full_coverage_improvements__experiments__blend_inverse_stacking__external_metrics__blend_inverse_stacking__cal_isotonic__thr_kappa.csv,confirmed_models,0,tp,87.0
confirmed_models/results_full_coverage_improvements/experiments/blend_inverse_stacking/external_metrics__blend_inverse_stacking__cal_isotonic__thr_kappa.csv,confirmed_models__results_full_coverage_improvements__experiments__blend_inverse_stacking__external_metrics__blend_inverse_stacking__cal_isotonic__thr_kappa.csv,confirmed_models,0,fp,15.0
confirmed_models/results_full_coverage_improvements/experiments/blend_inverse_stacking/external_metrics__blend_inverse_stacking__cal_isotonic__thr_kappa.csv,confirmed_models__results_full_coverage_improvements__experiments__blend_inverse_stacking__external_metrics__blend_inverse_stacking__cal_isotonic__thr_kappa.csv,confirmed_models,0,tn,137.0
confirmed_models/results_full_coverage_improvements/experiments/blend_inverse_stacking/external_metrics__blend_inverse_stacking__cal_isotonic__thr_kappa.csv,confirmed_models__results_full_coverage_improvements__experiments__blend_inverse_stacking__external_metrics__blend_inverse_stacking__cal_isotonic__thr_kappa.csv,confirmed_models,0,fn,63.0
confirmed_models/results_full_coverage_improvements/experiments/blend_inverse_stacking/external_metrics__blend_inverse_stacking__cal_none__thr_f1.csv,confirmed_models__results_full_coverage_improvements__experiments__blend_inverse_stacking__external_metrics__blend_inverse_stacking__cal_none__thr_f1.csv,confirmed_models,0,accuracy,0.7781456953642384
confirmed_models/results_full_coverage_improvements/experiments/blend_inverse_stacking/external_metrics__blend_inverse_stacking__cal_none__thr_f1.csv,confirmed_models__results_full_coverage_improvements__experiments__blend_inverse_stacking__external_metrics__blend_inverse_stacking__cal_none__thr_f1.csv,confirmed_models,0,precision,0.7712418300653595
confirmed_models/results_full_coverage_improvements/experiments/blend_inverse_stacking/external_metrics__blend_inverse_stacking__cal_none__thr_f1.csv,confirmed_models__results_full_coverage_improvements__experiments__blend_inverse_stacking__external_metrics__blend_inverse_stacking__cal_none__thr_f1.csv,confirmed_models,0,recall,0.7866666666666666
confirmed_models/results_full_coverage_improvements/experiments/blend_inverse_stacking/external_metrics__blend_inverse_stacking__cal_none__thr_f1.csv,confirmed_models__results_full_coverage_improvements__experiments__blend_inverse_stacking__external_metrics__blend_inverse_stacking__cal_none__thr_f1.csv,confirmed_models,0,f1,0.7788778877887789
confirmed_models/results_full_coverage_improvements/experiments/blend_inverse_stacking/external_metrics__blend_inverse_stacking__cal_none__thr_f1.csv,confirmed_models__results_full_coverage_improvements__experiments__blend_inverse_stacking__external_metrics__blend_inverse_stacking__cal_none__thr_f1.csv,confirmed_models,0,kappa,0.5563303074156909
confirmed_models/results_full_coverage_improvements/experiments/blend_inverse_stacking/external_metrics__blend_inverse_stacking__cal_none__thr_f1.csv,confirmed_models__results_full_coverage_improvements__experiments__blend_inverse_stacking__external_metrics__blend_inverse_stacking__cal_none__thr_f1.csv,confirmed_models,0,auroc,0.853421052631579
confirmed_models/results_full_coverage_improvements/experiments/blend_inverse_stacking/external_metrics__blend_inverse_stacking__cal_none__thr_f1.csv,confirmed_models__results_full_coverage_improvements__experiments__blend_inverse_stacking__external_metrics__blend_inverse_stacking__cal_none__thr_f1.csv,confirmed_models,0,specificity,0.7697368421052632
confirmed_models/results_full_coverage_improvements/experiments/blend_inverse_stacking/external_metrics__blend_inverse_stacking__cal_none__thr_f1.csv,confirmed_models__results_full_coverage_improvements__experiments__blend_inverse_stacking__external_metrics__blend_inverse_stacking__cal_none__thr_f1.csv,confirmed_models,0,sensitivity,0.7866666666666666
confirmed_models/results_full_coverage_improvements/experiments/blend_inverse_stacking/external_metrics__blend_inverse_stacking__cal_none__thr_f1.csv,confirmed_models__results_full_coverage_improvements__experiments__blend_inverse_stacking__external_metrics__blend_inverse_stacking__cal_none__thr_f1.csv,confirmed_models,0,mcc,0.5564401178787084
confirmed_models/results_full_coverage_improvements/experiments/blend_inverse_stacking/external_metrics__blend_inverse_stacking__cal_none__thr_f1.csv,confirmed_models__results_full_coverage_improvements__experiments__blend_inverse_stacking__external_metrics__blend_inverse_stacking__cal_none__thr_f1.csv,confirmed_models,0,tp,118.0
confirmed_models/results_full_coverage_improvements/experiments/blend_inverse_stacking/external_metrics__blend_inverse_stacking__cal_none__thr_f1.csv,confirmed_models__results_full_coverage_improvements__experiments__blend_inverse_stacking__external_metrics__blend_inverse_stacking__cal_none__thr_f1.csv,confirmed_models,0,fp,35.0
confirmed_models/results_full_coverage_improvements/experiments/blend_inverse_stacking/external_metrics__blend_inverse_stacking__cal_none__thr_f1.csv,confirmed_models__results_full_coverage_improvements__experiments__blend_inverse_stacking__external_metrics__blend_inverse_stacking__cal_none__thr_f1.csv,confirmed_models,0,tn,117.0
confirmed_models/results_full_coverage_improvements/experiments/blend_inverse_stacking/external_metrics__blend_inverse_stacking__cal_none__thr_f1.csv,confirmed_models__results_full_coverage_improvements__experiments__blend_inverse_stacking__external_metrics__blend_inverse_stacking__cal_none__thr_f1.csv,confirmed_models,0,fn,32.0
confirmed_models/results_full_coverage_improvements/experiments/blend_inverse_stacking/external_metrics__blend_inverse_stacking__cal_none__thr_kappa.csv,confirmed_models__results_full_coverage_improvements__experiments__blend_inverse_stacking__external_metrics__blend_inverse_stacking__cal_none__thr_kappa.csv,confirmed_models,0,accuracy,0.7880794701986755
confirmed_models/results_full_coverage_improvements/experiments/blend_inverse_stacking/external_metrics__blend_inverse_stacking__cal_none__thr_kappa.csv,confirmed_models__results_full_coverage_improvements__experiments__blend_inverse_stacking__external_metrics__blend_inverse_stacking__cal_none__thr_kappa.csv,confirmed_models,0,precision,0.7945205479452054
confirmed_models/results_full_coverage_improvements/experiments/blend_inverse_stacking/external_metrics__blend_inverse_stacking__cal_none__thr_kappa.csv,confirmed_models__results_full_coverage_improvements__experiments__blend_inverse_stacking__external_metrics__blend_inverse_stacking__cal_none__thr_kappa.csv,confirmed_models,0,recall,0.7733333333333333
confirmed_models/results_full_coverage_improvements/experiments/blend_inverse_stacking/external_metrics__blend_inverse_stacking__cal_none__thr_kappa.csv,confirmed_models__results_full_coverage_improvements__experiments__blend_inverse_stacking__external_metrics__blend_inverse_stacking__cal_none__thr_kappa.csv,confirmed_models,0,f1,0.7837837837837838
confirmed_models/results_full_coverage_improvements/experiments/blend_inverse_stacking/external_metrics__blend_inverse_stacking__cal_none__thr_kappa.csv,confirmed_models__results_full_coverage_improvements__experiments__blend_inverse_stacking__external_metrics__blend_inverse_stacking__cal_none__thr_kappa.csv,confirmed_models,0,kappa,0.576065976487103
confirmed_models/results_full_coverage_improvements/experiments/blend_inverse_stacking/external_metrics__blend_inverse_stacking__cal_none__thr_kappa.csv,confirmed_models__results_full_coverage_improvements__experiments__blend_inverse_stacking__external_metrics__blend_inverse_stacking__cal_none__thr_kappa.csv,confirmed_models,0,auroc,0.853421052631579
confirmed_models/results_full_coverage_improvements/experiments/blend_inverse_stacking/external_metrics__blend_inverse_stacking__cal_none__thr_kappa.csv,confirmed_models__results_full_coverage_improvements__experiments__blend_inverse_stacking__external_metrics__blend_inverse_stacking__cal_none__thr_kappa.csv,confirmed_models,0,specificity,0.8026315789473685
confirmed_models/results_full_coverage_improvements/experiments/blend_inverse_stacking/external_metrics__blend_inverse_stacking__cal_none__thr_kappa.csv,confirmed_models__results_full_coverage_improvements__experiments__blend_inverse_stacking__external_metrics__blend_inverse_stacking__cal_none__thr_kappa.csv,confirmed_models,0,sensitivity,0.7733333333333333
confirmed_models/results_full_coverage_improvements/experiments/blend_inverse_stacking/external_metrics__blend_inverse_stacking__cal_none__thr_kappa.csv,confirmed_models__results_full_coverage_improvements__experiments__blend_inverse_stacking__external_metrics__blend_inverse_stacking__cal_none__thr_kappa.csv,confirmed_models,0,mcc,0.5762682912389424
confirmed_models/results_full_coverage_improvements/experiments/blend_inverse_stacking/external_metrics__blend_inverse_stacking__cal_none__thr_kappa.csv,confirmed_models__results_full_coverage_improvements__experiments__blend_inverse_stacking__external_metrics__blend_inverse_stacking__cal_none__thr_kappa.csv,confirmed_models,0,tp,116.0
confirmed_models/results_full_coverage_improvements/experiments/blend_inverse_stacking/external_metrics__blend_inverse_stacking__cal_none__thr_kappa.csv,confirmed_models__results_full_coverage_improvements__experiments__blend_inverse_stacking__external_metrics__blend_inverse_stacking__cal_none__thr_kappa.csv,confirmed_models,0,fp,30.0
confirmed_models/results_full_coverage_improvements/experiments/blend_inverse_stacking/external_metrics__blend_inverse_stacking__cal_none__thr_kappa.csv,confirmed_models__results_full_coverage_improvements__experiments__blend_inverse_stacking__external_metrics__blend_inverse_stacking__cal_none__thr_kappa.csv,confirmed_models,0,tn,122.0
confirmed_models/results_full_coverage_improvements/experiments/blend_inverse_stacking/external_metrics__blend_inverse_stacking__cal_none__thr_kappa.csv,confirmed_models__results_full_coverage_improvements__experiments__blend_inverse_stacking__external_metrics__blend_inverse_stacking__cal_none__thr_kappa.csv,confirmed_models,0,fn,34.0
confirmed_models/results_full_coverage_improvements/experiments/blend_inverse_stacking/external_metrics__blend_inverse_stacking__cal_sigmoid__thr_f1.csv,confirmed_models__results_full_coverage_improvements__experiments__blend_inverse_stacking__external_metrics__blend_inverse_stacking__cal_sigmoid__thr_f1.csv,confirmed_models,0,accuracy,0.7781456953642384
confirmed_models/results_full_coverage_improvements/experiments/blend_inverse_stacking/external_metrics__blend_inverse_stacking__cal_sigmoid__thr_f1.csv,confirmed_models__results_full_coverage_improvements__experiments__blend_inverse_stacking__external_metrics__blend_inverse_stacking__cal_sigmoid__thr_f1.csv,confirmed_models,0,precision,0.7712418300653595
confirmed_models/results_full_coverage_improvements/experiments/blend_inverse_stacking/external_metrics__blend_inverse_stacking__cal_sigmoid__thr_f1.csv,confirmed_models__results_full_coverage_improvements__experiments__blend_inverse_stacking__external_metrics__blend_inverse_stacking__cal_sigmoid__thr_f1.csv,confirmed_models,0,recall,0.7866666666666666
confirmed_models/results_full_coverage_improvements/experiments/blend_inverse_stacking/external_metrics__blend_inverse_stacking__cal_sigmoid__thr_f1.csv,confirmed_models__results_full_coverage_improvements__experiments__blend_inverse_stacking__external_metrics__blend_inverse_stacking__cal_sigmoid__thr_f1.csv,confirmed_models,0,f1,0.7788778877887789
confirmed_models/results_full_coverage_improvements/experiments/blend_inverse_stacking/external_metrics__blend_inverse_stacking__cal_sigmoid__thr_f1.csv,confirmed_models__results_full_coverage_improvements__experiments__blend_inverse_stacking__external_metrics__blend_inverse_stacking__cal_sigmoid__thr_f1.csv,confirmed_models,0,kappa,0.5563303074156909
confirmed_models/results_full_coverage_improvements/experiments/blend_inverse_stacking/external_metrics__blend_inverse_stacking__cal_sigmoid__thr_f1.csv,confirmed_models__results_full_coverage_improvements__experiments__blend_inverse_stacking__external_metrics__blend_inverse_stacking__cal_sigmoid__thr_f1.csv,confirmed_models,0,auroc,0.853421052631579
confirmed_models/results_full_coverage_improvements/experiments/blend_inverse_stacking/external_metrics__blend_inverse_stacking__cal_sigmoid__thr_f1.csv,confirmed_models__results_full_coverage_improvements__experiments__blend_inverse_stacking__external_metrics__blend_inverse_stacking__cal_sigmoid__thr_f1.csv,confirmed_models,0,specificity,0.7697368421052632
confirmed_models/results_full_coverage_improvements/experiments/blend_inverse_stacking/external_metrics__blend_inverse_stacking__cal_sigmoid__thr_f1.csv,confirmed_models__results_full_coverage_improvements__experiments__blend_inverse_stacking__external_metrics__blend_inverse_stacking__cal_sigmoid__thr_f1.csv,confirmed_models,0,sensitivity,0.7866666666666666
confirmed_models/results_full_coverage_improvements/experiments/blend_inverse_stacking/external_metrics__blend_inverse_stacking__cal_sigmoid__thr_f1.csv,confirmed_models__results_full_coverage_improvements__experiments__blend_inverse_stacking__external_metrics__blend_inverse_stacking__cal_sigmoid__thr_f1.csv,confirmed_models,0,mcc,0.5564401178787084
confirmed_models/results_full_coverage_improvements/experiments/blend_inverse_stacking/external_metrics__blend_inverse_stacking__cal_sigmoid__thr_f1.csv,confirmed_models__results_full_coverage_improvements__experiments__blend_inverse_stacking__external_metrics__blend_inverse_stacking__cal_sigmoid__thr_f1.csv,confirmed_models,0,tp,118.0
confirmed_models/results_full_coverage_improvements/experiments/blend_inverse_stacking/external_metrics__blend_inverse_stacking__cal_sigmoid__thr_f1.csv,confirmed_models__results_full_coverage_improvements__experiments__blend_inverse_stacking__external_metrics__blend_inverse_stacking__cal_sigmoid__thr_f1.csv,confirmed_models,0,fp,35.0
confirmed_models/results_full_coverage_improvements/experiments/blend_inverse_stacking/external_metrics__blend_inverse_stacking__cal_sigmoid__thr_f1.csv,confirmed_models__results_full_coverage_improvements__experiments__blend_inverse_stacking__external_metrics__blend_inverse_stacking__cal_sigmoid__thr_f1.csv,confirmed_models,0,tn,117.0
confirmed_models/results_full_coverage_improvements/experiments/blend_inverse_stacking/external_metrics__blend_inverse_stacking__cal_sigmoid__thr_f1.csv,confirmed_models__results_full_coverage_improvements__experiments__blend_inverse_stacking__external_metrics__blend_inverse_stacking__cal_sigmoid__thr_f1.csv,confirmed_models,0,fn,32.0
confirmed_models/results_full_coverage_improvements/experiments/blend_inverse_stacking/external_metrics__blend_inverse_stacking__cal_sigmoid__thr_kappa.csv,confirmed_models__results_full_coverage_improvements__experiments__blend_inverse_stacking__external_metrics__blend_inverse_stacking__cal_sigmoid__thr_kappa.csv,confirmed_models,0,accuracy,0.7781456953642384
confirmed_models/results_full_coverage_improvements/experiments/blend_inverse_stacking/external_metrics__blend_inverse_stacking__cal_sigmoid__thr_kappa.csv,confirmed_models__results_full_coverage_improvements__experiments__blend_inverse_stacking__external_metrics__blend_inverse_stacking__cal_sigmoid__thr_kappa.csv,confirmed_models,0,precision,0.7712418300653595
confirmed_models/results_full_coverage_improvements/experiments/blend_inverse_stacking/external_metrics__blend_inverse_stacking__cal_sigmoid__thr_kappa.csv,confirmed_models__results_full_coverage_improvements__experiments__blend_inverse_stacking__external_metrics__blend_inverse_stacking__cal_sigmoid__thr_kappa.csv,confirmed_models,0,recall,0.7866666666666666
confirmed_models/results_full_coverage_improvements/experiments/blend_inverse_stacking/external_metrics__blend_inverse_stacking__cal_sigmoid__thr_kappa.csv,confirmed_models__results_full_coverage_improvements__experiments__blend_inverse_stacking__external_metrics__blend_inverse_stacking__cal_sigmoid__thr_kappa.csv,confirmed_models,0,f1,0.7788778877887789
confirmed_models/results_full_coverage_improvements/experiments/blend_inverse_stacking/external_metrics__blend_inverse_stacking__cal_sigmoid__thr_kappa.csv,confirmed_models__results_full_coverage_improvements__experiments__blend_inverse_stacking__external_metrics__blend_inverse_stacking__cal_sigmoid__thr_kappa.csv,confirmed_models,0,kappa,0.5563303074156909
confirmed_models/results_full_coverage_improvements/experiments/blend_inverse_stacking/external_metrics__blend_inverse_stacking__cal_sigmoid__thr_kappa.csv,confirmed_models__results_full_coverage_improvements__experiments__blend_inverse_stacking__external_metrics__blend_inverse_stacking__cal_sigmoid__thr_kappa.csv,confirmed_models,0,auroc,0.853421052631579
confirmed_models/results_full_coverage_improvements/experiments/blend_inverse_stacking/external_metrics__blend_inverse_stacking__cal_sigmoid__thr_kappa.csv,confirmed_models__results_full_coverage_improvements__experiments__blend_inverse_stacking__external_metrics__blend_inverse_stacking__cal_sigmoid__thr_kappa.csv,confirmed_models,0,specificity,0.7697368421052632
confirmed_models/results_full_coverage_improvements/experiments/blend_inverse_stacking/external_metrics__blend_inverse_stacking__cal_sigmoid__thr_kappa.csv,confirmed_models__results_full_coverage_improvements__experiments__blend_inverse_stacking__external_metrics__blend_inverse_stacking__cal_sigmoid__thr_kappa.csv,confirmed_models,0,sensitivity,0.7866666666666666
confirmed_models/results_full_coverage_improvements/experiments/blend_inverse_stacking/external_metrics__blend_inverse_stacking__cal_sigmoid__thr_kappa.csv,confirmed_models__results_full_coverage_improvements__experiments__blend_inverse_stacking__external_metrics__blend_inverse_stacking__cal_sigmoid__thr_kappa.csv,confirmed_models,0,mcc,0.5564401178787084
confirmed_models/results_full_coverage_improvements/experiments/blend_inverse_stacking/external_metrics__blend_inverse_stacking__cal_sigmoid__thr_kappa.csv,confirmed_models__results_full_coverage_improvements__experiments__blend_inverse_stacking__external_metrics__blend_inverse_stacking__cal_sigmoid__thr_kappa.csv,confirmed_models,0,tp,118.0
confirmed_models/results_full_coverage_improvements/experiments/blend_inverse_stacking/external_metrics__blend_inverse_stacking__cal_sigmoid__thr_kappa.csv,confirmed_models__results_full_coverage_improvements__experiments__blend_inverse_stacking__external_metrics__blend_inverse_stacking__cal_sigmoid__thr_kappa.csv,confirmed_models,0,fp,35.0
confirmed_models/results_full_coverage_improvements/experiments/blend_inverse_stacking/external_metrics__blend_inverse_stacking__cal_sigmoid__thr_kappa.csv,confirmed_models__results_full_coverage_improvements__experiments__blend_inverse_stacking__external_metrics__blend_inverse_stacking__cal_sigmoid__thr_kappa.csv,confirmed_models,0,tn,117.0
confirmed_models/results_full_coverage_improvements/experiments/blend_inverse_stacking/external_metrics__blend_inverse_stacking__cal_sigmoid__thr_kappa.csv,confirmed_models__results_full_coverage_improvements__experiments__blend_inverse_stacking__external_metrics__blend_inverse_stacking__cal_sigmoid__thr_kappa.csv,confirmed_models,0,fn,32.0
confirmed_models/results_full_coverage_improvements/experiments/concat_r2_desc_logreg/external_metrics__concat_r2_desc_logreg__cal_isotonic__thr_f1.csv,confirmed_models__results_full_coverage_improvements__experiments__concat_r2_desc_logreg__external_metrics__concat_r2_desc_logreg__cal_isotonic__thr_f1.csv,confirmed_models,0,accuracy,0.6986754966887417
confirmed_models/results_full_coverage_improvements/experiments/concat_r2_desc_logreg/external_metrics__concat_r2_desc_logreg__cal_isotonic__thr_f1.csv,confirmed_models__results_full_coverage_improvements__experiments__concat_r2_desc_logreg__external_metrics__concat_r2_desc_logreg__cal_isotonic__thr_f1.csv,confirmed_models,0,precision,0.6832298136645962
confirmed_models/results_full_coverage_improvements/experiments/concat_r2_desc_logreg/external_metrics__concat_r2_desc_logreg__cal_isotonic__thr_f1.csv,confirmed_models__results_full_coverage_improvements__experiments__concat_r2_desc_logreg__external_metrics__concat_r2_desc_logreg__cal_isotonic__thr_f1.csv,confirmed_models,0,recall,0.7333333333333333
confirmed_models/results_full_coverage_improvements/experiments/concat_r2_desc_logreg/external_metrics__concat_r2_desc_logreg__cal_isotonic__thr_f1.csv,confirmed_models__results_full_coverage_improvements__experiments__concat_r2_desc_logreg__external_metrics__concat_r2_desc_logreg__cal_isotonic__thr_f1.csv,confirmed_models,0,f1,0.707395498392283
confirmed_models/results_full_coverage_improvements/experiments/concat_r2_desc_logreg/external_metrics__concat_r2_desc_logreg__cal_isotonic__thr_f1.csv,confirmed_models__results_full_coverage_improvements__experiments__concat_r2_desc_logreg__external_metrics__concat_r2_desc_logreg__cal_isotonic__thr_f1.csv,confirmed_models,0,kappa,0.3976151856560431
confirmed_models/results_full_coverage_improvements/experiments/concat_r2_desc_logreg/external_metrics__concat_r2_desc_logreg__cal_isotonic__thr_f1.csv,confirmed_models__results_full_coverage_improvements__experiments__concat_r2_desc_logreg__external_metrics__concat_r2_desc_logreg__cal_isotonic__thr_f1.csv,confirmed_models,0,auroc,0.7445394736842107
confirmed_models/results_full_coverage_improvements/experiments/concat_r2_desc_logreg/external_metrics__concat_r2_desc_logreg__cal_isotonic__thr_f1.csv,confirmed_models__results_full_coverage_improvements__experiments__concat_r2_desc_logreg__external_metrics__concat_r2_desc_logreg__cal_isotonic__thr_f1.csv,confirmed_models,0,specificity,0.6644736842105263
confirmed_models/results_full_coverage_improvements/experiments/concat_r2_desc_logreg/external_metrics__concat_r2_desc_logreg__cal_isotonic__thr_f1.csv,confirmed_models__results_full_coverage_improvements__experiments__concat_r2_desc_logreg__external_metrics__concat_r2_desc_logreg__cal_isotonic__thr_f1.csv,confirmed_models,0,sensitivity,0.7333333333333333
confirmed_models/results_full_coverage_improvements/experiments/concat_r2_desc_logreg/external_metrics__concat_r2_desc_logreg__cal_isotonic__thr_f1.csv,confirmed_models__results_full_coverage_improvements__experiments__concat_r2_desc_logreg__external_metrics__concat_r2_desc_logreg__cal_isotonic__thr_f1.csv,confirmed_models,0,mcc,0.3986735003089476
confirmed_models/results_full_coverage_improvements/experiments/concat_r2_desc_logreg/external_metrics__concat_r2_desc_logreg__cal_isotonic__thr_f1.csv,confirmed_models__results_full_coverage_improvements__experiments__concat_r2_desc_logreg__external_metrics__concat_r2_desc_logreg__cal_isotonic__thr_f1.csv,confirmed_models,0,tp,110.0
confirmed_models/results_full_coverage_improvements/experiments/concat_r2_desc_logreg/external_metrics__concat_r2_desc_logreg__cal_isotonic__thr_f1.csv,confirmed_models__results_full_coverage_improvements__experiments__concat_r2_desc_logreg__external_metrics__concat_r2_desc_logreg__cal_isotonic__thr_f1.csv,confirmed_models,0,fp,51.0
confirmed_models/results_full_coverage_improvements/experiments/concat_r2_desc_logreg/external_metrics__concat_r2_desc_logreg__cal_isotonic__thr_f1.csv,confirmed_models__results_full_coverage_improvements__experiments__concat_r2_desc_logreg__external_metrics__concat_r2_desc_logreg__cal_isotonic__thr_f1.csv,confirmed_models,0,tn,101.0
confirmed_models/results_full_coverage_improvements/experiments/concat_r2_desc_logreg/external_metrics__concat_r2_desc_logreg__cal_isotonic__thr_f1.csv,confirmed_models__results_full_coverage_improvements__experiments__concat_r2_desc_logreg__external_metrics__concat_r2_desc_logreg__cal_isotonic__thr_f1.csv,confirmed_models,0,fn,40.0
confirmed_models/results_full_coverage_improvements/experiments/concat_r2_desc_logreg/external_metrics__concat_r2_desc_logreg__cal_isotonic__thr_kappa.csv,confirmed_models__results_full_coverage_improvements__experiments__concat_r2_desc_logreg__external_metrics__concat_r2_desc_logreg__cal_isotonic__thr_kappa.csv,confirmed_models,0,accuracy,0.6887417218543046
confirmed_models/results_full_coverage_improvements/experiments/concat_r2_desc_logreg/external_metrics__concat_r2_desc_logreg__cal_isotonic__thr_kappa.csv,confirmed_models__results_full_coverage_improvements__experiments__concat_r2_desc_logreg__external_metrics__concat_r2_desc_logreg__cal_isotonic__thr_kappa.csv,confirmed_models,0,precision,0.7545454545454545
confirmed_models/results_full_coverage_improvements/experiments/concat_r2_desc_logreg/external_metrics__concat_r2_desc_logreg__cal_isotonic__thr_kappa.csv,confirmed_models__results_full_coverage_improvements__experiments__concat_r2_desc_logreg__external_metrics__concat_r2_desc_logreg__cal_isotonic__thr_kappa.csv,confirmed_models,0,recall,0.5533333333333333
confirmed_models/results_full_coverage_improvements/experiments/concat_r2_desc_logreg/external_metrics__concat_r2_desc_logreg__cal_isotonic__thr_kappa.csv,confirmed_models__results_full_coverage_improvements__experiments__concat_r2_desc_logreg__external_metrics__concat_r2_desc_logreg__cal_isotonic__thr_kappa.csv,confirmed_models,0,f1,0.6384615384615384
confirmed_models/results_full_coverage_improvements/experiments/concat_r2_desc_logreg/external_metrics__concat_r2_desc_logreg__cal_isotonic__thr_kappa.csv,confirmed_models__results_full_coverage_improvements__experiments__concat_r2_desc_logreg__external_metrics__concat_r2_desc_logreg__cal_isotonic__thr_kappa.csv,confirmed_models,0,kappa,0.3763620386643234
confirmed_models/results_full_coverage_improvements/experiments/concat_r2_desc_logreg/external_metrics__concat_r2_desc_logreg__cal_isotonic__thr_kappa.csv,confirmed_models__results_full_coverage_improvements__experiments__concat_r2_desc_logreg__external_metrics__concat_r2_desc_logreg__cal_isotonic__thr_kappa.csv,confirmed_models,0,auroc,0.7445394736842107
confirmed_models/results_full_coverage_improvements/experiments/concat_r2_desc_logreg/external_metrics__concat_r2_desc_logreg__cal_isotonic__thr_kappa.csv,confirmed_models__results_full_coverage_improvements__experiments__concat_r2_desc_logreg__external_metrics__concat_r2_desc_logreg__cal_isotonic__thr_kappa.csv,confirmed_models,0,specificity,0.8223684210526315
confirmed_models/results_full_coverage_improvements/experiments/concat_r2_desc_logreg/external_metrics__concat_r2_desc_logreg__cal_isotonic__thr_kappa.csv,confirmed_models__results_full_coverage_improvements__experiments__concat_r2_desc_logreg__external_metrics__concat_r2_desc_logreg__cal_isotonic__thr_kappa.csv,confirmed_models,0,sensitivity,0.5533333333333333
confirmed_models/results_full_coverage_improvements/experiments/concat_r2_desc_logreg/external_metrics__concat_r2_desc_logreg__cal_isotonic__thr_kappa.csv,confirmed_models__results_full_coverage_improvements__experiments__concat_r2_desc_logreg__external_metrics__concat_r2_desc_logreg__cal_isotonic__thr_kappa.csv,confirmed_models,0,mcc,0.3903585441561987
confirmed_models/results_full_coverage_improvements/experiments/concat_r2_desc_logreg/external_metrics__concat_r2_desc_logreg__cal_isotonic__thr_kappa.csv,confirmed_models__results_full_coverage_improvements__experiments__concat_r2_desc_logreg__external_metrics__concat_r2_desc_logreg__cal_isotonic__thr_kappa.csv,confirmed_models,0,tp,83.0
confirmed_models/results_full_coverage_improvements/experiments/concat_r2_desc_logreg/external_metrics__concat_r2_desc_logreg__cal_isotonic__thr_kappa.csv,confirmed_models__results_full_coverage_improvements__experiments__concat_r2_desc_logreg__external_metrics__concat_r2_desc_logreg__cal_isotonic__thr_kappa.csv,confirmed_models,0,fp,27.0
confirmed_models/results_full_coverage_improvements/experiments/concat_r2_desc_logreg/external_metrics__concat_r2_desc_logreg__cal_isotonic__thr_kappa.csv,confirmed_models__results_full_coverage_improvements__experiments__concat_r2_desc_logreg__external_metrics__concat_r2_desc_logreg__cal_isotonic__thr_kappa.csv,confirmed_models,0,tn,125.0
confirmed_models/results_full_coverage_improvements/experiments/concat_r2_desc_logreg/external_metrics__concat_r2_desc_logreg__cal_isotonic__thr_kappa.csv,confirmed_models__results_full_coverage_improvements__experiments__concat_r2_desc_logreg__external_metrics__concat_r2_desc_logreg__cal_isotonic__thr_kappa.csv,confirmed_models,0,fn,67.0
confirmed_models/results_full_coverage_improvements/experiments/concat_r2_desc_logreg/external_metrics__concat_r2_desc_logreg__cal_none__thr_f1.csv,confirmed_models__results_full_coverage_improvements__experiments__concat_r2_desc_logreg__external_metrics__concat_r2_desc_logreg__cal_none__thr_f1.csv,confirmed_models,0,accuracy,0.695364238410596
confirmed_models/results_full_coverage_improvements/experiments/concat_r2_desc_logreg/external_metrics__concat_r2_desc_logreg__cal_none__thr_f1.csv,confirmed_models__results_full_coverage_improvements__experiments__concat_r2_desc_logreg__external_metrics__concat_r2_desc_logreg__cal_none__thr_f1.csv,confirmed_models,0,precision,0.68125
confirmed_models/results_full_coverage_improvements/experiments/concat_r2_desc_logreg/external_metrics__concat_r2_desc_logreg__cal_none__thr_f1.csv,confirmed_models__results_full_coverage_improvements__experiments__concat_r2_desc_logreg__external_metrics__concat_r2_desc_logreg__cal_none__thr_f1.csv,confirmed_models,0,recall,0.7266666666666667
confirmed_models/results_full_coverage_improvements/experiments/concat_r2_desc_logreg/external_metrics__concat_r2_desc_logreg__cal_none__thr_f1.csv,confirmed_models__results_full_coverage_improvements__experiments__concat_r2_desc_logreg__external_metrics__concat_r2_desc_logreg__cal_none__thr_f1.csv,confirmed_models,0,f1,0.7032258064516129
confirmed_models/results_full_coverage_improvements/experiments/concat_r2_desc_logreg/external_metrics__concat_r2_desc_logreg__cal_none__thr_f1.csv,confirmed_models__results_full_coverage_improvements__experiments__concat_r2_desc_logreg__external_metrics__concat_r2_desc_logreg__cal_none__thr_f1.csv,confirmed_models,0,kappa,0.3909688733011837
confirmed_models/results_full_coverage_improvements/experiments/concat_r2_desc_logreg/external_metrics__concat_r2_desc_logreg__cal_none__thr_f1.csv,confirmed_models__results_full_coverage_improvements__experiments__concat_r2_desc_logreg__external_metrics__concat_r2_desc_logreg__cal_none__thr_f1.csv,confirmed_models,0,auroc,0.7545175438596492
confirmed_models/results_full_coverage_improvements/experiments/concat_r2_desc_logreg/external_metrics__concat_r2_desc_logreg__cal_none__thr_f1.csv,confirmed_models__results_full_coverage_improvements__experiments__concat_r2_desc_logreg__external_metrics__concat_r2_desc_logreg__cal_none__thr_f1.csv,confirmed_models,0,specificity,0.6644736842105263
confirmed_models/results_full_coverage_improvements/experiments/concat_r2_desc_logreg/external_metrics__concat_r2_desc_logreg__cal_none__thr_f1.csv,confirmed_models__results_full_coverage_improvements__experiments__concat_r2_desc_logreg__external_metrics__concat_r2_desc_logreg__cal_none__thr_f1.csv,confirmed_models,0,sensitivity,0.7266666666666667
confirmed_models/results_full_coverage_improvements/experiments/concat_r2_desc_logreg/external_metrics__concat_r2_desc_logreg__cal_none__thr_f1.csv,confirmed_models__results_full_coverage_improvements__experiments__concat_r2_desc_logreg__external_metrics__concat_r2_desc_logreg__cal_none__thr_f1.csv,confirmed_models,0,mcc,0.3918283731343115
confirmed_models/results_full_coverage_improvements/experiments/concat_r2_desc_logreg/external_metrics__concat_r2_desc_logreg__cal_none__thr_f1.csv,confirmed_models__results_full_coverage_improvements__experiments__concat_r2_desc_logreg__external_metrics__concat_r2_desc_logreg__cal_none__thr_f1.csv,confirmed_models,0,tp,109.0
confirmed_models/results_full_coverage_improvements/experiments/concat_r2_desc_logreg/external_metrics__concat_r2_desc_logreg__cal_none__thr_f1.csv,confirmed_models__results_full_coverage_improvements__experiments__concat_r2_desc_logreg__external_metrics__concat_r2_desc_logreg__cal_none__thr_f1.csv,confirmed_models,0,fp,51.0
confirmed_models/results_full_coverage_improvements/experiments/concat_r2_desc_logreg/external_metrics__concat_r2_desc_logreg__cal_none__thr_f1.csv,confirmed_models__results_full_coverage_improvements__experiments__concat_r2_desc_logreg__external_metrics__concat_r2_desc_logreg__cal_none__thr_f1.csv,confirmed_models,0,tn,101.0
confirmed_models/results_full_coverage_improvements/experiments/concat_r2_desc_logreg/external_metrics__concat_r2_desc_logreg__cal_none__thr_f1.csv,confirmed_models__results_full_coverage_improvements__experiments__concat_r2_desc_logreg__external_metrics__concat_r2_desc_logreg__cal_none__thr_f1.csv,confirmed_models,0,fn,41.0
confirmed_models/results_full_coverage_improvements/experiments/concat_r2_desc_logreg/external_metrics__concat_r2_desc_logreg__cal_none__thr_kappa.csv,confirmed_models__results_full_coverage_improvements__experiments__concat_r2_desc_logreg__external_metrics__concat_r2_desc_logreg__cal_none__thr_kappa.csv,confirmed_models,0,accuracy,0.695364238410596
confirmed_models/results_full_coverage_improvements/experiments/concat_r2_desc_logreg/external_metrics__concat_r2_desc_logreg__cal_none__thr_kappa.csv,confirmed_models__results_full_coverage_improvements__experiments__concat_r2_desc_logreg__external_metrics__concat_r2_desc_logreg__cal_none__thr_kappa.csv,confirmed_models,0,precision,0.68125
confirmed_models/results_full_coverage_improvements/experiments/concat_r2_desc_logreg/external_metrics__concat_r2_desc_logreg__cal_none__thr_kappa.csv,confirmed_models__results_full_coverage_improvements__experiments__concat_r2_desc_logreg__external_metrics__concat_r2_desc_logreg__cal_none__thr_kappa.csv,confirmed_models,0,recall,0.7266666666666667
confirmed_models/results_full_coverage_improvements/experiments/concat_r2_desc_logreg/external_metrics__concat_r2_desc_logreg__cal_none__thr_kappa.csv,confirmed_models__results_full_coverage_improvements__experiments__concat_r2_desc_logreg__external_metrics__concat_r2_desc_logreg__cal_none__thr_kappa.csv,confirmed_models,0,f1,0.7032258064516129
confirmed_models/results_full_coverage_improvements/experiments/concat_r2_desc_logreg/external_metrics__concat_r2_desc_logreg__cal_none__thr_kappa.csv,confirmed_models__results_full_coverage_improvements__experiments__concat_r2_desc_logreg__external_metrics__concat_r2_desc_logreg__cal_none__thr_kappa.csv,confirmed_models,0,kappa,0.3909688733011837
confirmed_models/results_full_coverage_improvements/experiments/concat_r2_desc_logreg/external_metrics__concat_r2_desc_logreg__cal_none__thr_kappa.csv,confirmed_models__results_full_coverage_improvements__experiments__concat_r2_desc_logreg__external_metrics__concat_r2_desc_logreg__cal_none__thr_kappa.csv,confirmed_models,0,auroc,0.7545175438596492
confirmed_models/results_full_coverage_improvements/experiments/concat_r2_desc_logreg/external_metrics__concat_r2_desc_logreg__cal_none__thr_kappa.csv,confirmed_models__results_full_coverage_improvements__experiments__concat_r2_desc_logreg__external_metrics__concat_r2_desc_logreg__cal_none__thr_kappa.csv,confirmed_models,0,specificity,0.6644736842105263
confirmed_models/results_full_coverage_improvements/experiments/concat_r2_desc_logreg/external_metrics__concat_r2_desc_logreg__cal_none__thr_kappa.csv,confirmed_models__results_full_coverage_improvements__experiments__concat_r2_desc_logreg__external_metrics__concat_r2_desc_logreg__cal_none__thr_kappa.csv,confirmed_models,0,sensitivity,0.7266666666666667
confirmed_models/results_full_coverage_improvements/experiments/concat_r2_desc_logreg/external_metrics__concat_r2_desc_logreg__cal_none__thr_kappa.csv,confirmed_models__results_full_coverage_improvements__experiments__concat_r2_desc_logreg__external_metrics__concat_r2_desc_logreg__cal_none__thr_kappa.csv,confirmed_models,0,mcc,0.3918283731343115
confirmed_models/results_full_coverage_improvements/experiments/concat_r2_desc_logreg/external_metrics__concat_r2_desc_logreg__cal_none__thr_kappa.csv,confirmed_models__results_full_coverage_improvements__experiments__concat_r2_desc_logreg__external_metrics__concat_r2_desc_logreg__cal_none__thr_kappa.csv,confirmed_models,0,tp,109.0
confirmed_models/results_full_coverage_improvements/experiments/concat_r2_desc_logreg/external_metrics__concat_r2_desc_logreg__cal_none__thr_kappa.csv,confirmed_models__results_full_coverage_improvements__experiments__concat_r2_desc_logreg__external_metrics__concat_r2_desc_logreg__cal_none__thr_kappa.csv,confirmed_models,0,fp,51.0
confirmed_models/results_full_coverage_improvements/experiments/concat_r2_desc_logreg/external_metrics__concat_r2_desc_logreg__cal_none__thr_kappa.csv,confirmed_models__results_full_coverage_improvements__experiments__concat_r2_desc_logreg__external_metrics__concat_r2_desc_logreg__cal_none__thr_kappa.csv,confirmed_models,0,tn,101.0
confirmed_models/results_full_coverage_improvements/experiments/concat_r2_desc_logreg/external_metrics__concat_r2_desc_logreg__cal_none__thr_kappa.csv,confirmed_models__results_full_coverage_improvements__experiments__concat_r2_desc_logreg__external_metrics__concat_r2_desc_logreg__cal_none__thr_kappa.csv,confirmed_models,0,fn,41.0
confirmed_models/results_full_coverage_improvements/experiments/concat_r2_desc_logreg/external_metrics__concat_r2_desc_logreg__cal_sigmoid__thr_f1.csv,confirmed_models__results_full_coverage_improvements__experiments__concat_r2_desc_logreg__external_metrics__concat_r2_desc_logreg__cal_sigmoid__thr_f1.csv,confirmed_models,0,accuracy,0.695364238410596
confirmed_models/results_full_coverage_improvements/experiments/concat_r2_desc_logreg/external_metrics__concat_r2_desc_logreg__cal_sigmoid__thr_f1.csv,confirmed_models__results_full_coverage_improvements__experiments__concat_r2_desc_logreg__external_metrics__concat_r2_desc_logreg__cal_sigmoid__thr_f1.csv,confirmed_models,0,precision,0.68125
confirmed_models/results_full_coverage_improvements/experiments/concat_r2_desc_logreg/external_metrics__concat_r2_desc_logreg__cal_sigmoid__thr_f1.csv,confirmed_models__results_full_coverage_improvements__experiments__concat_r2_desc_logreg__external_metrics__concat_r2_desc_logreg__cal_sigmoid__thr_f1.csv,confirmed_models,0,recall,0.7266666666666667
confirmed_models/results_full_coverage_improvements/experiments/concat_r2_desc_logreg/external_metrics__concat_r2_desc_logreg__cal_sigmoid__thr_f1.csv,confirmed_models__results_full_coverage_improvements__experiments__concat_r2_desc_logreg__external_metrics__concat_r2_desc_logreg__cal_sigmoid__thr_f1.csv,confirmed_models,0,f1,0.7032258064516129
confirmed_models/results_full_coverage_improvements/experiments/concat_r2_desc_logreg/external_metrics__concat_r2_desc_logreg__cal_sigmoid__thr_f1.csv,confirmed_models__results_full_coverage_improvements__experiments__concat_r2_desc_logreg__external_metrics__concat_r2_desc_logreg__cal_sigmoid__thr_f1.csv,confirmed_models,0,kappa,0.3909688733011837
confirmed_models/results_full_coverage_improvements/experiments/concat_r2_desc_logreg/external_metrics__concat_r2_desc_logreg__cal_sigmoid__thr_f1.csv,confirmed_models__results_full_coverage_improvements__experiments__concat_r2_desc_logreg__external_metrics__concat_r2_desc_logreg__cal_sigmoid__thr_f1.csv,confirmed_models,0,auroc,0.7545175438596492
confirmed_models/results_full_coverage_improvements/experiments/concat_r2_desc_logreg/external_metrics__concat_r2_desc_logreg__cal_sigmoid__thr_f1.csv,confirmed_models__results_full_coverage_improvements__experiments__concat_r2_desc_logreg__external_metrics__concat_r2_desc_logreg__cal_sigmoid__thr_f1.csv,confirmed_models,0,specificity,0.6644736842105263
confirmed_models/results_full_coverage_improvements/experiments/concat_r2_desc_logreg/external_metrics__concat_r2_desc_logreg__cal_sigmoid__thr_f1.csv,confirmed_models__results_full_coverage_improvements__experiments__concat_r2_desc_logreg__external_metrics__concat_r2_desc_logreg__cal_sigmoid__thr_f1.csv,confirmed_models,0,sensitivity,0.7266666666666667
confirmed_models/results_full_coverage_improvements/experiments/concat_r2_desc_logreg/external_metrics__concat_r2_desc_logreg__cal_sigmoid__thr_f1.csv,confirmed_models__results_full_coverage_improvements__experiments__concat_r2_desc_logreg__external_metrics__concat_r2_desc_logreg__cal_sigmoid__thr_f1.csv,confirmed_models,0,mcc,0.3918283731343115
confirmed_models/results_full_coverage_improvements/experiments/concat_r2_desc_logreg/external_metrics__concat_r2_desc_logreg__cal_sigmoid__thr_f1.csv,confirmed_models__results_full_coverage_improvements__experiments__concat_r2_desc_logreg__external_metrics__concat_r2_desc_logreg__cal_sigmoid__thr_f1.csv,confirmed_models,0,tp,109.0
confirmed_models/results_full_coverage_improvements/experiments/concat_r2_desc_logreg/external_metrics__concat_r2_desc_logreg__cal_sigmoid__thr_f1.csv,confirmed_models__results_full_coverage_improvements__experiments__concat_r2_desc_logreg__external_metrics__concat_r2_desc_logreg__cal_sigmoid__thr_f1.csv,confirmed_models,0,fp,51.0
confirmed_models/results_full_coverage_improvements/experiments/concat_r2_desc_logreg/external_metrics__concat_r2_desc_logreg__cal_sigmoid__thr_f1.csv,confirmed_models__results_full_coverage_improvements__experiments__concat_r2_desc_logreg__external_metrics__concat_r2_desc_logreg__cal_sigmoid__thr_f1.csv,confirmed_models,0,tn,101.0
confirmed_models/results_full_coverage_improvements/experiments/concat_r2_desc_logreg/external_metrics__concat_r2_desc_logreg__cal_sigmoid__thr_f1.csv,confirmed_models__results_full_coverage_improvements__experiments__concat_r2_desc_logreg__external_metrics__concat_r2_desc_logreg__cal_sigmoid__thr_f1.csv,confirmed_models,0,fn,41.0
confirmed_models/results_full_coverage_improvements/experiments/concat_r2_desc_logreg/external_metrics__concat_r2_desc_logreg__cal_sigmoid__thr_kappa.csv,confirmed_models__results_full_coverage_improvements__experiments__concat_r2_desc_logreg__external_metrics__concat_r2_desc_logreg__cal_sigmoid__thr_kappa.csv,confirmed_models,0,accuracy,0.7086092715231788
confirmed_models/results_full_coverage_improvements/experiments/concat_r2_desc_logreg/external_metrics__concat_r2_desc_logreg__cal_sigmoid__thr_kappa.csv,confirmed_models__results_full_coverage_improvements__experiments__concat_r2_desc_logreg__external_metrics__concat_r2_desc_logreg__cal_sigmoid__thr_kappa.csv,confirmed_models,0,precision,0.7183098591549296
confirmed_models/results_full_coverage_improvements/experiments/concat_r2_desc_logreg/external_metrics__concat_r2_desc_logreg__cal_sigmoid__thr_kappa.csv,confirmed_models__results_full_coverage_improvements__experiments__concat_r2_desc_logreg__external_metrics__concat_r2_desc_logreg__cal_sigmoid__thr_kappa.csv,confirmed_models,0,recall,0.68
confirmed_models/results_full_coverage_improvements/experiments/concat_r2_desc_logreg/external_metrics__concat_r2_desc_logreg__cal_sigmoid__thr_kappa.csv,confirmed_models__results_full_coverage_improvements__experiments__concat_r2_desc_logreg__external_metrics__concat_r2_desc_logreg__cal_sigmoid__thr_kappa.csv,confirmed_models,0,f1,0.6986301369863014
confirmed_models/results_full_coverage_improvements/experiments/concat_r2_desc_logreg/external_metrics__concat_r2_desc_logreg__cal_sigmoid__thr_kappa.csv,confirmed_models__results_full_coverage_improvements__experiments__concat_r2_desc_logreg__external_metrics__concat_r2_desc_logreg__cal_sigmoid__thr_kappa.csv,confirmed_models,0,kappa,0.416988416988417
confirmed_models/results_full_coverage_improvements/experiments/concat_r2_desc_logreg/external_metrics__concat_r2_desc_logreg__cal_sigmoid__thr_kappa.csv,confirmed_models__results_full_coverage_improvements__experiments__concat_r2_desc_logreg__external_metrics__concat_r2_desc_logreg__cal_sigmoid__thr_kappa.csv,confirmed_models,0,auroc,0.7545175438596492
confirmed_models/results_full_coverage_improvements/experiments/concat_r2_desc_logreg/external_metrics__concat_r2_desc_logreg__cal_sigmoid__thr_kappa.csv,confirmed_models__results_full_coverage_improvements__experiments__concat_r2_desc_logreg__external_metrics__concat_r2_desc_logreg__cal_sigmoid__thr_kappa.csv,confirmed_models,0,specificity,0.7368421052631579
confirmed_models/results_full_coverage_improvements/experiments/concat_r2_desc_logreg/external_metrics__concat_r2_desc_logreg__cal_sigmoid__thr_kappa.csv,confirmed_models__results_full_coverage_improvements__experiments__concat_r2_desc_logreg__external_metrics__concat_r2_desc_logreg__cal_sigmoid__thr_kappa.csv,confirmed_models,0,sensitivity,0.68
confirmed_models/results_full_coverage_improvements/experiments/concat_r2_desc_logreg/external_metrics__concat_r2_desc_logreg__cal_sigmoid__thr_kappa.csv,confirmed_models__results_full_coverage_improvements__experiments__concat_r2_desc_logreg__external_metrics__concat_r2_desc_logreg__cal_sigmoid__thr_kappa.csv,confirmed_models,0,mcc,0.417575337325465
confirmed_models/results_full_coverage_improvements/experiments/concat_r2_desc_logreg/external_metrics__concat_r2_desc_logreg__cal_sigmoid__thr_kappa.csv,confirmed_models__results_full_coverage_improvements__experiments__concat_r2_desc_logreg__external_metrics__concat_r2_desc_logreg__cal_sigmoid__thr_kappa.csv,confirmed_models,0,tp,102.0
confirmed_models/results_full_coverage_improvements/experiments/concat_r2_desc_logreg/external_metrics__concat_r2_desc_logreg__cal_sigmoid__thr_kappa.csv,confirmed_models__results_full_coverage_improvements__experiments__concat_r2_desc_logreg__external_metrics__concat_r2_desc_logreg__cal_sigmoid__thr_kappa.csv,confirmed_models,0,fp,40.0
confirmed_models/results_full_coverage_improvements/experiments/concat_r2_desc_logreg/external_metrics__concat_r2_desc_logreg__cal_sigmoid__thr_kappa.csv,confirmed_models__results_full_coverage_improvements__experiments__concat_r2_desc_logreg__external_metrics__concat_r2_desc_logreg__cal_sigmoid__thr_kappa.csv,confirmed_models,0,tn,112.0
confirmed_models/results_full_coverage_improvements/experiments/concat_r2_desc_logreg/external_metrics__concat_r2_desc_logreg__cal_sigmoid__thr_kappa.csv,confirmed_models__results_full_coverage_improvements__experiments__concat_r2_desc_logreg__external_metrics__concat_r2_desc_logreg__cal_sigmoid__thr_kappa.csv,confirmed_models,0,fn,48.0
confirmed_models/results_full_coverage_improvements/experiments/descriptor_logreg/external_metrics__descriptor_logreg__cal_isotonic__thr_f1.csv,confirmed_models__results_full_coverage_improvements__experiments__descriptor_logreg__external_metrics__descriptor_logreg__cal_isotonic__thr_f1.csv,confirmed_models,0,accuracy,0.6655629139072847
confirmed_models/results_full_coverage_improvements/experiments/descriptor_logreg/external_metrics__descriptor_logreg__cal_isotonic__thr_f1.csv,confirmed_models__results_full_coverage_improvements__experiments__descriptor_logreg__external_metrics__descriptor_logreg__cal_isotonic__thr_f1.csv,confirmed_models,0,precision,0.6580645161290323
confirmed_models/results_full_coverage_improvements/experiments/descriptor_logreg/external_metrics__descriptor_logreg__cal_isotonic__thr_f1.csv,confirmed_models__results_full_coverage_improvements__experiments__descriptor_logreg__external_metrics__descriptor_logreg__cal_isotonic__thr_f1.csv,confirmed_models,0,recall,0.68
confirmed_models/results_full_coverage_improvements/experiments/descriptor_logreg/external_metrics__descriptor_logreg__cal_isotonic__thr_f1.csv,confirmed_models__results_full_coverage_improvements__experiments__descriptor_logreg__external_metrics__descriptor_logreg__cal_isotonic__thr_f1.csv,confirmed_models,0,f1,0.6688524590163935
confirmed_models/results_full_coverage_improvements/experiments/descriptor_logreg/external_metrics__descriptor_logreg__cal_isotonic__thr_f1.csv,confirmed_models__results_full_coverage_improvements__experiments__descriptor_logreg__external_metrics__descriptor_logreg__cal_isotonic__thr_f1.csv,confirmed_models,0,kappa,0.3312431484323613
confirmed_models/results_full_coverage_improvements/experiments/descriptor_logreg/external_metrics__descriptor_logreg__cal_isotonic__thr_f1.csv,confirmed_models__results_full_coverage_improvements__experiments__descriptor_logreg__external_metrics__descriptor_logreg__cal_isotonic__thr_f1.csv,confirmed_models,0,auroc,0.7166447368421052
confirmed_models/results_full_coverage_improvements/experiments/descriptor_logreg/external_metrics__descriptor_logreg__cal_isotonic__thr_f1.csv,confirmed_models__results_full_coverage_improvements__experiments__descriptor_logreg__external_metrics__descriptor_logreg__cal_isotonic__thr_f1.csv,confirmed_models,0,specificity,0.6513157894736842
confirmed_models/results_full_coverage_improvements/experiments/descriptor_logreg/external_metrics__descriptor_logreg__cal_isotonic__thr_f1.csv,confirmed_models__results_full_coverage_improvements__experiments__descriptor_logreg__external_metrics__descriptor_logreg__cal_isotonic__thr_f1.csv,confirmed_models,0,sensitivity,0.68
confirmed_models/results_full_coverage_improvements/experiments/descriptor_logreg/external_metrics__descriptor_logreg__cal_isotonic__thr_f1.csv,confirmed_models__results_full_coverage_improvements__experiments__descriptor_logreg__external_metrics__descriptor_logreg__cal_isotonic__thr_f1.csv,confirmed_models,0,mcc,0.3314248287359662
confirmed_models/results_full_coverage_improvements/experiments/descriptor_logreg/external_metrics__descriptor_logreg__cal_isotonic__thr_f1.csv,confirmed_models__results_full_coverage_improvements__experiments__descriptor_logreg__external_metrics__descriptor_logreg__cal_isotonic__thr_f1.csv,confirmed_models,0,tp,102.0
confirmed_models/results_full_coverage_improvements/experiments/descriptor_logreg/external_metrics__descriptor_logreg__cal_isotonic__thr_f1.csv,confirmed_models__results_full_coverage_improvements__experiments__descriptor_logreg__external_metrics__descriptor_logreg__cal_isotonic__thr_f1.csv,confirmed_models,0,fp,53.0
confirmed_models/results_full_coverage_improvements/experiments/descriptor_logreg/external_metrics__descriptor_logreg__cal_isotonic__thr_f1.csv,confirmed_models__results_full_coverage_improvements__experiments__descriptor_logreg__external_metrics__descriptor_logreg__cal_isotonic__thr_f1.csv,confirmed_models,0,tn,99.0
confirmed_models/results_full_coverage_improvements/experiments/descriptor_logreg/external_metrics__descriptor_logreg__cal_isotonic__thr_f1.csv,confirmed_models__results_full_coverage_improvements__experiments__descriptor_logreg__external_metrics__descriptor_logreg__cal_isotonic__thr_f1.csv,confirmed_models,0,fn,48.0
confirmed_models/results_full_coverage_improvements/experiments/descriptor_logreg/external_metrics__descriptor_logreg__cal_isotonic__thr_kappa.csv,confirmed_models__results_full_coverage_improvements__experiments__descriptor_logreg__external_metrics__descriptor_logreg__cal_isotonic__thr_kappa.csv,confirmed_models,0,accuracy,0.6887417218543046
confirmed_models/results_full_coverage_improvements/experiments/descriptor_logreg/external_metrics__descriptor_logreg__cal_isotonic__thr_kappa.csv,confirmed_models__results_full_coverage_improvements__experiments__descriptor_logreg__external_metrics__descriptor_logreg__cal_isotonic__thr_kappa.csv,confirmed_models,0,precision,0.7153846153846154
confirmed_models/results_full_coverage_improvements/experiments/descriptor_logreg/external_metrics__descriptor_logreg__cal_isotonic__thr_kappa.csv,confirmed_models__results_full_coverage_improvements__experiments__descriptor_logreg__external_metrics__descriptor_logreg__cal_isotonic__thr_kappa.csv,confirmed_models,0,recall,0.62
confirmed_models/results_full_coverage_improvements/experiments/descriptor_logreg/external_metrics__descriptor_logreg__cal_isotonic__thr_kappa.csv,confirmed_models__results_full_coverage_improvements__experiments__descriptor_logreg__external_metrics__descriptor_logreg__cal_isotonic__thr_kappa.csv,confirmed_models,0,f1,0.6642857142857143
confirmed_models/results_full_coverage_improvements/experiments/descriptor_logreg/external_metrics__descriptor_logreg__cal_isotonic__thr_kappa.csv,confirmed_models__results_full_coverage_improvements__experiments__descriptor_logreg__external_metrics__descriptor_logreg__cal_isotonic__thr_kappa.csv,confirmed_models,0,kappa,0.3769095697980684
confirmed_models/results_full_coverage_improvements/experiments/descriptor_logreg/external_metrics__descriptor_logreg__cal_isotonic__thr_kappa.csv,confirmed_models__results_full_coverage_improvements__experiments__descriptor_logreg__external_metrics__descriptor_logreg__cal_isotonic__thr_kappa.csv,confirmed_models,0,auroc,0.7166447368421052
confirmed_models/results_full_coverage_improvements/experiments/descriptor_logreg/external_metrics__descriptor_logreg__cal_isotonic__thr_kappa.csv,confirmed_models__results_full_coverage_improvements__experiments__descriptor_logreg__external_metrics__descriptor_logreg__cal_isotonic__thr_kappa.csv,confirmed_models,0,specificity,0.756578947368421
confirmed_models/results_full_coverage_improvements/experiments/descriptor_logreg/external_metrics__descriptor_logreg__cal_isotonic__thr_kappa.csv,confirmed_models__results_full_coverage_improvements__experiments__descriptor_logreg__external_metrics__descriptor_logreg__cal_isotonic__thr_kappa.csv,confirmed_models,0,sensitivity,0.62
confirmed_models/results_full_coverage_improvements/experiments/descriptor_logreg/external_metrics__descriptor_logreg__cal_isotonic__thr_kappa.csv,confirmed_models__results_full_coverage_improvements__experiments__descriptor_logreg__external_metrics__descriptor_logreg__cal_isotonic__thr_kappa.csv,confirmed_models,0,mcc,0.3802660565935306
confirmed_models/results_full_coverage_improvements/experiments/descriptor_logreg/external_metrics__descriptor_logreg__cal_isotonic__thr_kappa.csv,confirmed_models__results_full_coverage_improvements__experiments__descriptor_logreg__external_metrics__descriptor_logreg__cal_isotonic__thr_kappa.csv,confirmed_models,0,tp,93.0
confirmed_models/results_full_coverage_improvements/experiments/descriptor_logreg/external_metrics__descriptor_logreg__cal_isotonic__thr_kappa.csv,confirmed_models__results_full_coverage_improvements__experiments__descriptor_logreg__external_metrics__descriptor_logreg__cal_isotonic__thr_kappa.csv,confirmed_models,0,fp,37.0
confirmed_models/results_full_coverage_improvements/experiments/descriptor_logreg/external_metrics__descriptor_logreg__cal_isotonic__thr_kappa.csv,confirmed_models__results_full_coverage_improvements__experiments__descriptor_logreg__external_metrics__descriptor_logreg__cal_isotonic__thr_kappa.csv,confirmed_models,0,tn,115.0
confirmed_models/results_full_coverage_improvements/experiments/descriptor_logreg/external_metrics__descriptor_logreg__cal_isotonic__thr_kappa.csv,confirmed_models__results_full_coverage_improvements__experiments__descriptor_logreg__external_metrics__descriptor_logreg__cal_isotonic__thr_kappa.csv,confirmed_models,0,fn,57.0
confirmed_models/results_full_coverage_improvements/experiments/descriptor_logreg/external_metrics__descriptor_logreg__cal_none__thr_f1.csv,confirmed_models__results_full_coverage_improvements__experiments__descriptor_logreg__external_metrics__descriptor_logreg__cal_none__thr_f1.csv,confirmed_models,0,accuracy,0.6721854304635762
confirmed_models/results_full_coverage_improvements/experiments/descriptor_logreg/external_metrics__descriptor_logreg__cal_none__thr_f1.csv,confirmed_models__results_full_coverage_improvements__experiments__descriptor_logreg__external_metrics__descriptor_logreg__cal_none__thr_f1.csv,confirmed_models,0,precision,0.6666666666666666
confirmed_models/results_full_coverage_improvements/experiments/descriptor_logreg/external_metrics__descriptor_logreg__cal_none__thr_f1.csv,confirmed_models__results_full_coverage_improvements__experiments__descriptor_logreg__external_metrics__descriptor_logreg__cal_none__thr_f1.csv,confirmed_models,0,recall,0.68
confirmed_models/results_full_coverage_improvements/experiments/descriptor_logreg/external_metrics__descriptor_logreg__cal_none__thr_f1.csv,confirmed_models__results_full_coverage_improvements__experiments__descriptor_logreg__external_metrics__descriptor_logreg__cal_none__thr_f1.csv,confirmed_models,0,f1,0.6732673267326733
confirmed_models/results_full_coverage_improvements/experiments/descriptor_logreg/external_metrics__descriptor_logreg__cal_none__thr_f1.csv,confirmed_models__results_full_coverage_improvements__experiments__descriptor_logreg__external_metrics__descriptor_logreg__cal_none__thr_f1.csv,confirmed_models,0,kappa,0.3444283646888567
confirmed_models/results_full_coverage_improvements/experiments/descriptor_logreg/external_metrics__descriptor_logreg__cal_none__thr_f1.csv,confirmed_models__results_full_coverage_improvements__experiments__descriptor_logreg__external_metrics__descriptor_logreg__cal_none__thr_f1.csv,confirmed_models,0,auroc,0.7180263157894736
confirmed_models/results_full_coverage_improvements/experiments/descriptor_logreg/external_metrics__descriptor_logreg__cal_none__thr_f1.csv,confirmed_models__results_full_coverage_improvements__experiments__descriptor_logreg__external_metrics__descriptor_logreg__cal_none__thr_f1.csv,confirmed_models,0,specificity,0.6644736842105263
confirmed_models/results_full_coverage_improvements/experiments/descriptor_logreg/external_metrics__descriptor_logreg__cal_none__thr_f1.csv,confirmed_models__results_full_coverage_improvements__experiments__descriptor_logreg__external_metrics__descriptor_logreg__cal_none__thr_f1.csv,confirmed_models,0,sensitivity,0.68
confirmed_models/results_full_coverage_improvements/experiments/descriptor_logreg/external_metrics__descriptor_logreg__cal_none__thr_f1.csv,confirmed_models__results_full_coverage_improvements__experiments__descriptor_logreg__external_metrics__descriptor_logreg__cal_none__thr_f1.csv,confirmed_models,0,mcc,0.3444963491896087
confirmed_models/results_full_coverage_improvements/experiments/descriptor_logreg/external_metrics__descriptor_logreg__cal_none__thr_f1.csv,confirmed_models__results_full_coverage_improvements__experiments__descriptor_logreg__external_metrics__descriptor_logreg__cal_none__thr_f1.csv,confirmed_models,0,tp,102.0
confirmed_models/results_full_coverage_improvements/experiments/descriptor_logreg/external_metrics__descriptor_logreg__cal_none__thr_f1.csv,confirmed_models__results_full_coverage_improvements__experiments__descriptor_logreg__external_metrics__descriptor_logreg__cal_none__thr_f1.csv,confirmed_models,0,fp,51.0
confirmed_models/results_full_coverage_improvements/experiments/descriptor_logreg/external_metrics__descriptor_logreg__cal_none__thr_f1.csv,confirmed_models__results_full_coverage_improvements__experiments__descriptor_logreg__external_metrics__descriptor_logreg__cal_none__thr_f1.csv,confirmed_models,0,tn,101.0
confirmed_models/results_full_coverage_improvements/experiments/descriptor_logreg/external_metrics__descriptor_logreg__cal_none__thr_f1.csv,confirmed_models__results_full_coverage_improvements__experiments__descriptor_logreg__external_metrics__descriptor_logreg__cal_none__thr_f1.csv,confirmed_models,0,fn,48.0
confirmed_models/results_full_coverage_improvements/experiments/descriptor_logreg/external_metrics__descriptor_logreg__cal_none__thr_kappa.csv,confirmed_models__results_full_coverage_improvements__experiments__descriptor_logreg__external_metrics__descriptor_logreg__cal_none__thr_kappa.csv,confirmed_models,0,accuracy,0.6721854304635762
confirmed_models/results_full_coverage_improvements/experiments/descriptor_logreg/external_metrics__descriptor_logreg__cal_none__thr_kappa.csv,confirmed_models__results_full_coverage_improvements__experiments__descriptor_logreg__external_metrics__descriptor_logreg__cal_none__thr_kappa.csv,confirmed_models,0,precision,0.6666666666666666
confirmed_models/results_full_coverage_improvements/experiments/descriptor_logreg/external_metrics__descriptor_logreg__cal_none__thr_kappa.csv,confirmed_models__results_full_coverage_improvements__experiments__descriptor_logreg__external_metrics__descriptor_logreg__cal_none__thr_kappa.csv,confirmed_models,0,recall,0.68
confirmed_models/results_full_coverage_improvements/experiments/descriptor_logreg/external_metrics__descriptor_logreg__cal_none__thr_kappa.csv,confirmed_models__results_full_coverage_improvements__experiments__descriptor_logreg__external_metrics__descriptor_logreg__cal_none__thr_kappa.csv,confirmed_models,0,f1,0.6732673267326733
confirmed_models/results_full_coverage_improvements/experiments/descriptor_logreg/external_metrics__descriptor_logreg__cal_none__thr_kappa.csv,confirmed_models__results_full_coverage_improvements__experiments__descriptor_logreg__external_metrics__descriptor_logreg__cal_none__thr_kappa.csv,confirmed_models,0,kappa,0.3444283646888567
confirmed_models/results_full_coverage_improvements/experiments/descriptor_logreg/external_metrics__descriptor_logreg__cal_none__thr_kappa.csv,confirmed_models__results_full_coverage_improvements__experiments__descriptor_logreg__external_metrics__descriptor_logreg__cal_none__thr_kappa.csv,confirmed_models,0,auroc,0.7180263157894736
confirmed_models/results_full_coverage_improvements/experiments/descriptor_logreg/external_metrics__descriptor_logreg__cal_none__thr_kappa.csv,confirmed_models__results_full_coverage_improvements__experiments__descriptor_logreg__external_metrics__descriptor_logreg__cal_none__thr_kappa.csv,confirmed_models,0,specificity,0.6644736842105263
confirmed_models/results_full_coverage_improvements/experiments/descriptor_logreg/external_metrics__descriptor_logreg__cal_none__thr_kappa.csv,confirmed_models__results_full_coverage_improvements__experiments__descriptor_logreg__external_metrics__descriptor_logreg__cal_none__thr_kappa.csv,confirmed_models,0,sensitivity,0.68
confirmed_models/results_full_coverage_improvements/experiments/descriptor_logreg/external_metrics__descriptor_logreg__cal_none__thr_kappa.csv,confirmed_models__results_full_coverage_improvements__experiments__descriptor_logreg__external_metrics__descriptor_logreg__cal_none__thr_kappa.csv,confirmed_models,0,mcc,0.3444963491896087
confirmed_models/results_full_coverage_improvements/experiments/descriptor_logreg/external_metrics__descriptor_logreg__cal_none__thr_kappa.csv,confirmed_models__results_full_coverage_improvements__experiments__descriptor_logreg__external_metrics__descriptor_logreg__cal_none__thr_kappa.csv,confirmed_models,0,tp,102.0
confirmed_models/results_full_coverage_improvements/experiments/descriptor_logreg/external_metrics__descriptor_logreg__cal_none__thr_kappa.csv,confirmed_models__results_full_coverage_improvements__experiments__descriptor_logreg__external_metrics__descriptor_logreg__cal_none__thr_kappa.csv,confirmed_models,0,fp,51.0
confirmed_models/results_full_coverage_improvements/experiments/descriptor_logreg/external_metrics__descriptor_logreg__cal_none__thr_kappa.csv,confirmed_models__results_full_coverage_improvements__experiments__descriptor_logreg__external_metrics__descriptor_logreg__cal_none__thr_kappa.csv,confirmed_models,0,tn,101.0
confirmed_models/results_full_coverage_improvements/experiments/descriptor_logreg/external_metrics__descriptor_logreg__cal_none__thr_kappa.csv,confirmed_models__results_full_coverage_improvements__experiments__descriptor_logreg__external_metrics__descriptor_logreg__cal_none__thr_kappa.csv,confirmed_models,0,fn,48.0
confirmed_models/results_full_coverage_improvements/experiments/descriptor_logreg/external_metrics__descriptor_logreg__cal_sigmoid__thr_f1.csv,confirmed_models__results_full_coverage_improvements__experiments__descriptor_logreg__external_metrics__descriptor_logreg__cal_sigmoid__thr_f1.csv,confirmed_models,0,accuracy,0.6721854304635762
confirmed_models/results_full_coverage_improvements/experiments/descriptor_logreg/external_metrics__descriptor_logreg__cal_sigmoid__thr_f1.csv,confirmed_models__results_full_coverage_improvements__experiments__descriptor_logreg__external_metrics__descriptor_logreg__cal_sigmoid__thr_f1.csv,confirmed_models,0,precision,0.6711409395973155
confirmed_models/results_full_coverage_improvements/experiments/descriptor_logreg/external_metrics__descriptor_logreg__cal_sigmoid__thr_f1.csv,confirmed_models__results_full_coverage_improvements__experiments__descriptor_logreg__external_metrics__descriptor_logreg__cal_sigmoid__thr_f1.csv,confirmed_models,0,recall,0.6666666666666666
confirmed_models/results_full_coverage_improvements/experiments/descriptor_logreg/external_metrics__descriptor_logreg__cal_sigmoid__thr_f1.csv,confirmed_models__results_full_coverage_improvements__experiments__descriptor_logreg__external_metrics__descriptor_logreg__cal_sigmoid__thr_f1.csv,confirmed_models,0,f1,0.6688963210702341
confirmed_models/results_full_coverage_improvements/experiments/descriptor_logreg/external_metrics__descriptor_logreg__cal_sigmoid__thr_f1.csv,confirmed_models__results_full_coverage_improvements__experiments__descriptor_logreg__external_metrics__descriptor_logreg__cal_sigmoid__thr_f1.csv,confirmed_models,0,kappa,0.3443133470766262
confirmed_models/results_full_coverage_improvements/experiments/descriptor_logreg/external_metrics__descriptor_logreg__cal_sigmoid__thr_f1.csv,confirmed_models__results_full_coverage_improvements__experiments__descriptor_logreg__external_metrics__descriptor_logreg__cal_sigmoid__thr_f1.csv,confirmed_models,0,auroc,0.7180263157894736
confirmed_models/results_full_coverage_improvements/experiments/descriptor_logreg/external_metrics__descriptor_logreg__cal_sigmoid__thr_f1.csv,confirmed_models__results_full_coverage_improvements__experiments__descriptor_logreg__external_metrics__descriptor_logreg__cal_sigmoid__thr_f1.csv,confirmed_models,0,specificity,0.6776315789473685
confirmed_models/results_full_coverage_improvements/experiments/descriptor_logreg/external_metrics__descriptor_logreg__cal_sigmoid__thr_f1.csv,confirmed_models__results_full_coverage_improvements__experiments__descriptor_logreg__external_metrics__descriptor_logreg__cal_sigmoid__thr_f1.csv,confirmed_models,0,sensitivity,0.6666666666666666
confirmed_models/results_full_coverage_improvements/experiments/descriptor_logreg/external_metrics__descriptor_logreg__cal_sigmoid__thr_f1.csv,confirmed_models__results_full_coverage_improvements__experiments__descriptor_logreg__external_metrics__descriptor_logreg__cal_sigmoid__thr_f1.csv,confirmed_models,0,mcc,0.3443208990499654
confirmed_models/results_full_coverage_improvements/experiments/descriptor_logreg/external_metrics__descriptor_logreg__cal_sigmoid__thr_f1.csv,confirmed_models__results_full_coverage_improvements__experiments__descriptor_logreg__external_metrics__descriptor_logreg__cal_sigmoid__thr_f1.csv,confirmed_models,0,tp,100.0
confirmed_models/results_full_coverage_improvements/experiments/descriptor_logreg/external_metrics__descriptor_logreg__cal_sigmoid__thr_f1.csv,confirmed_models__results_full_coverage_improvements__experiments__descriptor_logreg__external_metrics__descriptor_logreg__cal_sigmoid__thr_f1.csv,confirmed_models,0,fp,49.0
confirmed_models/results_full_coverage_improvements/experiments/descriptor_logreg/external_metrics__descriptor_logreg__cal_sigmoid__thr_f1.csv,confirmed_models__results_full_coverage_improvements__experiments__descriptor_logreg__external_metrics__descriptor_logreg__cal_sigmoid__thr_f1.csv,confirmed_models,0,tn,103.0
confirmed_models/results_full_coverage_improvements/experiments/descriptor_logreg/external_metrics__descriptor_logreg__cal_sigmoid__thr_f1.csv,confirmed_models__results_full_coverage_improvements__experiments__descriptor_logreg__external_metrics__descriptor_logreg__cal_sigmoid__thr_f1.csv,confirmed_models,0,fn,50.0
confirmed_models/results_full_coverage_improvements/experiments/descriptor_logreg/external_metrics__descriptor_logreg__cal_sigmoid__thr_kappa.csv,confirmed_models__results_full_coverage_improvements__experiments__descriptor_logreg__external_metrics__descriptor_logreg__cal_sigmoid__thr_kappa.csv,confirmed_models,0,accuracy,0.6887417218543046
confirmed_models/results_full_coverage_improvements/experiments/descriptor_logreg/external_metrics__descriptor_logreg__cal_sigmoid__thr_kappa.csv,confirmed_models__results_full_coverage_improvements__experiments__descriptor_logreg__external_metrics__descriptor_logreg__cal_sigmoid__thr_kappa.csv,confirmed_models,0,precision,0.7153846153846154
confirmed_models/results_full_coverage_improvements/experiments/descriptor_logreg/external_metrics__descriptor_logreg__cal_sigmoid__thr_kappa.csv,confirmed_models__results_full_coverage_improvements__experiments__descriptor_logreg__external_metrics__descriptor_logreg__cal_sigmoid__thr_kappa.csv,confirmed_models,0,recall,0.62
confirmed_models/results_full_coverage_improvements/experiments/descriptor_logreg/external_metrics__descriptor_logreg__cal_sigmoid__thr_kappa.csv,confirmed_models__results_full_coverage_improvements__experiments__descriptor_logreg__external_metrics__descriptor_logreg__cal_sigmoid__thr_kappa.csv,confirmed_models,0,f1,0.6642857142857143
confirmed_models/results_full_coverage_improvements/experiments/descriptor_logreg/external_metrics__descriptor_logreg__cal_sigmoid__thr_kappa.csv,confirmed_models__results_full_coverage_improvements__experiments__descriptor_logreg__external_metrics__descriptor_logreg__cal_sigmoid__thr_kappa.csv,confirmed_models,0,kappa,0.3769095697980684
confirmed_models/results_full_coverage_improvements/experiments/descriptor_logreg/external_metrics__descriptor_logreg__cal_sigmoid__thr_kappa.csv,confirmed_models__results_full_coverage_improvements__experiments__descriptor_logreg__external_metrics__descriptor_logreg__cal_sigmoid__thr_kappa.csv,confirmed_models,0,auroc,0.7180263157894736
confirmed_models/results_full_coverage_improvements/experiments/descriptor_logreg/external_metrics__descriptor_logreg__cal_sigmoid__thr_kappa.csv,confirmed_models__results_full_coverage_improvements__experiments__descriptor_logreg__external_metrics__descriptor_logreg__cal_sigmoid__thr_kappa.csv,confirmed_models,0,specificity,0.756578947368421
confirmed_models/results_full_coverage_improvements/experiments/descriptor_logreg/external_metrics__descriptor_logreg__cal_sigmoid__thr_kappa.csv,confirmed_models__results_full_coverage_improvements__experiments__descriptor_logreg__external_metrics__descriptor_logreg__cal_sigmoid__thr_kappa.csv,confirmed_models,0,sensitivity,0.62
confirmed_models/results_full_coverage_improvements/experiments/descriptor_logreg/external_metrics__descriptor_logreg__cal_sigmoid__thr_kappa.csv,confirmed_models__results_full_coverage_improvements__experiments__descriptor_logreg__external_metrics__descriptor_logreg__cal_sigmoid__thr_kappa.csv,confirmed_models,0,mcc,0.3802660565935306
confirmed_models/results_full_coverage_improvements/experiments/descriptor_logreg/external_metrics__descriptor_logreg__cal_sigmoid__thr_kappa.csv,confirmed_models__results_full_coverage_improvements__experiments__descriptor_logreg__external_metrics__descriptor_logreg__cal_sigmoid__thr_kappa.csv,confirmed_models,0,tp,93.0
confirmed_models/results_full_coverage_improvements/experiments/descriptor_logreg/external_metrics__descriptor_logreg__cal_sigmoid__thr_kappa.csv,confirmed_models__results_full_coverage_improvements__experiments__descriptor_logreg__external_metrics__descriptor_logreg__cal_sigmoid__thr_kappa.csv,confirmed_models,0,fp,37.0
confirmed_models/results_full_coverage_improvements/experiments/descriptor_logreg/external_metrics__descriptor_logreg__cal_sigmoid__thr_kappa.csv,confirmed_models__results_full_coverage_improvements__experiments__descriptor_logreg__external_metrics__descriptor_logreg__cal_sigmoid__thr_kappa.csv,confirmed_models,0,tn,115.0
confirmed_models/results_full_coverage_improvements/experiments/descriptor_logreg/external_metrics__descriptor_logreg__cal_sigmoid__thr_kappa.csv,confirmed_models__results_full_coverage_improvements__experiments__descriptor_logreg__external_metrics__descriptor_logreg__cal_sigmoid__thr_kappa.csv,confirmed_models,0,fn,57.0
confirmed_models/results_full_coverage_improvements/experiments/distance_exponential_knn_r2/external_metrics__distance_exponential_knn_r2__cal_isotonic__thr_f1.csv,confirmed_models__results_full_coverage_improvements__experiments__distance_exponential_knn_r2__external_metrics__distance_exponential_knn_r2__cal_isotonic__thr_f1.csv,confirmed_models,0,accuracy,0.7649006622516556
confirmed_models/results_full_coverage_improvements/experiments/distance_exponential_knn_r2/external_metrics__distance_exponential_knn_r2__cal_isotonic__thr_f1.csv,confirmed_models__results_full_coverage_improvements__experiments__distance_exponential_knn_r2__external_metrics__distance_exponential_knn_r2__cal_isotonic__thr_f1.csv,confirmed_models,0,precision,0.8319327731092437
confirmed_models/results_full_coverage_improvements/experiments/distance_exponential_knn_r2/external_metrics__distance_exponential_knn_r2__cal_isotonic__thr_f1.csv,confirmed_models__results_full_coverage_improvements__experiments__distance_exponential_knn_r2__external_metrics__distance_exponential_knn_r2__cal_isotonic__thr_f1.csv,confirmed_models,0,recall,0.66
confirmed_models/results_full_coverage_improvements/experiments/distance_exponential_knn_r2/external_metrics__distance_exponential_knn_r2__cal_isotonic__thr_f1.csv,confirmed_models__results_full_coverage_improvements__experiments__distance_exponential_knn_r2__external_metrics__distance_exponential_knn_r2__cal_isotonic__thr_f1.csv,confirmed_models,0,f1,0.7360594795539034
confirmed_models/results_full_coverage_improvements/experiments/distance_exponential_knn_r2/external_metrics__distance_exponential_knn_r2__cal_isotonic__thr_f1.csv,confirmed_models__results_full_coverage_improvements__experiments__distance_exponential_knn_r2__external_metrics__distance_exponential_knn_r2__cal_isotonic__thr_f1.csv,confirmed_models,0,kappa,0.5291404980455883
confirmed_models/results_full_coverage_improvements/experiments/distance_exponential_knn_r2/external_metrics__distance_exponential_knn_r2__cal_isotonic__thr_f1.csv,confirmed_models__results_full_coverage_improvements__experiments__distance_exponential_knn_r2__external_metrics__distance_exponential_knn_r2__cal_isotonic__thr_f1.csv,confirmed_models,0,auroc,0.8406140350877194
confirmed_models/results_full_coverage_improvements/experiments/distance_exponential_knn_r2/external_metrics__distance_exponential_knn_r2__cal_isotonic__thr_f1.csv,confirmed_models__results_full_coverage_improvements__experiments__distance_exponential_knn_r2__external_metrics__distance_exponential_knn_r2__cal_isotonic__thr_f1.csv,confirmed_models,0,specificity,0.868421052631579
confirmed_models/results_full_coverage_improvements/experiments/distance_exponential_knn_r2/external_metrics__distance_exponential_knn_r2__cal_isotonic__thr_f1.csv,confirmed_models__results_full_coverage_improvements__experiments__distance_exponential_knn_r2__external_metrics__distance_exponential_knn_r2__cal_isotonic__thr_f1.csv,confirmed_models,0,sensitivity,0.66
confirmed_models/results_full_coverage_improvements/experiments/distance_exponential_knn_r2/external_metrics__distance_exponential_knn_r2__cal_isotonic__thr_f1.csv,confirmed_models__results_full_coverage_improvements__experiments__distance_exponential_knn_r2__external_metrics__distance_exponential_knn_r2__cal_isotonic__thr_f1.csv,confirmed_models,0,mcc,0.5406902146005779
confirmed_models/results_full_coverage_improvements/experiments/distance_exponential_knn_r2/external_metrics__distance_exponential_knn_r2__cal_isotonic__thr_f1.csv,confirmed_models__results_full_coverage_improvements__experiments__distance_exponential_knn_r2__external_metrics__distance_exponential_knn_r2__cal_isotonic__thr_f1.csv,confirmed_models,0,tp,99.0
confirmed_models/results_full_coverage_improvements/experiments/distance_exponential_knn_r2/external_metrics__distance_exponential_knn_r2__cal_isotonic__thr_f1.csv,confirmed_models__results_full_coverage_improvements__experiments__distance_exponential_knn_r2__external_metrics__distance_exponential_knn_r2__cal_isotonic__thr_f1.csv,confirmed_models,0,fp,20.0
confirmed_models/results_full_coverage_improvements/experiments/distance_exponential_knn_r2/external_metrics__distance_exponential_knn_r2__cal_isotonic__thr_f1.csv,confirmed_models__results_full_coverage_improvements__experiments__distance_exponential_knn_r2__external_metrics__distance_exponential_knn_r2__cal_isotonic__thr_f1.csv,confirmed_models,0,tn,132.0
confirmed_models/results_full_coverage_improvements/experiments/distance_exponential_knn_r2/external_metrics__distance_exponential_knn_r2__cal_isotonic__thr_f1.csv,confirmed_models__results_full_coverage_improvements__experiments__distance_exponential_knn_r2__external_metrics__distance_exponential_knn_r2__cal_isotonic__thr_f1.csv,confirmed_models,0,fn,51.0
confirmed_models/results_full_coverage_improvements/experiments/distance_exponential_knn_r2/external_metrics__distance_exponential_knn_r2__cal_isotonic__thr_kappa.csv,confirmed_models__results_full_coverage_improvements__experiments__distance_exponential_knn_r2__external_metrics__distance_exponential_knn_r2__cal_isotonic__thr_kappa.csv,confirmed_models,0,accuracy,0.7649006622516556
confirmed_models/results_full_coverage_improvements/experiments/distance_exponential_knn_r2/external_metrics__distance_exponential_knn_r2__cal_isotonic__thr_kappa.csv,confirmed_models__results_full_coverage_improvements__experiments__distance_exponential_knn_r2__external_metrics__distance_exponential_knn_r2__cal_isotonic__thr_kappa.csv,confirmed_models,0,precision,0.8319327731092437
confirmed_models/results_full_coverage_improvements/experiments/distance_exponential_knn_r2/external_metrics__distance_exponential_knn_r2__cal_isotonic__thr_kappa.csv,confirmed_models__results_full_coverage_improvements__experiments__distance_exponential_knn_r2__external_metrics__distance_exponential_knn_r2__cal_isotonic__thr_kappa.csv,confirmed_models,0,recall,0.66
confirmed_models/results_full_coverage_improvements/experiments/distance_exponential_knn_r2/external_metrics__distance_exponential_knn_r2__cal_isotonic__thr_kappa.csv,confirmed_models__results_full_coverage_improvements__experiments__distance_exponential_knn_r2__external_metrics__distance_exponential_knn_r2__cal_isotonic__thr_kappa.csv,confirmed_models,0,f1,0.7360594795539034
confirmed_models/results_full_coverage_improvements/experiments/distance_exponential_knn_r2/external_metrics__distance_exponential_knn_r2__cal_isotonic__thr_kappa.csv,confirmed_models__results_full_coverage_improvements__experiments__distance_exponential_knn_r2__external_metrics__distance_exponential_knn_r2__cal_isotonic__thr_kappa.csv,confirmed_models,0,kappa,0.5291404980455883
confirmed_models/results_full_coverage_improvements/experiments/distance_exponential_knn_r2/external_metrics__distance_exponential_knn_r2__cal_isotonic__thr_kappa.csv,confirmed_models__results_full_coverage_improvements__experiments__distance_exponential_knn_r2__external_metrics__distance_exponential_knn_r2__cal_isotonic__thr_kappa.csv,confirmed_models,0,auroc,0.8406140350877194
confirmed_models/results_full_coverage_improvements/experiments/distance_exponential_knn_r2/external_metrics__distance_exponential_knn_r2__cal_isotonic__thr_kappa.csv,confirmed_models__results_full_coverage_improvements__experiments__distance_exponential_knn_r2__external_metrics__distance_exponential_knn_r2__cal_isotonic__thr_kappa.csv,confirmed_models,0,specificity,0.868421052631579
confirmed_models/results_full_coverage_improvements/experiments/distance_exponential_knn_r2/external_metrics__distance_exponential_knn_r2__cal_isotonic__thr_kappa.csv,confirmed_models__results_full_coverage_improvements__experiments__distance_exponential_knn_r2__external_metrics__distance_exponential_knn_r2__cal_isotonic__thr_kappa.csv,confirmed_models,0,sensitivity,0.66
confirmed_models/results_full_coverage_improvements/experiments/distance_exponential_knn_r2/external_metrics__distance_exponential_knn_r2__cal_isotonic__thr_kappa.csv,confirmed_models__results_full_coverage_improvements__experiments__distance_exponential_knn_r2__external_metrics__distance_exponential_knn_r2__cal_isotonic__thr_kappa.csv,confirmed_models,0,mcc,0.5406902146005779
confirmed_models/results_full_coverage_improvements/experiments/distance_exponential_knn_r2/external_metrics__distance_exponential_knn_r2__cal_isotonic__thr_kappa.csv,confirmed_models__results_full_coverage_improvements__experiments__distance_exponential_knn_r2__external_metrics__distance_exponential_knn_r2__cal_isotonic__thr_kappa.csv,confirmed_models,0,tp,99.0
confirmed_models/results_full_coverage_improvements/experiments/distance_exponential_knn_r2/external_metrics__distance_exponential_knn_r2__cal_isotonic__thr_kappa.csv,confirmed_models__results_full_coverage_improvements__experiments__distance_exponential_knn_r2__external_metrics__distance_exponential_knn_r2__cal_isotonic__thr_kappa.csv,confirmed_models,0,fp,20.0
confirmed_models/results_full_coverage_improvements/experiments/distance_exponential_knn_r2/external_metrics__distance_exponential_knn_r2__cal_isotonic__thr_kappa.csv,confirmed_models__results_full_coverage_improvements__experiments__distance_exponential_knn_r2__external_metrics__distance_exponential_knn_r2__cal_isotonic__thr_kappa.csv,confirmed_models,0,tn,132.0
confirmed_models/results_full_coverage_improvements/experiments/distance_exponential_knn_r2/external_metrics__distance_exponential_knn_r2__cal_isotonic__thr_kappa.csv,confirmed_models__results_full_coverage_improvements__experiments__distance_exponential_knn_r2__external_metrics__distance_exponential_knn_r2__cal_isotonic__thr_kappa.csv,confirmed_models,0,fn,51.0
confirmed_models/results_full_coverage_improvements/experiments/distance_exponential_knn_r2/external_metrics__distance_exponential_knn_r2__cal_none__thr_f1.csv,confirmed_models__results_full_coverage_improvements__experiments__distance_exponential_knn_r2__external_metrics__distance_exponential_knn_r2__cal_none__thr_f1.csv,confirmed_models,0,accuracy,0.7549668874172185
confirmed_models/results_full_coverage_improvements/experiments/distance_exponential_knn_r2/external_metrics__distance_exponential_knn_r2__cal_none__thr_f1.csv,confirmed_models__results_full_coverage_improvements__experiments__distance_exponential_knn_r2__external_metrics__distance_exponential_knn_r2__cal_none__thr_f1.csv,confirmed_models,0,precision,0.7289156626506024
confirmed_models/results_full_coverage_improvements/experiments/distance_exponential_knn_r2/external_metrics__distance_exponential_knn_r2__cal_none__thr_f1.csv,confirmed_models__results_full_coverage_improvements__experiments__distance_exponential_knn_r2__external_metrics__distance_exponential_knn_r2__cal_none__thr_f1.csv,confirmed_models,0,recall,0.8066666666666666
confirmed_models/results_full_coverage_improvements/experiments/distance_exponential_knn_r2/external_metrics__distance_exponential_knn_r2__cal_none__thr_f1.csv,confirmed_models__results_full_coverage_improvements__experiments__distance_exponential_knn_r2__external_metrics__distance_exponential_knn_r2__cal_none__thr_f1.csv,confirmed_models,0,f1,0.7658227848101266
confirmed_models/results_full_coverage_improvements/experiments/distance_exponential_knn_r2/external_metrics__distance_exponential_knn_r2__cal_none__thr_f1.csv,confirmed_models__results_full_coverage_improvements__experiments__distance_exponential_knn_r2__external_metrics__distance_exponential_knn_r2__cal_none__thr_f1.csv,confirmed_models,0,kappa,0.5102559607293127
confirmed_models/results_full_coverage_improvements/experiments/distance_exponential_knn_r2/external_metrics__distance_exponential_knn_r2__cal_none__thr_f1.csv,confirmed_models__results_full_coverage_improvements__experiments__distance_exponential_knn_r2__external_metrics__distance_exponential_knn_r2__cal_none__thr_f1.csv,confirmed_models,0,auroc,0.8479166666666667
confirmed_models/results_full_coverage_improvements/experiments/distance_exponential_knn_r2/external_metrics__distance_exponential_knn_r2__cal_none__thr_f1.csv,confirmed_models__results_full_coverage_improvements__experiments__distance_exponential_knn_r2__external_metrics__distance_exponential_knn_r2__cal_none__thr_f1.csv,confirmed_models,0,specificity,0.7039473684210527
confirmed_models/results_full_coverage_improvements/experiments/distance_exponential_knn_r2/external_metrics__distance_exponential_knn_r2__cal_none__thr_f1.csv,confirmed_models__results_full_coverage_improvements__experiments__distance_exponential_knn_r2__external_metrics__distance_exponential_knn_r2__cal_none__thr_f1.csv,confirmed_models,0,sensitivity,0.8066666666666666
confirmed_models/results_full_coverage_improvements/experiments/distance_exponential_knn_r2/external_metrics__distance_exponential_knn_r2__cal_none__thr_f1.csv,confirmed_models__results_full_coverage_improvements__experiments__distance_exponential_knn_r2__external_metrics__distance_exponential_knn_r2__cal_none__thr_f1.csv,confirmed_models,0,mcc,0.5131409492450728
confirmed_models/results_full_coverage_improvements/experiments/distance_exponential_knn_r2/external_metrics__distance_exponential_knn_r2__cal_none__thr_f1.csv,confirmed_models__results_full_coverage_improvements__experiments__distance_exponential_knn_r2__external_metrics__distance_exponential_knn_r2__cal_none__thr_f1.csv,confirmed_models,0,tp,121.0
confirmed_models/results_full_coverage_improvements/experiments/distance_exponential_knn_r2/external_metrics__distance_exponential_knn_r2__cal_none__thr_f1.csv,confirmed_models__results_full_coverage_improvements__experiments__distance_exponential_knn_r2__external_metrics__distance_exponential_knn_r2__cal_none__thr_f1.csv,confirmed_models,0,fp,45.0
confirmed_models/results_full_coverage_improvements/experiments/distance_exponential_knn_r2/external_metrics__distance_exponential_knn_r2__cal_none__thr_f1.csv,confirmed_models__results_full_coverage_improvements__experiments__distance_exponential_knn_r2__external_metrics__distance_exponential_knn_r2__cal_none__thr_f1.csv,confirmed_models,0,tn,107.0
confirmed_models/results_full_coverage_improvements/experiments/distance_exponential_knn_r2/external_metrics__distance_exponential_knn_r2__cal_none__thr_f1.csv,confirmed_models__results_full_coverage_improvements__experiments__distance_exponential_knn_r2__external_metrics__distance_exponential_knn_r2__cal_none__thr_f1.csv,confirmed_models,0,fn,29.0
confirmed_models/results_full_coverage_improvements/experiments/distance_exponential_knn_r2/external_metrics__distance_exponential_knn_r2__cal_none__thr_kappa.csv,confirmed_models__results_full_coverage_improvements__experiments__distance_exponential_knn_r2__external_metrics__distance_exponential_knn_r2__cal_none__thr_kappa.csv,confirmed_models,0,accuracy,0.7549668874172185
confirmed_models/results_full_coverage_improvements/experiments/distance_exponential_knn_r2/external_metrics__distance_exponential_knn_r2__cal_none__thr_kappa.csv,confirmed_models__results_full_coverage_improvements__experiments__distance_exponential_knn_r2__external_metrics__distance_exponential_knn_r2__cal_none__thr_kappa.csv,confirmed_models,0,precision,0.7289156626506024
confirmed_models/results_full_coverage_improvements/experiments/distance_exponential_knn_r2/external_metrics__distance_exponential_knn_r2__cal_none__thr_kappa.csv,confirmed_models__results_full_coverage_improvements__experiments__distance_exponential_knn_r2__external_metrics__distance_exponential_knn_r2__cal_none__thr_kappa.csv,confirmed_models,0,recall,0.8066666666666666
confirmed_models/results_full_coverage_improvements/experiments/distance_exponential_knn_r2/external_metrics__distance_exponential_knn_r2__cal_none__thr_kappa.csv,confirmed_models__results_full_coverage_improvements__experiments__distance_exponential_knn_r2__external_metrics__distance_exponential_knn_r2__cal_none__thr_kappa.csv,confirmed_models,0,f1,0.7658227848101266
confirmed_models/results_full_coverage_improvements/experiments/distance_exponential_knn_r2/external_metrics__distance_exponential_knn_r2__cal_none__thr_kappa.csv,confirmed_models__results_full_coverage_improvements__experiments__distance_exponential_knn_r2__external_metrics__distance_exponential_knn_r2__cal_none__thr_kappa.csv,confirmed_models,0,kappa,0.5102559607293127
confirmed_models/results_full_coverage_improvements/experiments/distance_exponential_knn_r2/external_metrics__distance_exponential_knn_r2__cal_none__thr_kappa.csv,confirmed_models__results_full_coverage_improvements__experiments__distance_exponential_knn_r2__external_metrics__distance_exponential_knn_r2__cal_none__thr_kappa.csv,confirmed_models,0,auroc,0.8479166666666667
confirmed_models/results_full_coverage_improvements/experiments/distance_exponential_knn_r2/external_metrics__distance_exponential_knn_r2__cal_none__thr_kappa.csv,confirmed_models__results_full_coverage_improvements__experiments__distance_exponential_knn_r2__external_metrics__distance_exponential_knn_r2__cal_none__thr_kappa.csv,confirmed_models,0,specificity,0.7039473684210527
confirmed_models/results_full_coverage_improvements/experiments/distance_exponential_knn_r2/external_metrics__distance_exponential_knn_r2__cal_none__thr_kappa.csv,confirmed_models__results_full_coverage_improvements__experiments__distance_exponential_knn_r2__external_metrics__distance_exponential_knn_r2__cal_none__thr_kappa.csv,confirmed_models,0,sensitivity,0.8066666666666666
confirmed_models/results_full_coverage_improvements/experiments/distance_exponential_knn_r2/external_metrics__distance_exponential_knn_r2__cal_none__thr_kappa.csv,confirmed_models__results_full_coverage_improvements__experiments__distance_exponential_knn_r2__external_metrics__distance_exponential_knn_r2__cal_none__thr_kappa.csv,confirmed_models,0,mcc,0.5131409492450728
confirmed_models/results_full_coverage_improvements/experiments/distance_exponential_knn_r2/external_metrics__distance_exponential_knn_r2__cal_none__thr_kappa.csv,confirmed_models__results_full_coverage_improvements__experiments__distance_exponential_knn_r2__external_metrics__distance_exponential_knn_r2__cal_none__thr_kappa.csv,confirmed_models,0,tp,121.0
confirmed_models/results_full_coverage_improvements/experiments/distance_exponential_knn_r2/external_metrics__distance_exponential_knn_r2__cal_none__thr_kappa.csv,confirmed_models__results_full_coverage_improvements__experiments__distance_exponential_knn_r2__external_metrics__distance_exponential_knn_r2__cal_none__thr_kappa.csv,confirmed_models,0,fp,45.0
confirmed_models/results_full_coverage_improvements/experiments/distance_exponential_knn_r2/external_metrics__distance_exponential_knn_r2__cal_none__thr_kappa.csv,confirmed_models__results_full_coverage_improvements__experiments__distance_exponential_knn_r2__external_metrics__distance_exponential_knn_r2__cal_none__thr_kappa.csv,confirmed_models,0,tn,107.0
confirmed_models/results_full_coverage_improvements/experiments/distance_exponential_knn_r2/external_metrics__distance_exponential_knn_r2__cal_none__thr_kappa.csv,confirmed_models__results_full_coverage_improvements__experiments__distance_exponential_knn_r2__external_metrics__distance_exponential_knn_r2__cal_none__thr_kappa.csv,confirmed_models,0,fn,29.0
confirmed_models/results_full_coverage_improvements/experiments/distance_exponential_knn_r2/external_metrics__distance_exponential_knn_r2__cal_sigmoid__thr_f1.csv,confirmed_models__results_full_coverage_improvements__experiments__distance_exponential_knn_r2__external_metrics__distance_exponential_knn_r2__cal_sigmoid__thr_f1.csv,confirmed_models,0,accuracy,0.7682119205298014
confirmed_models/results_full_coverage_improvements/experiments/distance_exponential_knn_r2/external_metrics__distance_exponential_knn_r2__cal_sigmoid__thr_f1.csv,confirmed_models__results_full_coverage_improvements__experiments__distance_exponential_knn_r2__external_metrics__distance_exponential_knn_r2__cal_sigmoid__thr_f1.csv,confirmed_models,0,precision,0.8076923076923077
confirmed_models/results_full_coverage_improvements/experiments/distance_exponential_knn_r2/external_metrics__distance_exponential_knn_r2__cal_sigmoid__thr_f1.csv,confirmed_models__results_full_coverage_improvements__experiments__distance_exponential_knn_r2__external_metrics__distance_exponential_knn_r2__cal_sigmoid__thr_f1.csv,confirmed_models,0,recall,0.7
confirmed_models/results_full_coverage_improvements/experiments/distance_exponential_knn_r2/external_metrics__distance_exponential_knn_r2__cal_sigmoid__thr_f1.csv,confirmed_models__results_full_coverage_improvements__experiments__distance_exponential_knn_r2__external_metrics__distance_exponential_knn_r2__cal_sigmoid__thr_f1.csv,confirmed_models,0,f1,0.75
confirmed_models/results_full_coverage_improvements/experiments/distance_exponential_knn_r2/external_metrics__distance_exponential_knn_r2__cal_sigmoid__thr_f1.csv,confirmed_models__results_full_coverage_improvements__experiments__distance_exponential_knn_r2__external_metrics__distance_exponential_knn_r2__cal_sigmoid__thr_f1.csv,confirmed_models,0,kappa,0.5359964881474979
confirmed_models/results_full_coverage_improvements/experiments/distance_exponential_knn_r2/external_metrics__distance_exponential_knn_r2__cal_sigmoid__thr_f1.csv,confirmed_models__results_full_coverage_improvements__experiments__distance_exponential_knn_r2__external_metrics__distance_exponential_knn_r2__cal_sigmoid__thr_f1.csv,confirmed_models,0,auroc,0.8479166666666667
confirmed_models/results_full_coverage_improvements/experiments/distance_exponential_knn_r2/external_metrics__distance_exponential_knn_r2__cal_sigmoid__thr_f1.csv,confirmed_models__results_full_coverage_improvements__experiments__distance_exponential_knn_r2__external_metrics__distance_exponential_knn_r2__cal_sigmoid__thr_f1.csv,confirmed_models,0,specificity,0.8355263157894737
confirmed_models/results_full_coverage_improvements/experiments/distance_exponential_knn_r2/external_metrics__distance_exponential_knn_r2__cal_sigmoid__thr_f1.csv,confirmed_models__results_full_coverage_improvements__experiments__distance_exponential_knn_r2__external_metrics__distance_exponential_knn_r2__cal_sigmoid__thr_f1.csv,confirmed_models,0,sensitivity,0.7
confirmed_models/results_full_coverage_improvements/experiments/distance_exponential_knn_r2/external_metrics__distance_exponential_knn_r2__cal_sigmoid__thr_f1.csv,confirmed_models__results_full_coverage_improvements__experiments__distance_exponential_knn_r2__external_metrics__distance_exponential_knn_r2__cal_sigmoid__thr_f1.csv,confirmed_models,0,mcc,0.5407696891459363
confirmed_models/results_full_coverage_improvements/experiments/distance_exponential_knn_r2/external_metrics__distance_exponential_knn_r2__cal_sigmoid__thr_f1.csv,confirmed_models__results_full_coverage_improvements__experiments__distance_exponential_knn_r2__external_metrics__distance_exponential_knn_r2__cal_sigmoid__thr_f1.csv,confirmed_models,0,tp,105.0
confirmed_models/results_full_coverage_improvements/experiments/distance_exponential_knn_r2/external_metrics__distance_exponential_knn_r2__cal_sigmoid__thr_f1.csv,confirmed_models__results_full_coverage_improvements__experiments__distance_exponential_knn_r2__external_metrics__distance_exponential_knn_r2__cal_sigmoid__thr_f1.csv,confirmed_models,0,fp,25.0
confirmed_models/results_full_coverage_improvements/experiments/distance_exponential_knn_r2/external_metrics__distance_exponential_knn_r2__cal_sigmoid__thr_f1.csv,confirmed_models__results_full_coverage_improvements__experiments__distance_exponential_knn_r2__external_metrics__distance_exponential_knn_r2__cal_sigmoid__thr_f1.csv,confirmed_models,0,tn,127.0
confirmed_models/results_full_coverage_improvements/experiments/distance_exponential_knn_r2/external_metrics__distance_exponential_knn_r2__cal_sigmoid__thr_f1.csv,confirmed_models__results_full_coverage_improvements__experiments__distance_exponential_knn_r2__external_metrics__distance_exponential_knn_r2__cal_sigmoid__thr_f1.csv,confirmed_models,0,fn,45.0
confirmed_models/results_full_coverage_improvements/experiments/distance_exponential_knn_r2/external_metrics__distance_exponential_knn_r2__cal_sigmoid__thr_kappa.csv,confirmed_models__results_full_coverage_improvements__experiments__distance_exponential_knn_r2__external_metrics__distance_exponential_knn_r2__cal_sigmoid__thr_kappa.csv,confirmed_models,0,accuracy,0.7682119205298014
confirmed_models/results_full_coverage_improvements/experiments/distance_exponential_knn_r2/external_metrics__distance_exponential_knn_r2__cal_sigmoid__thr_kappa.csv,confirmed_models__results_full_coverage_improvements__experiments__distance_exponential_knn_r2__external_metrics__distance_exponential_knn_r2__cal_sigmoid__thr_kappa.csv,confirmed_models,0,precision,0.8076923076923077
confirmed_models/results_full_coverage_improvements/experiments/distance_exponential_knn_r2/external_metrics__distance_exponential_knn_r2__cal_sigmoid__thr_kappa.csv,confirmed_models__results_full_coverage_improvements__experiments__distance_exponential_knn_r2__external_metrics__distance_exponential_knn_r2__cal_sigmoid__thr_kappa.csv,confirmed_models,0,recall,0.7
confirmed_models/results_full_coverage_improvements/experiments/distance_exponential_knn_r2/external_metrics__distance_exponential_knn_r2__cal_sigmoid__thr_kappa.csv,confirmed_models__results_full_coverage_improvements__experiments__distance_exponential_knn_r2__external_metrics__distance_exponential_knn_r2__cal_sigmoid__thr_kappa.csv,confirmed_models,0,f1,0.75
confirmed_models/results_full_coverage_improvements/experiments/distance_exponential_knn_r2/external_metrics__distance_exponential_knn_r2__cal_sigmoid__thr_kappa.csv,confirmed_models__results_full_coverage_improvements__experiments__distance_exponential_knn_r2__external_metrics__distance_exponential_knn_r2__cal_sigmoid__thr_kappa.csv,confirmed_models,0,kappa,0.5359964881474979
confirmed_models/results_full_coverage_improvements/experiments/distance_exponential_knn_r2/external_metrics__distance_exponential_knn_r2__cal_sigmoid__thr_kappa.csv,confirmed_models__results_full_coverage_improvements__experiments__distance_exponential_knn_r2__external_metrics__distance_exponential_knn_r2__cal_sigmoid__thr_kappa.csv,confirmed_models,0,auroc,0.8479166666666667
confirmed_models/results_full_coverage_improvements/experiments/distance_exponential_knn_r2/external_metrics__distance_exponential_knn_r2__cal_sigmoid__thr_kappa.csv,confirmed_models__results_full_coverage_improvements__experiments__distance_exponential_knn_r2__external_metrics__distance_exponential_knn_r2__cal_sigmoid__thr_kappa.csv,confirmed_models,0,specificity,0.8355263157894737
confirmed_models/results_full_coverage_improvements/experiments/distance_exponential_knn_r2/external_metrics__distance_exponential_knn_r2__cal_sigmoid__thr_kappa.csv,confirmed_models__results_full_coverage_improvements__experiments__distance_exponential_knn_r2__external_metrics__distance_exponential_knn_r2__cal_sigmoid__thr_kappa.csv,confirmed_models,0,sensitivity,0.7
confirmed_models/results_full_coverage_improvements/experiments/distance_exponential_knn_r2/external_metrics__distance_exponential_knn_r2__cal_sigmoid__thr_kappa.csv,confirmed_models__results_full_coverage_improvements__experiments__distance_exponential_knn_r2__external_metrics__distance_exponential_knn_r2__cal_sigmoid__thr_kappa.csv,confirmed_models,0,mcc,0.5407696891459363
confirmed_models/results_full_coverage_improvements/experiments/distance_exponential_knn_r2/external_metrics__distance_exponential_knn_r2__cal_sigmoid__thr_kappa.csv,confirmed_models__results_full_coverage_improvements__experiments__distance_exponential_knn_r2__external_metrics__distance_exponential_knn_r2__cal_sigmoid__thr_kappa.csv,confirmed_models,0,tp,105.0
confirmed_models/results_full_coverage_improvements/experiments/distance_exponential_knn_r2/external_metrics__distance_exponential_knn_r2__cal_sigmoid__thr_kappa.csv,confirmed_models__results_full_coverage_improvements__experiments__distance_exponential_knn_r2__external_metrics__distance_exponential_knn_r2__cal_sigmoid__thr_kappa.csv,confirmed_models,0,fp,25.0
confirmed_models/results_full_coverage_improvements/experiments/distance_exponential_knn_r2/external_metrics__distance_exponential_knn_r2__cal_sigmoid__thr_kappa.csv,confirmed_models__results_full_coverage_improvements__experiments__distance_exponential_knn_r2__external_metrics__distance_exponential_knn_r2__cal_sigmoid__thr_kappa.csv,confirmed_models,0,tn,127.0
confirmed_models/results_full_coverage_improvements/experiments/distance_exponential_knn_r2/external_metrics__distance_exponential_knn_r2__cal_sigmoid__thr_kappa.csv,confirmed_models__results_full_coverage_improvements__experiments__distance_exponential_knn_r2__external_metrics__distance_exponential_knn_r2__cal_sigmoid__thr_kappa.csv,confirmed_models,0,fn,45.0
confirmed_models/results_full_coverage_improvements/experiments/distance_inverse_knn_r2/external_metrics__distance_inverse_knn_r2__cal_isotonic__thr_f1.csv,confirmed_models__results_full_coverage_improvements__experiments__distance_inverse_knn_r2__external_metrics__distance_inverse_knn_r2__cal_isotonic__thr_f1.csv,confirmed_models,0,accuracy,0.7682119205298014
confirmed_models/results_full_coverage_improvements/experiments/distance_inverse_knn_r2/external_metrics__distance_inverse_knn_r2__cal_isotonic__thr_f1.csv,confirmed_models__results_full_coverage_improvements__experiments__distance_inverse_knn_r2__external_metrics__distance_inverse_knn_r2__cal_isotonic__thr_f1.csv,confirmed_models,0,precision,0.8333333333333334
confirmed_models/results_full_coverage_improvements/experiments/distance_inverse_knn_r2/external_metrics__distance_inverse_knn_r2__cal_isotonic__thr_f1.csv,confirmed_models__results_full_coverage_improvements__experiments__distance_inverse_knn_r2__external_metrics__distance_inverse_knn_r2__cal_isotonic__thr_f1.csv,confirmed_models,0,recall,0.6666666666666666
confirmed_models/results_full_coverage_improvements/experiments/distance_inverse_knn_r2/external_metrics__distance_inverse_knn_r2__cal_isotonic__thr_f1.csv,confirmed_models__results_full_coverage_improvements__experiments__distance_inverse_knn_r2__external_metrics__distance_inverse_knn_r2__cal_isotonic__thr_f1.csv,confirmed_models,0,f1,0.7407407407407407
confirmed_models/results_full_coverage_improvements/experiments/distance_inverse_knn_r2/external_metrics__distance_inverse_knn_r2__cal_isotonic__thr_f1.csv,confirmed_models__results_full_coverage_improvements__experiments__distance_inverse_knn_r2__external_metrics__distance_inverse_knn_r2__cal_isotonic__thr_f1.csv,confirmed_models,0,kappa,0.5357927097057532
confirmed_models/results_full_coverage_improvements/experiments/distance_inverse_knn_r2/external_metrics__distance_inverse_knn_r2__cal_isotonic__thr_f1.csv,confirmed_models__results_full_coverage_improvements__experiments__distance_inverse_knn_r2__external_metrics__distance_inverse_knn_r2__cal_isotonic__thr_f1.csv,confirmed_models,0,auroc,0.849407894736842
confirmed_models/results_full_coverage_improvements/experiments/distance_inverse_knn_r2/external_metrics__distance_inverse_knn_r2__cal_isotonic__thr_f1.csv,confirmed_models__results_full_coverage_improvements__experiments__distance_inverse_knn_r2__external_metrics__distance_inverse_knn_r2__cal_isotonic__thr_f1.csv,confirmed_models,0,specificity,0.868421052631579
confirmed_models/results_full_coverage_improvements/experiments/distance_inverse_knn_r2/external_metrics__distance_inverse_knn_r2__cal_isotonic__thr_f1.csv,confirmed_models__results_full_coverage_improvements__experiments__distance_inverse_knn_r2__external_metrics__distance_inverse_knn_r2__cal_isotonic__thr_f1.csv,confirmed_models,0,sensitivity,0.6666666666666666
confirmed_models/results_full_coverage_improvements/experiments/distance_inverse_knn_r2/external_metrics__distance_inverse_knn_r2__cal_isotonic__thr_f1.csv,confirmed_models__results_full_coverage_improvements__experiments__distance_inverse_knn_r2__external_metrics__distance_inverse_knn_r2__cal_isotonic__thr_f1.csv,confirmed_models,0,mcc,0.546721420892036
confirmed_models/results_full_coverage_improvements/experiments/distance_inverse_knn_r2/external_metrics__distance_inverse_knn_r2__cal_isotonic__thr_f1.csv,confirmed_models__results_full_coverage_improvements__experiments__distance_inverse_knn_r2__external_metrics__distance_inverse_knn_r2__cal_isotonic__thr_f1.csv,confirmed_models,0,tp,100.0
confirmed_models/results_full_coverage_improvements/experiments/distance_inverse_knn_r2/external_metrics__distance_inverse_knn_r2__cal_isotonic__thr_f1.csv,confirmed_models__results_full_coverage_improvements__experiments__distance_inverse_knn_r2__external_metrics__distance_inverse_knn_r2__cal_isotonic__thr_f1.csv,confirmed_models,0,fp,20.0
confirmed_models/results_full_coverage_improvements/experiments/distance_inverse_knn_r2/external_metrics__distance_inverse_knn_r2__cal_isotonic__thr_f1.csv,confirmed_models__results_full_coverage_improvements__experiments__distance_inverse_knn_r2__external_metrics__distance_inverse_knn_r2__cal_isotonic__thr_f1.csv,confirmed_models,0,tn,132.0
confirmed_models/results_full_coverage_improvements/experiments/distance_inverse_knn_r2/external_metrics__distance_inverse_knn_r2__cal_isotonic__thr_f1.csv,confirmed_models__results_full_coverage_improvements__experiments__distance_inverse_knn_r2__external_metrics__distance_inverse_knn_r2__cal_isotonic__thr_f1.csv,confirmed_models,0,fn,50.0
confirmed_models/results_full_coverage_improvements/experiments/distance_inverse_knn_r2/external_metrics__distance_inverse_knn_r2__cal_isotonic__thr_kappa.csv,confirmed_models__results_full_coverage_improvements__experiments__distance_inverse_knn_r2__external_metrics__distance_inverse_knn_r2__cal_isotonic__thr_kappa.csv,confirmed_models,0,accuracy,0.7682119205298014
confirmed_models/results_full_coverage_improvements/experiments/distance_inverse_knn_r2/external_metrics__distance_inverse_knn_r2__cal_isotonic__thr_kappa.csv,confirmed_models__results_full_coverage_improvements__experiments__distance_inverse_knn_r2__external_metrics__distance_inverse_knn_r2__cal_isotonic__thr_kappa.csv,confirmed_models,0,precision,0.8333333333333334
confirmed_models/results_full_coverage_improvements/experiments/distance_inverse_knn_r2/external_metrics__distance_inverse_knn_r2__cal_isotonic__thr_kappa.csv,confirmed_models__results_full_coverage_improvements__experiments__distance_inverse_knn_r2__external_metrics__distance_inverse_knn_r2__cal_isotonic__thr_kappa.csv,confirmed_models,0,recall,0.6666666666666666
confirmed_models/results_full_coverage_improvements/experiments/distance_inverse_knn_r2/external_metrics__distance_inverse_knn_r2__cal_isotonic__thr_kappa.csv,confirmed_models__results_full_coverage_improvements__experiments__distance_inverse_knn_r2__external_metrics__distance_inverse_knn_r2__cal_isotonic__thr_kappa.csv,confirmed_models,0,f1,0.7407407407407407
confirmed_models/results_full_coverage_improvements/experiments/distance_inverse_knn_r2/external_metrics__distance_inverse_knn_r2__cal_isotonic__thr_kappa.csv,confirmed_models__results_full_coverage_improvements__experiments__distance_inverse_knn_r2__external_metrics__distance_inverse_knn_r2__cal_isotonic__thr_kappa.csv,confirmed_models,0,kappa,0.5357927097057532
confirmed_models/results_full_coverage_improvements/experiments/distance_inverse_knn_r2/external_metrics__distance_inverse_knn_r2__cal_isotonic__thr_kappa.csv,confirmed_models__results_full_coverage_improvements__experiments__distance_inverse_knn_r2__external_metrics__distance_inverse_knn_r2__cal_isotonic__thr_kappa.csv,confirmed_models,0,auroc,0.849407894736842
confirmed_models/results_full_coverage_improvements/experiments/distance_inverse_knn_r2/external_metrics__distance_inverse_knn_r2__cal_isotonic__thr_kappa.csv,confirmed_models__results_full_coverage_improvements__experiments__distance_inverse_knn_r2__external_metrics__distance_inverse_knn_r2__cal_isotonic__thr_kappa.csv,confirmed_models,0,specificity,0.868421052631579
confirmed_models/results_full_coverage_improvements/experiments/distance_inverse_knn_r2/external_metrics__distance_inverse_knn_r2__cal_isotonic__thr_kappa.csv,confirmed_models__results_full_coverage_improvements__experiments__distance_inverse_knn_r2__external_metrics__distance_inverse_knn_r2__cal_isotonic__thr_kappa.csv,confirmed_models,0,sensitivity,0.6666666666666666
confirmed_models/results_full_coverage_improvements/experiments/distance_inverse_knn_r2/external_metrics__distance_inverse_knn_r2__cal_isotonic__thr_kappa.csv,confirmed_models__results_full_coverage_improvements__experiments__distance_inverse_knn_r2__external_metrics__distance_inverse_knn_r2__cal_isotonic__thr_kappa.csv,confirmed_models,0,mcc,0.546721420892036
confirmed_models/results_full_coverage_improvements/experiments/distance_inverse_knn_r2/external_metrics__distance_inverse_knn_r2__cal_isotonic__thr_kappa.csv,confirmed_models__results_full_coverage_improvements__experiments__distance_inverse_knn_r2__external_metrics__distance_inverse_knn_r2__cal_isotonic__thr_kappa.csv,confirmed_models,0,tp,100.0
confirmed_models/results_full_coverage_improvements/experiments/distance_inverse_knn_r2/external_metrics__distance_inverse_knn_r2__cal_isotonic__thr_kappa.csv,confirmed_models__results_full_coverage_improvements__experiments__distance_inverse_knn_r2__external_metrics__distance_inverse_knn_r2__cal_isotonic__thr_kappa.csv,confirmed_models,0,fp,20.0
confirmed_models/results_full_coverage_improvements/experiments/distance_inverse_knn_r2/external_metrics__distance_inverse_knn_r2__cal_isotonic__thr_kappa.csv,confirmed_models__results_full_coverage_improvements__experiments__distance_inverse_knn_r2__external_metrics__distance_inverse_knn_r2__cal_isotonic__thr_kappa.csv,confirmed_models,0,tn,132.0
confirmed_models/results_full_coverage_improvements/experiments/distance_inverse_knn_r2/external_metrics__distance_inverse_knn_r2__cal_isotonic__thr_kappa.csv,confirmed_models__results_full_coverage_improvements__experiments__distance_inverse_knn_r2__external_metrics__distance_inverse_knn_r2__cal_isotonic__thr_kappa.csv,confirmed_models,0,fn,50.0
confirmed_models/results_full_coverage_improvements/experiments/distance_inverse_knn_r2/external_metrics__distance_inverse_knn_r2__cal_none__thr_f1.csv,confirmed_models__results_full_coverage_improvements__experiments__distance_inverse_knn_r2__external_metrics__distance_inverse_knn_r2__cal_none__thr_f1.csv,confirmed_models,0,accuracy,0.7781456953642384
confirmed_models/results_full_coverage_improvements/experiments/distance_inverse_knn_r2/external_metrics__distance_inverse_knn_r2__cal_none__thr_f1.csv,confirmed_models__results_full_coverage_improvements__experiments__distance_inverse_knn_r2__external_metrics__distance_inverse_knn_r2__cal_none__thr_f1.csv,confirmed_models,0,precision,0.7748344370860927
confirmed_models/results_full_coverage_improvements/experiments/distance_inverse_knn_r2/external_metrics__distance_inverse_knn_r2__cal_none__thr_f1.csv,confirmed_models__results_full_coverage_improvements__experiments__distance_inverse_knn_r2__external_metrics__distance_inverse_knn_r2__cal_none__thr_f1.csv,confirmed_models,0,recall,0.78
confirmed_models/results_full_coverage_improvements/experiments/distance_inverse_knn_r2/external_metrics__distance_inverse_knn_r2__cal_none__thr_f1.csv,confirmed_models__results_full_coverage_improvements__experiments__distance_inverse_knn_r2__external_metrics__distance_inverse_knn_r2__cal_none__thr_f1.csv,confirmed_models,0,f1,0.7774086378737541
confirmed_models/results_full_coverage_improvements/experiments/distance_inverse_knn_r2/external_metrics__distance_inverse_knn_r2__cal_none__thr_f1.csv,confirmed_models__results_full_coverage_improvements__experiments__distance_inverse_knn_r2__external_metrics__distance_inverse_knn_r2__cal_none__thr_f1.csv,confirmed_models,0,kappa,0.5562913907284768
confirmed_models/results_full_coverage_improvements/experiments/distance_inverse_knn_r2/external_metrics__distance_inverse_knn_r2__cal_none__thr_f1.csv,confirmed_models__results_full_coverage_improvements__experiments__distance_inverse_knn_r2__external_metrics__distance_inverse_knn_r2__cal_none__thr_f1.csv,confirmed_models,0,auroc,0.8493201754385965
confirmed_models/results_full_coverage_improvements/experiments/distance_inverse_knn_r2/external_metrics__distance_inverse_knn_r2__cal_none__thr_f1.csv,confirmed_models__results_full_coverage_improvements__experiments__distance_inverse_knn_r2__external_metrics__distance_inverse_knn_r2__cal_none__thr_f1.csv,confirmed_models,0,specificity,0.7763157894736842
confirmed_models/results_full_coverage_improvements/experiments/distance_inverse_knn_r2/external_metrics__distance_inverse_knn_r2__cal_none__thr_f1.csv,confirmed_models__results_full_coverage_improvements__experiments__distance_inverse_knn_r2__external_metrics__distance_inverse_knn_r2__cal_none__thr_f1.csv,confirmed_models,0,sensitivity,0.78
confirmed_models/results_full_coverage_improvements/experiments/distance_inverse_knn_r2/external_metrics__distance_inverse_knn_r2__cal_none__thr_f1.csv,confirmed_models__results_full_coverage_improvements__experiments__distance_inverse_knn_r2__external_metrics__distance_inverse_knn_r2__cal_none__thr_f1.csv,confirmed_models,0,mcc,0.5563035899673184
confirmed_models/results_full_coverage_improvements/experiments/distance_inverse_knn_r2/external_metrics__distance_inverse_knn_r2__cal_none__thr_f1.csv,confirmed_models__results_full_coverage_improvements__experiments__distance_inverse_knn_r2__external_metrics__distance_inverse_knn_r2__cal_none__thr_f1.csv,confirmed_models,0,tp,117.0
confirmed_models/results_full_coverage_improvements/experiments/distance_inverse_knn_r2/external_metrics__distance_inverse_knn_r2__cal_none__thr_f1.csv,confirmed_models__results_full_coverage_improvements__experiments__distance_inverse_knn_r2__external_metrics__distance_inverse_knn_r2__cal_none__thr_f1.csv,confirmed_models,0,fp,34.0
confirmed_models/results_full_coverage_improvements/experiments/distance_inverse_knn_r2/external_metrics__distance_inverse_knn_r2__cal_none__thr_f1.csv,confirmed_models__results_full_coverage_improvements__experiments__distance_inverse_knn_r2__external_metrics__distance_inverse_knn_r2__cal_none__thr_f1.csv,confirmed_models,0,tn,118.0
confirmed_models/results_full_coverage_improvements/experiments/distance_inverse_knn_r2/external_metrics__distance_inverse_knn_r2__cal_none__thr_f1.csv,confirmed_models__results_full_coverage_improvements__experiments__distance_inverse_knn_r2__external_metrics__distance_inverse_knn_r2__cal_none__thr_f1.csv,confirmed_models,0,fn,33.0
confirmed_models/results_full_coverage_improvements/experiments/distance_inverse_knn_r2/external_metrics__distance_inverse_knn_r2__cal_none__thr_kappa.csv,confirmed_models__results_full_coverage_improvements__experiments__distance_inverse_knn_r2__external_metrics__distance_inverse_knn_r2__cal_none__thr_kappa.csv,confirmed_models,0,accuracy,0.7781456953642384
confirmed_models/results_full_coverage_improvements/experiments/distance_inverse_knn_r2/external_metrics__distance_inverse_knn_r2__cal_none__thr_kappa.csv,confirmed_models__results_full_coverage_improvements__experiments__distance_inverse_knn_r2__external_metrics__distance_inverse_knn_r2__cal_none__thr_kappa.csv,confirmed_models,0,precision,0.7748344370860927
confirmed_models/results_full_coverage_improvements/experiments/distance_inverse_knn_r2/external_metrics__distance_inverse_knn_r2__cal_none__thr_kappa.csv,confirmed_models__results_full_coverage_improvements__experiments__distance_inverse_knn_r2__external_metrics__distance_inverse_knn_r2__cal_none__thr_kappa.csv,confirmed_models,0,recall,0.78
confirmed_models/results_full_coverage_improvements/experiments/distance_inverse_knn_r2/external_metrics__distance_inverse_knn_r2__cal_none__thr_kappa.csv,confirmed_models__results_full_coverage_improvements__experiments__distance_inverse_knn_r2__external_metrics__distance_inverse_knn_r2__cal_none__thr_kappa.csv,confirmed_models,0,f1,0.7774086378737541
confirmed_models/results_full_coverage_improvements/experiments/distance_inverse_knn_r2/external_metrics__distance_inverse_knn_r2__cal_none__thr_kappa.csv,confirmed_models__results_full_coverage_improvements__experiments__distance_inverse_knn_r2__external_metrics__distance_inverse_knn_r2__cal_none__thr_kappa.csv,confirmed_models,0,kappa,0.5562913907284768
confirmed_models/results_full_coverage_improvements/experiments/distance_inverse_knn_r2/external_metrics__distance_inverse_knn_r2__cal_none__thr_kappa.csv,confirmed_models__results_full_coverage_improvements__experiments__distance_inverse_knn_r2__external_metrics__distance_inverse_knn_r2__cal_none__thr_kappa.csv,confirmed_models,0,auroc,0.8493201754385965
confirmed_models/results_full_coverage_improvements/experiments/distance_inverse_knn_r2/external_metrics__distance_inverse_knn_r2__cal_none__thr_kappa.csv,confirmed_models__results_full_coverage_improvements__experiments__distance_inverse_knn_r2__external_metrics__distance_inverse_knn_r2__cal_none__thr_kappa.csv,confirmed_models,0,specificity,0.7763157894736842
confirmed_models/results_full_coverage_improvements/experiments/distance_inverse_knn_r2/external_metrics__distance_inverse_knn_r2__cal_none__thr_kappa.csv,confirmed_models__results_full_coverage_improvements__experiments__distance_inverse_knn_r2__external_metrics__distance_inverse_knn_r2__cal_none__thr_kappa.csv,confirmed_models,0,sensitivity,0.78
confirmed_models/results_full_coverage_improvements/experiments/distance_inverse_knn_r2/external_metrics__distance_inverse_knn_r2__cal_none__thr_kappa.csv,confirmed_models__results_full_coverage_improvements__experiments__distance_inverse_knn_r2__external_metrics__distance_inverse_knn_r2__cal_none__thr_kappa.csv,confirmed_models,0,mcc,0.5563035899673184
confirmed_models/results_full_coverage_improvements/experiments/distance_inverse_knn_r2/external_metrics__distance_inverse_knn_r2__cal_none__thr_kappa.csv,confirmed_models__results_full_coverage_improvements__experiments__distance_inverse_knn_r2__external_metrics__distance_inverse_knn_r2__cal_none__thr_kappa.csv,confirmed_models,0,tp,117.0
confirmed_models/results_full_coverage_improvements/experiments/distance_inverse_knn_r2/external_metrics__distance_inverse_knn_r2__cal_none__thr_kappa.csv,confirmed_models__results_full_coverage_improvements__experiments__distance_inverse_knn_r2__external_metrics__distance_inverse_knn_r2__cal_none__thr_kappa.csv,confirmed_models,0,fp,34.0
confirmed_models/results_full_coverage_improvements/experiments/distance_inverse_knn_r2/external_metrics__distance_inverse_knn_r2__cal_none__thr_kappa.csv,confirmed_models__results_full_coverage_improvements__experiments__distance_inverse_knn_r2__external_metrics__distance_inverse_knn_r2__cal_none__thr_kappa.csv,confirmed_models,0,tn,118.0
confirmed_models/results_full_coverage_improvements/experiments/distance_inverse_knn_r2/external_metrics__distance_inverse_knn_r2__cal_none__thr_kappa.csv,confirmed_models__results_full_coverage_improvements__experiments__distance_inverse_knn_r2__external_metrics__distance_inverse_knn_r2__cal_none__thr_kappa.csv,confirmed_models,0,fn,33.0
confirmed_models/results_full_coverage_improvements/experiments/distance_inverse_knn_r2/external_metrics__distance_inverse_knn_r2__cal_sigmoid__thr_f1.csv,confirmed_models__results_full_coverage_improvements__experiments__distance_inverse_knn_r2__external_metrics__distance_inverse_knn_r2__cal_sigmoid__thr_f1.csv,confirmed_models,0,accuracy,0.7649006622516556
confirmed_models/results_full_coverage_improvements/experiments/distance_inverse_knn_r2/external_metrics__distance_inverse_knn_r2__cal_sigmoid__thr_f1.csv,confirmed_models__results_full_coverage_improvements__experiments__distance_inverse_knn_r2__external_metrics__distance_inverse_knn_r2__cal_sigmoid__thr_f1.csv,confirmed_models,0,precision,0.8110236220472441
confirmed_models/results_full_coverage_improvements/experiments/distance_inverse_knn_r2/external_metrics__distance_inverse_knn_r2__cal_sigmoid__thr_f1.csv,confirmed_models__results_full_coverage_improvements__experiments__distance_inverse_knn_r2__external_metrics__distance_inverse_knn_r2__cal_sigmoid__thr_f1.csv,confirmed_models,0,recall,0.6866666666666666
confirmed_models/results_full_coverage_improvements/experiments/distance_inverse_knn_r2/external_metrics__distance_inverse_knn_r2__cal_sigmoid__thr_f1.csv,confirmed_models__results_full_coverage_improvements__experiments__distance_inverse_knn_r2__external_metrics__distance_inverse_knn_r2__cal_sigmoid__thr_f1.csv,confirmed_models,0,f1,0.7436823104693141
confirmed_models/results_full_coverage_improvements/experiments/distance_inverse_knn_r2/external_metrics__distance_inverse_knn_r2__cal_sigmoid__thr_f1.csv,confirmed_models__results_full_coverage_improvements__experiments__distance_inverse_knn_r2__external_metrics__distance_inverse_knn_r2__cal_sigmoid__thr_f1.csv,confirmed_models,0,kappa,0.5293058787373228
confirmed_models/results_full_coverage_improvements/experiments/distance_inverse_knn_r2/external_metrics__distance_inverse_knn_r2__cal_sigmoid__thr_f1.csv,confirmed_models__results_full_coverage_improvements__experiments__distance_inverse_knn_r2__external_metrics__distance_inverse_knn_r2__cal_sigmoid__thr_f1.csv,confirmed_models,0,auroc,0.8519517543859649
confirmed_models/results_full_coverage_improvements/experiments/distance_inverse_knn_r2/external_metrics__distance_inverse_knn_r2__cal_sigmoid__thr_f1.csv,confirmed_models__results_full_coverage_improvements__experiments__distance_inverse_knn_r2__external_metrics__distance_inverse_knn_r2__cal_sigmoid__thr_f1.csv,confirmed_models,0,specificity,0.8421052631578947
confirmed_models/results_full_coverage_improvements/experiments/distance_inverse_knn_r2/external_metrics__distance_inverse_knn_r2__cal_sigmoid__thr_f1.csv,confirmed_models__results_full_coverage_improvements__experiments__distance_inverse_knn_r2__external_metrics__distance_inverse_knn_r2__cal_sigmoid__thr_f1.csv,confirmed_models,0,sensitivity,0.6866666666666666
confirmed_models/results_full_coverage_improvements/experiments/distance_inverse_knn_r2/external_metrics__distance_inverse_knn_r2__cal_sigmoid__thr_f1.csv,confirmed_models__results_full_coverage_improvements__experiments__distance_inverse_knn_r2__external_metrics__distance_inverse_knn_r2__cal_sigmoid__thr_f1.csv,confirmed_models,0,mcc,0.5355683832917821
confirmed_models/results_full_coverage_improvements/experiments/distance_inverse_knn_r2/external_metrics__distance_inverse_knn_r2__cal_sigmoid__thr_f1.csv,confirmed_models__results_full_coverage_improvements__experiments__distance_inverse_knn_r2__external_metrics__distance_inverse_knn_r2__cal_sigmoid__thr_f1.csv,confirmed_models,0,tp,103.0
confirmed_models/results_full_coverage_improvements/experiments/distance_inverse_knn_r2/external_metrics__distance_inverse_knn_r2__cal_sigmoid__thr_f1.csv,confirmed_models__results_full_coverage_improvements__experiments__distance_inverse_knn_r2__external_metrics__distance_inverse_knn_r2__cal_sigmoid__thr_f1.csv,confirmed_models,0,fp,24.0
confirmed_models/results_full_coverage_improvements/experiments/distance_inverse_knn_r2/external_metrics__distance_inverse_knn_r2__cal_sigmoid__thr_f1.csv,confirmed_models__results_full_coverage_improvements__experiments__distance_inverse_knn_r2__external_metrics__distance_inverse_knn_r2__cal_sigmoid__thr_f1.csv,confirmed_models,0,tn,128.0
confirmed_models/results_full_coverage_improvements/experiments/distance_inverse_knn_r2/external_metrics__distance_inverse_knn_r2__cal_sigmoid__thr_f1.csv,confirmed_models__results_full_coverage_improvements__experiments__distance_inverse_knn_r2__external_metrics__distance_inverse_knn_r2__cal_sigmoid__thr_f1.csv,confirmed_models,0,fn,47.0
confirmed_models/results_full_coverage_improvements/experiments/distance_inverse_knn_r2/external_metrics__distance_inverse_knn_r2__cal_sigmoid__thr_kappa.csv,confirmed_models__results_full_coverage_improvements__experiments__distance_inverse_knn_r2__external_metrics__distance_inverse_knn_r2__cal_sigmoid__thr_kappa.csv,confirmed_models,0,accuracy,0.7649006622516556
confirmed_models/results_full_coverage_improvements/experiments/distance_inverse_knn_r2/external_metrics__distance_inverse_knn_r2__cal_sigmoid__thr_kappa.csv,confirmed_models__results_full_coverage_improvements__experiments__distance_inverse_knn_r2__external_metrics__distance_inverse_knn_r2__cal_sigmoid__thr_kappa.csv,confirmed_models,0,precision,0.8110236220472441
confirmed_models/results_full_coverage_improvements/experiments/distance_inverse_knn_r2/external_metrics__distance_inverse_knn_r2__cal_sigmoid__thr_kappa.csv,confirmed_models__results_full_coverage_improvements__experiments__distance_inverse_knn_r2__external_metrics__distance_inverse_knn_r2__cal_sigmoid__thr_kappa.csv,confirmed_models,0,recall,0.6866666666666666
confirmed_models/results_full_coverage_improvements/experiments/distance_inverse_knn_r2/external_metrics__distance_inverse_knn_r2__cal_sigmoid__thr_kappa.csv,confirmed_models__results_full_coverage_improvements__experiments__distance_inverse_knn_r2__external_metrics__distance_inverse_knn_r2__cal_sigmoid__thr_kappa.csv,confirmed_models,0,f1,0.7436823104693141
confirmed_models/results_full_coverage_improvements/experiments/distance_inverse_knn_r2/external_metrics__distance_inverse_knn_r2__cal_sigmoid__thr_kappa.csv,confirmed_models__results_full_coverage_improvements__experiments__distance_inverse_knn_r2__external_metrics__distance_inverse_knn_r2__cal_sigmoid__thr_kappa.csv,confirmed_models,0,kappa,0.5293058787373228
confirmed_models/results_full_coverage_improvements/experiments/distance_inverse_knn_r2/external_metrics__distance_inverse_knn_r2__cal_sigmoid__thr_kappa.csv,confirmed_models__results_full_coverage_improvements__experiments__distance_inverse_knn_r2__external_metrics__distance_inverse_knn_r2__cal_sigmoid__thr_kappa.csv,confirmed_models,0,auroc,0.8519517543859649
confirmed_models/results_full_coverage_improvements/experiments/distance_inverse_knn_r2/external_metrics__distance_inverse_knn_r2__cal_sigmoid__thr_kappa.csv,confirmed_models__results_full_coverage_improvements__experiments__distance_inverse_knn_r2__external_metrics__distance_inverse_knn_r2__cal_sigmoid__thr_kappa.csv,confirmed_models,0,specificity,0.8421052631578947
confirmed_models/results_full_coverage_improvements/experiments/distance_inverse_knn_r2/external_metrics__distance_inverse_knn_r2__cal_sigmoid__thr_kappa.csv,confirmed_models__results_full_coverage_improvements__experiments__distance_inverse_knn_r2__external_metrics__distance_inverse_knn_r2__cal_sigmoid__thr_kappa.csv,confirmed_models,0,sensitivity,0.6866666666666666
confirmed_models/results_full_coverage_improvements/experiments/distance_inverse_knn_r2/external_metrics__distance_inverse_knn_r2__cal_sigmoid__thr_kappa.csv,confirmed_models__results_full_coverage_improvements__experiments__distance_inverse_knn_r2__external_metrics__distance_inverse_knn_r2__cal_sigmoid__thr_kappa.csv,confirmed_models,0,mcc,0.5355683832917821
confirmed_models/results_full_coverage_improvements/experiments/distance_inverse_knn_r2/external_metrics__distance_inverse_knn_r2__cal_sigmoid__thr_kappa.csv,confirmed_models__results_full_coverage_improvements__experiments__distance_inverse_knn_r2__external_metrics__distance_inverse_knn_r2__cal_sigmoid__thr_kappa.csv,confirmed_models,0,tp,103.0
confirmed_models/results_full_coverage_improvements/experiments/distance_inverse_knn_r2/external_metrics__distance_inverse_knn_r2__cal_sigmoid__thr_kappa.csv,confirmed_models__results_full_coverage_improvements__experiments__distance_inverse_knn_r2__external_metrics__distance_inverse_knn_r2__cal_sigmoid__thr_kappa.csv,confirmed_models,0,fp,24.0
confirmed_models/results_full_coverage_improvements/experiments/distance_inverse_knn_r2/external_metrics__distance_inverse_knn_r2__cal_sigmoid__thr_kappa.csv,confirmed_models__results_full_coverage_improvements__experiments__distance_inverse_knn_r2__external_metrics__distance_inverse_knn_r2__cal_sigmoid__thr_kappa.csv,confirmed_models,0,tn,128.0
confirmed_models/results_full_coverage_improvements/experiments/distance_inverse_knn_r2/external_metrics__distance_inverse_knn_r2__cal_sigmoid__thr_kappa.csv,confirmed_models__results_full_coverage_improvements__experiments__distance_inverse_knn_r2__external_metrics__distance_inverse_knn_r2__cal_sigmoid__thr_kappa.csv,confirmed_models,0,fn,47.0
confirmed_models/results_full_coverage_improvements/experiments/hybrid_knn_prob_lgbm/external_metrics__hybrid_knn_prob_lgbm__cal_isotonic__thr_f1.csv,confirmed_models__results_full_coverage_improvements__experiments__hybrid_knn_prob_lgbm__external_metrics__hybrid_knn_prob_lgbm__cal_isotonic__thr_f1.csv,confirmed_models,0,accuracy,0.7417218543046358
confirmed_models/results_full_coverage_improvements/experiments/hybrid_knn_prob_lgbm/external_metrics__hybrid_knn_prob_lgbm__cal_isotonic__thr_f1.csv,confirmed_models__results_full_coverage_improvements__experiments__hybrid_knn_prob_lgbm__external_metrics__hybrid_knn_prob_lgbm__cal_isotonic__thr_f1.csv,confirmed_models,0,precision,0.7307692307692307
confirmed_models/results_full_coverage_improvements/experiments/hybrid_knn_prob_lgbm/external_metrics__hybrid_knn_prob_lgbm__cal_isotonic__thr_f1.csv,confirmed_models__results_full_coverage_improvements__experiments__hybrid_knn_prob_lgbm__external_metrics__hybrid_knn_prob_lgbm__cal_isotonic__thr_f1.csv,confirmed_models,0,recall,0.76
confirmed_models/results_full_coverage_improvements/experiments/hybrid_knn_prob_lgbm/external_metrics__hybrid_knn_prob_lgbm__cal_isotonic__thr_f1.csv,confirmed_models__results_full_coverage_improvements__experiments__hybrid_knn_prob_lgbm__external_metrics__hybrid_knn_prob_lgbm__cal_isotonic__thr_f1.csv,confirmed_models,0,f1,0.7450980392156863
confirmed_models/results_full_coverage_improvements/experiments/hybrid_knn_prob_lgbm/external_metrics__hybrid_knn_prob_lgbm__cal_isotonic__thr_f1.csv,confirmed_models__results_full_coverage_improvements__experiments__hybrid_knn_prob_lgbm__external_metrics__hybrid_knn_prob_lgbm__cal_isotonic__thr_f1.csv,confirmed_models,0,kappa,0.4835569586950802
confirmed_models/results_full_coverage_improvements/experiments/hybrid_knn_prob_lgbm/external_metrics__hybrid_knn_prob_lgbm__cal_isotonic__thr_f1.csv,confirmed_models__results_full_coverage_improvements__experiments__hybrid_knn_prob_lgbm__external_metrics__hybrid_knn_prob_lgbm__cal_isotonic__thr_f1.csv,confirmed_models,0,auroc,0.7801754385964912
confirmed_models/results_full_coverage_improvements/experiments/hybrid_knn_prob_lgbm/external_metrics__hybrid_knn_prob_lgbm__cal_isotonic__thr_f1.csv,confirmed_models__results_full_coverage_improvements__experiments__hybrid_knn_prob_lgbm__external_metrics__hybrid_knn_prob_lgbm__cal_isotonic__thr_f1.csv,confirmed_models,0,specificity,0.7236842105263158
confirmed_models/results_full_coverage_improvements/experiments/hybrid_knn_prob_lgbm/external_metrics__hybrid_knn_prob_lgbm__cal_isotonic__thr_f1.csv,confirmed_models__results_full_coverage_improvements__experiments__hybrid_knn_prob_lgbm__external_metrics__hybrid_knn_prob_lgbm__cal_isotonic__thr_f1.csv,confirmed_models,0,sensitivity,0.76
confirmed_models/results_full_coverage_improvements/experiments/hybrid_knn_prob_lgbm/external_metrics__hybrid_knn_prob_lgbm__cal_isotonic__thr_f1.csv,confirmed_models__results_full_coverage_improvements__experiments__hybrid_knn_prob_lgbm__external_metrics__hybrid_knn_prob_lgbm__cal_isotonic__thr_f1.csv,confirmed_models,0,mcc,0.4839389823167117
confirmed_models/results_full_coverage_improvements/experiments/hybrid_knn_prob_lgbm/external_metrics__hybrid_knn_prob_lgbm__cal_isotonic__thr_f1.csv,confirmed_models__results_full_coverage_improvements__experiments__hybrid_knn_prob_lgbm__external_metrics__hybrid_knn_prob_lgbm__cal_isotonic__thr_f1.csv,confirmed_models,0,tp,114.0
confirmed_models/results_full_coverage_improvements/experiments/hybrid_knn_prob_lgbm/external_metrics__hybrid_knn_prob_lgbm__cal_isotonic__thr_f1.csv,confirmed_models__results_full_coverage_improvements__experiments__hybrid_knn_prob_lgbm__external_metrics__hybrid_knn_prob_lgbm__cal_isotonic__thr_f1.csv,confirmed_models,0,fp,42.0
confirmed_models/results_full_coverage_improvements/experiments/hybrid_knn_prob_lgbm/external_metrics__hybrid_knn_prob_lgbm__cal_isotonic__thr_f1.csv,confirmed_models__results_full_coverage_improvements__experiments__hybrid_knn_prob_lgbm__external_metrics__hybrid_knn_prob_lgbm__cal_isotonic__thr_f1.csv,confirmed_models,0,tn,110.0
confirmed_models/results_full_coverage_improvements/experiments/hybrid_knn_prob_lgbm/external_metrics__hybrid_knn_prob_lgbm__cal_isotonic__thr_f1.csv,confirmed_models__results_full_coverage_improvements__experiments__hybrid_knn_prob_lgbm__external_metrics__hybrid_knn_prob_lgbm__cal_isotonic__thr_f1.csv,confirmed_models,0,fn,36.0
confirmed_models/results_full_coverage_improvements/experiments/hybrid_knn_prob_lgbm/external_metrics__hybrid_knn_prob_lgbm__cal_isotonic__thr_kappa.csv,confirmed_models__results_full_coverage_improvements__experiments__hybrid_knn_prob_lgbm__external_metrics__hybrid_knn_prob_lgbm__cal_isotonic__thr_kappa.csv,confirmed_models,0,accuracy,0.7417218543046358
confirmed_models/results_full_coverage_improvements/experiments/hybrid_knn_prob_lgbm/external_metrics__hybrid_knn_prob_lgbm__cal_isotonic__thr_kappa.csv,confirmed_models__results_full_coverage_improvements__experiments__hybrid_knn_prob_lgbm__external_metrics__hybrid_knn_prob_lgbm__cal_isotonic__thr_kappa.csv,confirmed_models,0,precision,0.7307692307692307
confirmed_models/results_full_coverage_improvements/experiments/hybrid_knn_prob_lgbm/external_metrics__hybrid_knn_prob_lgbm__cal_isotonic__thr_kappa.csv,confirmed_models__results_full_coverage_improvements__experiments__hybrid_knn_prob_lgbm__external_metrics__hybrid_knn_prob_lgbm__cal_isotonic__thr_kappa.csv,confirmed_models,0,recall,0.76
confirmed_models/results_full_coverage_improvements/experiments/hybrid_knn_prob_lgbm/external_metrics__hybrid_knn_prob_lgbm__cal_isotonic__thr_kappa.csv,confirmed_models__results_full_coverage_improvements__experiments__hybrid_knn_prob_lgbm__external_metrics__hybrid_knn_prob_lgbm__cal_isotonic__thr_kappa.csv,confirmed_models,0,f1,0.7450980392156863
confirmed_models/results_full_coverage_improvements/experiments/hybrid_knn_prob_lgbm/external_metrics__hybrid_knn_prob_lgbm__cal_isotonic__thr_kappa.csv,confirmed_models__results_full_coverage_improvements__experiments__hybrid_knn_prob_lgbm__external_metrics__hybrid_knn_prob_lgbm__cal_isotonic__thr_kappa.csv,confirmed_models,0,kappa,0.4835569586950802
confirmed_models/results_full_coverage_improvements/experiments/hybrid_knn_prob_lgbm/external_metrics__hybrid_knn_prob_lgbm__cal_isotonic__thr_kappa.csv,confirmed_models__results_full_coverage_improvements__experiments__hybrid_knn_prob_lgbm__external_metrics__hybrid_knn_prob_lgbm__cal_isotonic__thr_kappa.csv,confirmed_models,0,auroc,0.7801754385964912
confirmed_models/results_full_coverage_improvements/experiments/hybrid_knn_prob_lgbm/external_metrics__hybrid_knn_prob_lgbm__cal_isotonic__thr_kappa.csv,confirmed_models__results_full_coverage_improvements__experiments__hybrid_knn_prob_lgbm__external_metrics__hybrid_knn_prob_lgbm__cal_isotonic__thr_kappa.csv,confirmed_models,0,specificity,0.7236842105263158
confirmed_models/results_full_coverage_improvements/experiments/hybrid_knn_prob_lgbm/external_metrics__hybrid_knn_prob_lgbm__cal_isotonic__thr_kappa.csv,confirmed_models__results_full_coverage_improvements__experiments__hybrid_knn_prob_lgbm__external_metrics__hybrid_knn_prob_lgbm__cal_isotonic__thr_kappa.csv,confirmed_models,0,sensitivity,0.76
confirmed_models/results_full_coverage_improvements/experiments/hybrid_knn_prob_lgbm/external_metrics__hybrid_knn_prob_lgbm__cal_isotonic__thr_kappa.csv,confirmed_models__results_full_coverage_improvements__experiments__hybrid_knn_prob_lgbm__external_metrics__hybrid_knn_prob_lgbm__cal_isotonic__thr_kappa.csv,confirmed_models,0,mcc,0.4839389823167117
confirmed_models/results_full_coverage_improvements/experiments/hybrid_knn_prob_lgbm/external_metrics__hybrid_knn_prob_lgbm__cal_isotonic__thr_kappa.csv,confirmed_models__results_full_coverage_improvements__experiments__hybrid_knn_prob_lgbm__external_metrics__hybrid_knn_prob_lgbm__cal_isotonic__thr_kappa.csv,confirmed_models,0,tp,114.0
confirmed_models/results_full_coverage_improvements/experiments/hybrid_knn_prob_lgbm/external_metrics__hybrid_knn_prob_lgbm__cal_isotonic__thr_kappa.csv,confirmed_models__results_full_coverage_improvements__experiments__hybrid_knn_prob_lgbm__external_metrics__hybrid_knn_prob_lgbm__cal_isotonic__thr_kappa.csv,confirmed_models,0,fp,42.0
confirmed_models/results_full_coverage_improvements/experiments/hybrid_knn_prob_lgbm/external_metrics__hybrid_knn_prob_lgbm__cal_isotonic__thr_kappa.csv,confirmed_models__results_full_coverage_improvements__experiments__hybrid_knn_prob_lgbm__external_metrics__hybrid_knn_prob_lgbm__cal_isotonic__thr_kappa.csv,confirmed_models,0,tn,110.0
confirmed_models/results_full_coverage_improvements/experiments/hybrid_knn_prob_lgbm/external_metrics__hybrid_knn_prob_lgbm__cal_isotonic__thr_kappa.csv,confirmed_models__results_full_coverage_improvements__experiments__hybrid_knn_prob_lgbm__external_metrics__hybrid_knn_prob_lgbm__cal_isotonic__thr_kappa.csv,confirmed_models,0,fn,36.0
confirmed_models/results_full_coverage_improvements/experiments/hybrid_knn_prob_lgbm/external_metrics__hybrid_knn_prob_lgbm__cal_none__thr_f1.csv,confirmed_models__results_full_coverage_improvements__experiments__hybrid_knn_prob_lgbm__external_metrics__hybrid_knn_prob_lgbm__cal_none__thr_f1.csv,confirmed_models,0,accuracy,0.7450331125827815
confirmed_models/results_full_coverage_improvements/experiments/hybrid_knn_prob_lgbm/external_metrics__hybrid_knn_prob_lgbm__cal_none__thr_f1.csv,confirmed_models__results_full_coverage_improvements__experiments__hybrid_knn_prob_lgbm__external_metrics__hybrid_knn_prob_lgbm__cal_none__thr_f1.csv,confirmed_models,0,precision,0.738562091503268
confirmed_models/results_full_coverage_improvements/experiments/hybrid_knn_prob_lgbm/external_metrics__hybrid_knn_prob_lgbm__cal_none__thr_f1.csv,confirmed_models__results_full_coverage_improvements__experiments__hybrid_knn_prob_lgbm__external_metrics__hybrid_knn_prob_lgbm__cal_none__thr_f1.csv,confirmed_models,0,recall,0.7533333333333333
confirmed_models/results_full_coverage_improvements/experiments/hybrid_knn_prob_lgbm/external_metrics__hybrid_knn_prob_lgbm__cal_none__thr_f1.csv,confirmed_models__results_full_coverage_improvements__experiments__hybrid_knn_prob_lgbm__external_metrics__hybrid_knn_prob_lgbm__cal_none__thr_f1.csv,confirmed_models,0,f1,0.7458745874587459
confirmed_models/results_full_coverage_improvements/experiments/hybrid_knn_prob_lgbm/external_metrics__hybrid_knn_prob_lgbm__cal_none__thr_f1.csv,confirmed_models__results_full_coverage_improvements__experiments__hybrid_knn_prob_lgbm__external_metrics__hybrid_knn_prob_lgbm__cal_none__thr_f1.csv,confirmed_models,0,kappa,0.4901109503135552
confirmed_models/results_full_coverage_improvements/experiments/hybrid_knn_prob_lgbm/external_metrics__hybrid_knn_prob_lgbm__cal_none__thr_f1.csv,confirmed_models__results_full_coverage_improvements__experiments__hybrid_knn_prob_lgbm__external_metrics__hybrid_knn_prob_lgbm__cal_none__thr_f1.csv,confirmed_models,0,auroc,0.8226973684210527
confirmed_models/results_full_coverage_improvements/experiments/hybrid_knn_prob_lgbm/external_metrics__hybrid_knn_prob_lgbm__cal_none__thr_f1.csv,confirmed_models__results_full_coverage_improvements__experiments__hybrid_knn_prob_lgbm__external_metrics__hybrid_knn_prob_lgbm__cal_none__thr_f1.csv,confirmed_models,0,specificity,0.7368421052631579
confirmed_models/results_full_coverage_improvements/experiments/hybrid_knn_prob_lgbm/external_metrics__hybrid_knn_prob_lgbm__cal_none__thr_f1.csv,confirmed_models__results_full_coverage_improvements__experiments__hybrid_knn_prob_lgbm__external_metrics__hybrid_knn_prob_lgbm__cal_none__thr_f1.csv,confirmed_models,0,sensitivity,0.7533333333333333
confirmed_models/results_full_coverage_improvements/experiments/hybrid_knn_prob_lgbm/external_metrics__hybrid_knn_prob_lgbm__cal_none__thr_f1.csv,confirmed_models__results_full_coverage_improvements__experiments__hybrid_knn_prob_lgbm__external_metrics__hybrid_knn_prob_lgbm__cal_none__thr_f1.csv,confirmed_models,0,mcc,0.4902076901633647
confirmed_models/results_full_coverage_improvements/experiments/hybrid_knn_prob_lgbm/external_metrics__hybrid_knn_prob_lgbm__cal_none__thr_f1.csv,confirmed_models__results_full_coverage_improvements__experiments__hybrid_knn_prob_lgbm__external_metrics__hybrid_knn_prob_lgbm__cal_none__thr_f1.csv,confirmed_models,0,tp,113.0
confirmed_models/results_full_coverage_improvements/experiments/hybrid_knn_prob_lgbm/external_metrics__hybrid_knn_prob_lgbm__cal_none__thr_f1.csv,confirmed_models__results_full_coverage_improvements__experiments__hybrid_knn_prob_lgbm__external_metrics__hybrid_knn_prob_lgbm__cal_none__thr_f1.csv,confirmed_models,0,fp,40.0
confirmed_models/results_full_coverage_improvements/experiments/hybrid_knn_prob_lgbm/external_metrics__hybrid_knn_prob_lgbm__cal_none__thr_f1.csv,confirmed_models__results_full_coverage_improvements__experiments__hybrid_knn_prob_lgbm__external_metrics__hybrid_knn_prob_lgbm__cal_none__thr_f1.csv,confirmed_models,0,tn,112.0
confirmed_models/results_full_coverage_improvements/experiments/hybrid_knn_prob_lgbm/external_metrics__hybrid_knn_prob_lgbm__cal_none__thr_f1.csv,confirmed_models__results_full_coverage_improvements__experiments__hybrid_knn_prob_lgbm__external_metrics__hybrid_knn_prob_lgbm__cal_none__thr_f1.csv,confirmed_models,0,fn,37.0
confirmed_models/results_full_coverage_improvements/experiments/hybrid_knn_prob_lgbm/external_metrics__hybrid_knn_prob_lgbm__cal_none__thr_kappa.csv,confirmed_models__results_full_coverage_improvements__experiments__hybrid_knn_prob_lgbm__external_metrics__hybrid_knn_prob_lgbm__cal_none__thr_kappa.csv,confirmed_models,0,accuracy,0.7450331125827815
confirmed_models/results_full_coverage_improvements/experiments/hybrid_knn_prob_lgbm/external_metrics__hybrid_knn_prob_lgbm__cal_none__thr_kappa.csv,confirmed_models__results_full_coverage_improvements__experiments__hybrid_knn_prob_lgbm__external_metrics__hybrid_knn_prob_lgbm__cal_none__thr_kappa.csv,confirmed_models,0,precision,0.738562091503268
confirmed_models/results_full_coverage_improvements/experiments/hybrid_knn_prob_lgbm/external_metrics__hybrid_knn_prob_lgbm__cal_none__thr_kappa.csv,confirmed_models__results_full_coverage_improvements__experiments__hybrid_knn_prob_lgbm__external_metrics__hybrid_knn_prob_lgbm__cal_none__thr_kappa.csv,confirmed_models,0,recall,0.7533333333333333
confirmed_models/results_full_coverage_improvements/experiments/hybrid_knn_prob_lgbm/external_metrics__hybrid_knn_prob_lgbm__cal_none__thr_kappa.csv,confirmed_models__results_full_coverage_improvements__experiments__hybrid_knn_prob_lgbm__external_metrics__hybrid_knn_prob_lgbm__cal_none__thr_kappa.csv,confirmed_models,0,f1,0.7458745874587459
confirmed_models/results_full_coverage_improvements/experiments/hybrid_knn_prob_lgbm/external_metrics__hybrid_knn_prob_lgbm__cal_none__thr_kappa.csv,confirmed_models__results_full_coverage_improvements__experiments__hybrid_knn_prob_lgbm__external_metrics__hybrid_knn_prob_lgbm__cal_none__thr_kappa.csv,confirmed_models,0,kappa,0.4901109503135552
confirmed_models/results_full_coverage_improvements/experiments/hybrid_knn_prob_lgbm/external_metrics__hybrid_knn_prob_lgbm__cal_none__thr_kappa.csv,confirmed_models__results_full_coverage_improvements__experiments__hybrid_knn_prob_lgbm__external_metrics__hybrid_knn_prob_lgbm__cal_none__thr_kappa.csv,confirmed_models,0,auroc,0.8226973684210527
confirmed_models/results_full_coverage_improvements/experiments/hybrid_knn_prob_lgbm/external_metrics__hybrid_knn_prob_lgbm__cal_none__thr_kappa.csv,confirmed_models__results_full_coverage_improvements__experiments__hybrid_knn_prob_lgbm__external_metrics__hybrid_knn_prob_lgbm__cal_none__thr_kappa.csv,confirmed_models,0,specificity,0.7368421052631579
confirmed_models/results_full_coverage_improvements/experiments/hybrid_knn_prob_lgbm/external_metrics__hybrid_knn_prob_lgbm__cal_none__thr_kappa.csv,confirmed_models__results_full_coverage_improvements__experiments__hybrid_knn_prob_lgbm__external_metrics__hybrid_knn_prob_lgbm__cal_none__thr_kappa.csv,confirmed_models,0,sensitivity,0.7533333333333333
confirmed_models/results_full_coverage_improvements/experiments/hybrid_knn_prob_lgbm/external_metrics__hybrid_knn_prob_lgbm__cal_none__thr_kappa.csv,confirmed_models__results_full_coverage_improvements__experiments__hybrid_knn_prob_lgbm__external_metrics__hybrid_knn_prob_lgbm__cal_none__thr_kappa.csv,confirmed_models,0,mcc,0.4902076901633647
confirmed_models/results_full_coverage_improvements/experiments/hybrid_knn_prob_lgbm/external_metrics__hybrid_knn_prob_lgbm__cal_none__thr_kappa.csv,confirmed_models__results_full_coverage_improvements__experiments__hybrid_knn_prob_lgbm__external_metrics__hybrid_knn_prob_lgbm__cal_none__thr_kappa.csv,confirmed_models,0,tp,113.0
confirmed_models/results_full_coverage_improvements/experiments/hybrid_knn_prob_lgbm/external_metrics__hybrid_knn_prob_lgbm__cal_none__thr_kappa.csv,confirmed_models__results_full_coverage_improvements__experiments__hybrid_knn_prob_lgbm__external_metrics__hybrid_knn_prob_lgbm__cal_none__thr_kappa.csv,confirmed_models,0,fp,40.0
confirmed_models/results_full_coverage_improvements/experiments/hybrid_knn_prob_lgbm/external_metrics__hybrid_knn_prob_lgbm__cal_none__thr_kappa.csv,confirmed_models__results_full_coverage_improvements__experiments__hybrid_knn_prob_lgbm__external_metrics__hybrid_knn_prob_lgbm__cal_none__thr_kappa.csv,confirmed_models,0,tn,112.0
confirmed_models/results_full_coverage_improvements/experiments/hybrid_knn_prob_lgbm/external_metrics__hybrid_knn_prob_lgbm__cal_none__thr_kappa.csv,confirmed_models__results_full_coverage_improvements__experiments__hybrid_knn_prob_lgbm__external_metrics__hybrid_knn_prob_lgbm__cal_none__thr_kappa.csv,confirmed_models,0,fn,37.0
confirmed_models/results_full_coverage_improvements/experiments/hybrid_knn_prob_lgbm/external_metrics__hybrid_knn_prob_lgbm__cal_sigmoid__thr_f1.csv,confirmed_models__results_full_coverage_improvements__experiments__hybrid_knn_prob_lgbm__external_metrics__hybrid_knn_prob_lgbm__cal_sigmoid__thr_f1.csv,confirmed_models,0,accuracy,0.7483443708609272
confirmed_models/results_full_coverage_improvements/experiments/hybrid_knn_prob_lgbm/external_metrics__hybrid_knn_prob_lgbm__cal_sigmoid__thr_f1.csv,confirmed_models__results_full_coverage_improvements__experiments__hybrid_knn_prob_lgbm__external_metrics__hybrid_knn_prob_lgbm__cal_sigmoid__thr_f1.csv,confirmed_models,0,precision,0.7534246575342466
confirmed_models/results_full_coverage_improvements/experiments/hybrid_knn_prob_lgbm/external_metrics__hybrid_knn_prob_lgbm__cal_sigmoid__thr_f1.csv,confirmed_models__results_full_coverage_improvements__experiments__hybrid_knn_prob_lgbm__external_metrics__hybrid_knn_prob_lgbm__cal_sigmoid__thr_f1.csv,confirmed_models,0,recall,0.7333333333333333
confirmed_models/results_full_coverage_improvements/experiments/hybrid_knn_prob_lgbm/external_metrics__hybrid_knn_prob_lgbm__cal_sigmoid__thr_f1.csv,confirmed_models__results_full_coverage_improvements__experiments__hybrid_knn_prob_lgbm__external_metrics__hybrid_knn_prob_lgbm__cal_sigmoid__thr_f1.csv,confirmed_models,0,f1,0.7432432432432432
confirmed_models/results_full_coverage_improvements/experiments/hybrid_knn_prob_lgbm/external_metrics__hybrid_knn_prob_lgbm__cal_sigmoid__thr_f1.csv,confirmed_models__results_full_coverage_improvements__experiments__hybrid_knn_prob_lgbm__external_metrics__hybrid_knn_prob_lgbm__cal_sigmoid__thr_f1.csv,confirmed_models,0,kappa,0.4965783470784348
confirmed_models/results_full_coverage_improvements/experiments/hybrid_knn_prob_lgbm/external_metrics__hybrid_knn_prob_lgbm__cal_sigmoid__thr_f1.csv,confirmed_models__results_full_coverage_improvements__experiments__hybrid_knn_prob_lgbm__external_metrics__hybrid_knn_prob_lgbm__cal_sigmoid__thr_f1.csv,confirmed_models,0,auroc,0.8225657894736843
confirmed_models/results_full_coverage_improvements/experiments/hybrid_knn_prob_lgbm/external_metrics__hybrid_knn_prob_lgbm__cal_sigmoid__thr_f1.csv,confirmed_models__results_full_coverage_improvements__experiments__hybrid_knn_prob_lgbm__external_metrics__hybrid_knn_prob_lgbm__cal_sigmoid__thr_f1.csv,confirmed_models,0,specificity,0.7631578947368421
confirmed_models/results_full_coverage_improvements/experiments/hybrid_knn_prob_lgbm/external_metrics__hybrid_knn_prob_lgbm__cal_sigmoid__thr_f1.csv,confirmed_models__results_full_coverage_improvements__experiments__hybrid_knn_prob_lgbm__external_metrics__hybrid_knn_prob_lgbm__cal_sigmoid__thr_f1.csv,confirmed_models,0,sensitivity,0.7333333333333333
confirmed_models/results_full_coverage_improvements/experiments/hybrid_knn_prob_lgbm/external_metrics__hybrid_knn_prob_lgbm__cal_sigmoid__thr_f1.csv,confirmed_models__results_full_coverage_improvements__experiments__hybrid_knn_prob_lgbm__external_metrics__hybrid_knn_prob_lgbm__cal_sigmoid__thr_f1.csv,confirmed_models,0,mcc,0.4967527457222684
confirmed_models/results_full_coverage_improvements/experiments/hybrid_knn_prob_lgbm/external_metrics__hybrid_knn_prob_lgbm__cal_sigmoid__thr_f1.csv,confirmed_models__results_full_coverage_improvements__experiments__hybrid_knn_prob_lgbm__external_metrics__hybrid_knn_prob_lgbm__cal_sigmoid__thr_f1.csv,confirmed_models,0,tp,110.0
confirmed_models/results_full_coverage_improvements/experiments/hybrid_knn_prob_lgbm/external_metrics__hybrid_knn_prob_lgbm__cal_sigmoid__thr_f1.csv,confirmed_models__results_full_coverage_improvements__experiments__hybrid_knn_prob_lgbm__external_metrics__hybrid_knn_prob_lgbm__cal_sigmoid__thr_f1.csv,confirmed_models,0,fp,36.0
confirmed_models/results_full_coverage_improvements/experiments/hybrid_knn_prob_lgbm/external_metrics__hybrid_knn_prob_lgbm__cal_sigmoid__thr_f1.csv,confirmed_models__results_full_coverage_improvements__experiments__hybrid_knn_prob_lgbm__external_metrics__hybrid_knn_prob_lgbm__cal_sigmoid__thr_f1.csv,confirmed_models,0,tn,116.0
confirmed_models/results_full_coverage_improvements/experiments/hybrid_knn_prob_lgbm/external_metrics__hybrid_knn_prob_lgbm__cal_sigmoid__thr_f1.csv,confirmed_models__results_full_coverage_improvements__experiments__hybrid_knn_prob_lgbm__external_metrics__hybrid_knn_prob_lgbm__cal_sigmoid__thr_f1.csv,confirmed_models,0,fn,40.0
confirmed_models/results_full_coverage_improvements/experiments/hybrid_knn_prob_lgbm/external_metrics__hybrid_knn_prob_lgbm__cal_sigmoid__thr_kappa.csv,confirmed_models__results_full_coverage_improvements__experiments__hybrid_knn_prob_lgbm__external_metrics__hybrid_knn_prob_lgbm__cal_sigmoid__thr_kappa.csv,confirmed_models,0,accuracy,0.7483443708609272
confirmed_models/results_full_coverage_improvements/experiments/hybrid_knn_prob_lgbm/external_metrics__hybrid_knn_prob_lgbm__cal_sigmoid__thr_kappa.csv,confirmed_models__results_full_coverage_improvements__experiments__hybrid_knn_prob_lgbm__external_metrics__hybrid_knn_prob_lgbm__cal_sigmoid__thr_kappa.csv,confirmed_models,0,precision,0.7534246575342466
confirmed_models/results_full_coverage_improvements/experiments/hybrid_knn_prob_lgbm/external_metrics__hybrid_knn_prob_lgbm__cal_sigmoid__thr_kappa.csv,confirmed_models__results_full_coverage_improvements__experiments__hybrid_knn_prob_lgbm__external_metrics__hybrid_knn_prob_lgbm__cal_sigmoid__thr_kappa.csv,confirmed_models,0,recall,0.7333333333333333
confirmed_models/results_full_coverage_improvements/experiments/hybrid_knn_prob_lgbm/external_metrics__hybrid_knn_prob_lgbm__cal_sigmoid__thr_kappa.csv,confirmed_models__results_full_coverage_improvements__experiments__hybrid_knn_prob_lgbm__external_metrics__hybrid_knn_prob_lgbm__cal_sigmoid__thr_kappa.csv,confirmed_models,0,f1,0.7432432432432432
confirmed_models/results_full_coverage_improvements/experiments/hybrid_knn_prob_lgbm/external_metrics__hybrid_knn_prob_lgbm__cal_sigmoid__thr_kappa.csv,confirmed_models__results_full_coverage_improvements__experiments__hybrid_knn_prob_lgbm__external_metrics__hybrid_knn_prob_lgbm__cal_sigmoid__thr_kappa.csv,confirmed_models,0,kappa,0.4965783470784348
confirmed_models/results_full_coverage_improvements/experiments/hybrid_knn_prob_lgbm/external_metrics__hybrid_knn_prob_lgbm__cal_sigmoid__thr_kappa.csv,confirmed_models__results_full_coverage_improvements__experiments__hybrid_knn_prob_lgbm__external_metrics__hybrid_knn_prob_lgbm__cal_sigmoid__thr_kappa.csv,confirmed_models,0,auroc,0.8225657894736843
confirmed_models/results_full_coverage_improvements/experiments/hybrid_knn_prob_lgbm/external_metrics__hybrid_knn_prob_lgbm__cal_sigmoid__thr_kappa.csv,confirmed_models__results_full_coverage_improvements__experiments__hybrid_knn_prob_lgbm__external_metrics__hybrid_knn_prob_lgbm__cal_sigmoid__thr_kappa.csv,confirmed_models,0,specificity,0.7631578947368421
confirmed_models/results_full_coverage_improvements/experiments/hybrid_knn_prob_lgbm/external_metrics__hybrid_knn_prob_lgbm__cal_sigmoid__thr_kappa.csv,confirmed_models__results_full_coverage_improvements__experiments__hybrid_knn_prob_lgbm__external_metrics__hybrid_knn_prob_lgbm__cal_sigmoid__thr_kappa.csv,confirmed_models,0,sensitivity,0.7333333333333333
confirmed_models/results_full_coverage_improvements/experiments/hybrid_knn_prob_lgbm/external_metrics__hybrid_knn_prob_lgbm__cal_sigmoid__thr_kappa.csv,confirmed_models__results_full_coverage_improvements__experiments__hybrid_knn_prob_lgbm__external_metrics__hybrid_knn_prob_lgbm__cal_sigmoid__thr_kappa.csv,confirmed_models,0,mcc,0.4967527457222684
confirmed_models/results_full_coverage_improvements/experiments/hybrid_knn_prob_lgbm/external_metrics__hybrid_knn_prob_lgbm__cal_sigmoid__thr_kappa.csv,confirmed_models__results_full_coverage_improvements__experiments__hybrid_knn_prob_lgbm__external_metrics__hybrid_knn_prob_lgbm__cal_sigmoid__thr_kappa.csv,confirmed_models,0,tp,110.0
confirmed_models/results_full_coverage_improvements/experiments/hybrid_knn_prob_lgbm/external_metrics__hybrid_knn_prob_lgbm__cal_sigmoid__thr_kappa.csv,confirmed_models__results_full_coverage_improvements__experiments__hybrid_knn_prob_lgbm__external_metrics__hybrid_knn_prob_lgbm__cal_sigmoid__thr_kappa.csv,confirmed_models,0,fp,36.0
confirmed_models/results_full_coverage_improvements/experiments/hybrid_knn_prob_lgbm/external_metrics__hybrid_knn_prob_lgbm__cal_sigmoid__thr_kappa.csv,confirmed_models__results_full_coverage_improvements__experiments__hybrid_knn_prob_lgbm__external_metrics__hybrid_knn_prob_lgbm__cal_sigmoid__thr_kappa.csv,confirmed_models,0,tn,116.0
confirmed_models/results_full_coverage_improvements/experiments/hybrid_knn_prob_lgbm/external_metrics__hybrid_knn_prob_lgbm__cal_sigmoid__thr_kappa.csv,confirmed_models__results_full_coverage_improvements__experiments__hybrid_knn_prob_lgbm__external_metrics__hybrid_knn_prob_lgbm__cal_sigmoid__thr_kappa.csv,confirmed_models,0,fn,40.0
confirmed_models/results_full_coverage_improvements/experiments/hybrid_knn_prob_logreg/external_metrics__hybrid_knn_prob_logreg__cal_isotonic__thr_f1.csv,confirmed_models__results_full_coverage_improvements__experiments__hybrid_knn_prob_logreg__external_metrics__hybrid_knn_prob_logreg__cal_isotonic__thr_f1.csv,confirmed_models,0,accuracy,0.7649006622516556
confirmed_models/results_full_coverage_improvements/experiments/hybrid_knn_prob_logreg/external_metrics__hybrid_knn_prob_logreg__cal_isotonic__thr_f1.csv,confirmed_models__results_full_coverage_improvements__experiments__hybrid_knn_prob_logreg__external_metrics__hybrid_knn_prob_logreg__cal_isotonic__thr_f1.csv,confirmed_models,0,precision,0.8211382113821138
confirmed_models/results_full_coverage_improvements/experiments/hybrid_knn_prob_logreg/external_metrics__hybrid_knn_prob_logreg__cal_isotonic__thr_f1.csv,confirmed_models__results_full_coverage_improvements__experiments__hybrid_knn_prob_logreg__external_metrics__hybrid_knn_prob_logreg__cal_isotonic__thr_f1.csv,confirmed_models,0,recall,0.6733333333333333
confirmed_models/results_full_coverage_improvements/experiments/hybrid_knn_prob_logreg/external_metrics__hybrid_knn_prob_logreg__cal_isotonic__thr_f1.csv,confirmed_models__results_full_coverage_improvements__experiments__hybrid_knn_prob_logreg__external_metrics__hybrid_knn_prob_logreg__cal_isotonic__thr_f1.csv,confirmed_models,0,f1,0.73992673992674
confirmed_models/results_full_coverage_improvements/experiments/hybrid_knn_prob_logreg/external_metrics__hybrid_knn_prob_logreg__cal_isotonic__thr_f1.csv,confirmed_models__results_full_coverage_improvements__experiments__hybrid_knn_prob_logreg__external_metrics__hybrid_knn_prob_logreg__cal_isotonic__thr_f1.csv,confirmed_models,0,kappa,0.5292232029157335
confirmed_models/results_full_coverage_improvements/experiments/hybrid_knn_prob_logreg/external_metrics__hybrid_knn_prob_logreg__cal_isotonic__thr_f1.csv,confirmed_models__results_full_coverage_improvements__experiments__hybrid_knn_prob_logreg__external_metrics__hybrid_knn_prob_logreg__cal_isotonic__thr_f1.csv,confirmed_models,0,auroc,0.8460964912280702
confirmed_models/results_full_coverage_improvements/experiments/hybrid_knn_prob_logreg/external_metrics__hybrid_knn_prob_logreg__cal_isotonic__thr_f1.csv,confirmed_models__results_full_coverage_improvements__experiments__hybrid_knn_prob_logreg__external_metrics__hybrid_knn_prob_logreg__cal_isotonic__thr_f1.csv,confirmed_models,0,specificity,0.8552631578947368
confirmed_models/results_full_coverage_improvements/experiments/hybrid_knn_prob_logreg/external_metrics__hybrid_knn_prob_logreg__cal_isotonic__thr_f1.csv,confirmed_models__results_full_coverage_improvements__experiments__hybrid_knn_prob_logreg__external_metrics__hybrid_knn_prob_logreg__cal_isotonic__thr_f1.csv,confirmed_models,0,sensitivity,0.6733333333333333
confirmed_models/results_full_coverage_improvements/experiments/hybrid_knn_prob_logreg/external_metrics__hybrid_knn_prob_logreg__cal_isotonic__thr_f1.csv,confirmed_models__results_full_coverage_improvements__experiments__hybrid_knn_prob_logreg__external_metrics__hybrid_knn_prob_logreg__cal_isotonic__thr_f1.csv,confirmed_models,0,mcc,0.5379137283918993
confirmed_models/results_full_coverage_improvements/experiments/hybrid_knn_prob_logreg/external_metrics__hybrid_knn_prob_logreg__cal_isotonic__thr_f1.csv,confirmed_models__results_full_coverage_improvements__experiments__hybrid_knn_prob_logreg__external_metrics__hybrid_knn_prob_logreg__cal_isotonic__thr_f1.csv,confirmed_models,0,tp,101.0
confirmed_models/results_full_coverage_improvements/experiments/hybrid_knn_prob_logreg/external_metrics__hybrid_knn_prob_logreg__cal_isotonic__thr_f1.csv,confirmed_models__results_full_coverage_improvements__experiments__hybrid_knn_prob_logreg__external_metrics__hybrid_knn_prob_logreg__cal_isotonic__thr_f1.csv,confirmed_models,0,fp,22.0
confirmed_models/results_full_coverage_improvements/experiments/hybrid_knn_prob_logreg/external_metrics__hybrid_knn_prob_logreg__cal_isotonic__thr_f1.csv,confirmed_models__results_full_coverage_improvements__experiments__hybrid_knn_prob_logreg__external_metrics__hybrid_knn_prob_logreg__cal_isotonic__thr_f1.csv,confirmed_models,0,tn,130.0
confirmed_models/results_full_coverage_improvements/experiments/hybrid_knn_prob_logreg/external_metrics__hybrid_knn_prob_logreg__cal_isotonic__thr_f1.csv,confirmed_models__results_full_coverage_improvements__experiments__hybrid_knn_prob_logreg__external_metrics__hybrid_knn_prob_logreg__cal_isotonic__thr_f1.csv,confirmed_models,0,fn,49.0
confirmed_models/results_full_coverage_improvements/experiments/hybrid_knn_prob_logreg/external_metrics__hybrid_knn_prob_logreg__cal_isotonic__thr_kappa.csv,confirmed_models__results_full_coverage_improvements__experiments__hybrid_knn_prob_logreg__external_metrics__hybrid_knn_prob_logreg__cal_isotonic__thr_kappa.csv,confirmed_models,0,accuracy,0.7649006622516556
confirmed_models/results_full_coverage_improvements/experiments/hybrid_knn_prob_logreg/external_metrics__hybrid_knn_prob_logreg__cal_isotonic__thr_kappa.csv,confirmed_models__results_full_coverage_improvements__experiments__hybrid_knn_prob_logreg__external_metrics__hybrid_knn_prob_logreg__cal_isotonic__thr_kappa.csv,confirmed_models,0,precision,0.8211382113821138
confirmed_models/results_full_coverage_improvements/experiments/hybrid_knn_prob_logreg/external_metrics__hybrid_knn_prob_logreg__cal_isotonic__thr_kappa.csv,confirmed_models__results_full_coverage_improvements__experiments__hybrid_knn_prob_logreg__external_metrics__hybrid_knn_prob_logreg__cal_isotonic__thr_kappa.csv,confirmed_models,0,recall,0.6733333333333333
confirmed_models/results_full_coverage_improvements/experiments/hybrid_knn_prob_logreg/external_metrics__hybrid_knn_prob_logreg__cal_isotonic__thr_kappa.csv,confirmed_models__results_full_coverage_improvements__experiments__hybrid_knn_prob_logreg__external_metrics__hybrid_knn_prob_logreg__cal_isotonic__thr_kappa.csv,confirmed_models,0,f1,0.73992673992674
confirmed_models/results_full_coverage_improvements/experiments/hybrid_knn_prob_logreg/external_metrics__hybrid_knn_prob_logreg__cal_isotonic__thr_kappa.csv,confirmed_models__results_full_coverage_improvements__experiments__hybrid_knn_prob_logreg__external_metrics__hybrid_knn_prob_logreg__cal_isotonic__thr_kappa.csv,confirmed_models,0,kappa,0.5292232029157335
confirmed_models/results_full_coverage_improvements/experiments/hybrid_knn_prob_logreg/external_metrics__hybrid_knn_prob_logreg__cal_isotonic__thr_kappa.csv,confirmed_models__results_full_coverage_improvements__experiments__hybrid_knn_prob_logreg__external_metrics__hybrid_knn_prob_logreg__cal_isotonic__thr_kappa.csv,confirmed_models,0,auroc,0.8460964912280702
confirmed_models/results_full_coverage_improvements/experiments/hybrid_knn_prob_logreg/external_metrics__hybrid_knn_prob_logreg__cal_isotonic__thr_kappa.csv,confirmed_models__results_full_coverage_improvements__experiments__hybrid_knn_prob_logreg__external_metrics__hybrid_knn_prob_logreg__cal_isotonic__thr_kappa.csv,confirmed_models,0,specificity,0.8552631578947368
confirmed_models/results_full_coverage_improvements/experiments/hybrid_knn_prob_logreg/external_metrics__hybrid_knn_prob_logreg__cal_isotonic__thr_kappa.csv,confirmed_models__results_full_coverage_improvements__experiments__hybrid_knn_prob_logreg__external_metrics__hybrid_knn_prob_logreg__cal_isotonic__thr_kappa.csv,confirmed_models,0,sensitivity,0.6733333333333333
confirmed_models/results_full_coverage_improvements/experiments/hybrid_knn_prob_logreg/external_metrics__hybrid_knn_prob_logreg__cal_isotonic__thr_kappa.csv,confirmed_models__results_full_coverage_improvements__experiments__hybrid_knn_prob_logreg__external_metrics__hybrid_knn_prob_logreg__cal_isotonic__thr_kappa.csv,confirmed_models,0,mcc,0.5379137283918993
confirmed_models/results_full_coverage_improvements/experiments/hybrid_knn_prob_logreg/external_metrics__hybrid_knn_prob_logreg__cal_isotonic__thr_kappa.csv,confirmed_models__results_full_coverage_improvements__experiments__hybrid_knn_prob_logreg__external_metrics__hybrid_knn_prob_logreg__cal_isotonic__thr_kappa.csv,confirmed_models,0,tp,101.0
confirmed_models/results_full_coverage_improvements/experiments/hybrid_knn_prob_logreg/external_metrics__hybrid_knn_prob_logreg__cal_isotonic__thr_kappa.csv,confirmed_models__results_full_coverage_improvements__experiments__hybrid_knn_prob_logreg__external_metrics__hybrid_knn_prob_logreg__cal_isotonic__thr_kappa.csv,confirmed_models,0,fp,22.0
confirmed_models/results_full_coverage_improvements/experiments/hybrid_knn_prob_logreg/external_metrics__hybrid_knn_prob_logreg__cal_isotonic__thr_kappa.csv,confirmed_models__results_full_coverage_improvements__experiments__hybrid_knn_prob_logreg__external_metrics__hybrid_knn_prob_logreg__cal_isotonic__thr_kappa.csv,confirmed_models,0,tn,130.0
confirmed_models/results_full_coverage_improvements/experiments/hybrid_knn_prob_logreg/external_metrics__hybrid_knn_prob_logreg__cal_isotonic__thr_kappa.csv,confirmed_models__results_full_coverage_improvements__experiments__hybrid_knn_prob_logreg__external_metrics__hybrid_knn_prob_logreg__cal_isotonic__thr_kappa.csv,confirmed_models,0,fn,49.0
confirmed_models/results_full_coverage_improvements/experiments/hybrid_knn_prob_logreg/external_metrics__hybrid_knn_prob_logreg__cal_none__thr_f1.csv,confirmed_models__results_full_coverage_improvements__experiments__hybrid_knn_prob_logreg__external_metrics__hybrid_knn_prob_logreg__cal_none__thr_f1.csv,confirmed_models,0,accuracy,0.7748344370860927
confirmed_models/results_full_coverage_improvements/experiments/hybrid_knn_prob_logreg/external_metrics__hybrid_knn_prob_logreg__cal_none__thr_f1.csv,confirmed_models__results_full_coverage_improvements__experiments__hybrid_knn_prob_logreg__external_metrics__hybrid_knn_prob_logreg__cal_none__thr_f1.csv,confirmed_models,0,precision,0.7971014492753623
confirmed_models/results_full_coverage_improvements/experiments/hybrid_knn_prob_logreg/external_metrics__hybrid_knn_prob_logreg__cal_none__thr_f1.csv,confirmed_models__results_full_coverage_improvements__experiments__hybrid_knn_prob_logreg__external_metrics__hybrid_knn_prob_logreg__cal_none__thr_f1.csv,confirmed_models,0,recall,0.7333333333333333
confirmed_models/results_full_coverage_improvements/experiments/hybrid_knn_prob_logreg/external_metrics__hybrid_knn_prob_logreg__cal_none__thr_f1.csv,confirmed_models__results_full_coverage_improvements__experiments__hybrid_knn_prob_logreg__external_metrics__hybrid_knn_prob_logreg__cal_none__thr_f1.csv,confirmed_models,0,f1,0.7638888888888888
confirmed_models/results_full_coverage_improvements/experiments/hybrid_knn_prob_logreg/external_metrics__hybrid_knn_prob_logreg__cal_none__thr_f1.csv,confirmed_models__results_full_coverage_improvements__experiments__hybrid_knn_prob_logreg__external_metrics__hybrid_knn_prob_logreg__cal_none__thr_f1.csv,confirmed_models,0,kappa,0.5494119712129191
confirmed_models/results_full_coverage_improvements/experiments/hybrid_knn_prob_logreg/external_metrics__hybrid_knn_prob_logreg__cal_none__thr_f1.csv,confirmed_models__results_full_coverage_improvements__experiments__hybrid_knn_prob_logreg__external_metrics__hybrid_knn_prob_logreg__cal_none__thr_f1.csv,confirmed_models,0,auroc,0.8586842105263158
confirmed_models/results_full_coverage_improvements/experiments/hybrid_knn_prob_logreg/external_metrics__hybrid_knn_prob_logreg__cal_none__thr_f1.csv,confirmed_models__results_full_coverage_improvements__experiments__hybrid_knn_prob_logreg__external_metrics__hybrid_knn_prob_logreg__cal_none__thr_f1.csv,confirmed_models,0,specificity,0.8157894736842105
confirmed_models/results_full_coverage_improvements/experiments/hybrid_knn_prob_logreg/external_metrics__hybrid_knn_prob_logreg__cal_none__thr_f1.csv,confirmed_models__results_full_coverage_improvements__experiments__hybrid_knn_prob_logreg__external_metrics__hybrid_knn_prob_logreg__cal_none__thr_f1.csv,confirmed_models,0,sensitivity,0.7333333333333333
confirmed_models/results_full_coverage_improvements/experiments/hybrid_knn_prob_logreg/external_metrics__hybrid_knn_prob_logreg__cal_none__thr_f1.csv,confirmed_models__results_full_coverage_improvements__experiments__hybrid_knn_prob_logreg__external_metrics__hybrid_knn_prob_logreg__cal_none__thr_f1.csv,confirmed_models,0,mcc,0.5511571403405211
confirmed_models/results_full_coverage_improvements/experiments/hybrid_knn_prob_logreg/external_metrics__hybrid_knn_prob_logreg__cal_none__thr_f1.csv,confirmed_models__results_full_coverage_improvements__experiments__hybrid_knn_prob_logreg__external_metrics__hybrid_knn_prob_logreg__cal_none__thr_f1.csv,confirmed_models,0,tp,110.0
confirmed_models/results_full_coverage_improvements/experiments/hybrid_knn_prob_logreg/external_metrics__hybrid_knn_prob_logreg__cal_none__thr_f1.csv,confirmed_models__results_full_coverage_improvements__experiments__hybrid_knn_prob_logreg__external_metrics__hybrid_knn_prob_logreg__cal_none__thr_f1.csv,confirmed_models,0,fp,28.0
confirmed_models/results_full_coverage_improvements/experiments/hybrid_knn_prob_logreg/external_metrics__hybrid_knn_prob_logreg__cal_none__thr_f1.csv,confirmed_models__results_full_coverage_improvements__experiments__hybrid_knn_prob_logreg__external_metrics__hybrid_knn_prob_logreg__cal_none__thr_f1.csv,confirmed_models,0,tn,124.0
confirmed_models/results_full_coverage_improvements/experiments/hybrid_knn_prob_logreg/external_metrics__hybrid_knn_prob_logreg__cal_none__thr_f1.csv,confirmed_models__results_full_coverage_improvements__experiments__hybrid_knn_prob_logreg__external_metrics__hybrid_knn_prob_logreg__cal_none__thr_f1.csv,confirmed_models,0,fn,40.0
confirmed_models/results_full_coverage_improvements/experiments/hybrid_knn_prob_logreg/external_metrics__hybrid_knn_prob_logreg__cal_none__thr_kappa.csv,confirmed_models__results_full_coverage_improvements__experiments__hybrid_knn_prob_logreg__external_metrics__hybrid_knn_prob_logreg__cal_none__thr_kappa.csv,confirmed_models,0,accuracy,0.7748344370860927
confirmed_models/results_full_coverage_improvements/experiments/hybrid_knn_prob_logreg/external_metrics__hybrid_knn_prob_logreg__cal_none__thr_kappa.csv,confirmed_models__results_full_coverage_improvements__experiments__hybrid_knn_prob_logreg__external_metrics__hybrid_knn_prob_logreg__cal_none__thr_kappa.csv,confirmed_models,0,precision,0.7971014492753623
confirmed_models/results_full_coverage_improvements/experiments/hybrid_knn_prob_logreg/external_metrics__hybrid_knn_prob_logreg__cal_none__thr_kappa.csv,confirmed_models__results_full_coverage_improvements__experiments__hybrid_knn_prob_logreg__external_metrics__hybrid_knn_prob_logreg__cal_none__thr_kappa.csv,confirmed_models,0,recall,0.7333333333333333
confirmed_models/results_full_coverage_improvements/experiments/hybrid_knn_prob_logreg/external_metrics__hybrid_knn_prob_logreg__cal_none__thr_kappa.csv,confirmed_models__results_full_coverage_improvements__experiments__hybrid_knn_prob_logreg__external_metrics__hybrid_knn_prob_logreg__cal_none__thr_kappa.csv,confirmed_models,0,f1,0.7638888888888888
confirmed_models/results_full_coverage_improvements/experiments/hybrid_knn_prob_logreg/external_metrics__hybrid_knn_prob_logreg__cal_none__thr_kappa.csv,confirmed_models__results_full_coverage_improvements__experiments__hybrid_knn_prob_logreg__external_metrics__hybrid_knn_prob_logreg__cal_none__thr_kappa.csv,confirmed_models,0,kappa,0.5494119712129191
confirmed_models/results_full_coverage_improvements/experiments/hybrid_knn_prob_logreg/external_metrics__hybrid_knn_prob_logreg__cal_none__thr_kappa.csv,confirmed_models__results_full_coverage_improvements__experiments__hybrid_knn_prob_logreg__external_metrics__hybrid_knn_prob_logreg__cal_none__thr_kappa.csv,confirmed_models,0,auroc,0.8586842105263158
confirmed_models/results_full_coverage_improvements/experiments/hybrid_knn_prob_logreg/external_metrics__hybrid_knn_prob_logreg__cal_none__thr_kappa.csv,confirmed_models__results_full_coverage_improvements__experiments__hybrid_knn_prob_logreg__external_metrics__hybrid_knn_prob_logreg__cal_none__thr_kappa.csv,confirmed_models,0,specificity,0.8157894736842105
confirmed_models/results_full_coverage_improvements/experiments/hybrid_knn_prob_logreg/external_metrics__hybrid_knn_prob_logreg__cal_none__thr_kappa.csv,confirmed_models__results_full_coverage_improvements__experiments__hybrid_knn_prob_logreg__external_metrics__hybrid_knn_prob_logreg__cal_none__thr_kappa.csv,confirmed_models,0,sensitivity,0.7333333333333333
confirmed_models/results_full_coverage_improvements/experiments/hybrid_knn_prob_logreg/external_metrics__hybrid_knn_prob_logreg__cal_none__thr_kappa.csv,confirmed_models__results_full_coverage_improvements__experiments__hybrid_knn_prob_logreg__external_metrics__hybrid_knn_prob_logreg__cal_none__thr_kappa.csv,confirmed_models,0,mcc,0.5511571403405211
confirmed_models/results_full_coverage_improvements/experiments/hybrid_knn_prob_logreg/external_metrics__hybrid_knn_prob_logreg__cal_none__thr_kappa.csv,confirmed_models__results_full_coverage_improvements__experiments__hybrid_knn_prob_logreg__external_metrics__hybrid_knn_prob_logreg__cal_none__thr_kappa.csv,confirmed_models,0,tp,110.0
confirmed_models/results_full_coverage_improvements/experiments/hybrid_knn_prob_logreg/external_metrics__hybrid_knn_prob_logreg__cal_none__thr_kappa.csv,confirmed_models__results_full_coverage_improvements__experiments__hybrid_knn_prob_logreg__external_metrics__hybrid_knn_prob_logreg__cal_none__thr_kappa.csv,confirmed_models,0,fp,28.0
confirmed_models/results_full_coverage_improvements/experiments/hybrid_knn_prob_logreg/external_metrics__hybrid_knn_prob_logreg__cal_none__thr_kappa.csv,confirmed_models__results_full_coverage_improvements__experiments__hybrid_knn_prob_logreg__external_metrics__hybrid_knn_prob_logreg__cal_none__thr_kappa.csv,confirmed_models,0,tn,124.0
confirmed_models/results_full_coverage_improvements/experiments/hybrid_knn_prob_logreg/external_metrics__hybrid_knn_prob_logreg__cal_none__thr_kappa.csv,confirmed_models__results_full_coverage_improvements__experiments__hybrid_knn_prob_logreg__external_metrics__hybrid_knn_prob_logreg__cal_none__thr_kappa.csv,confirmed_models,0,fn,40.0
confirmed_models/results_full_coverage_improvements/experiments/hybrid_knn_prob_logreg/external_metrics__hybrid_knn_prob_logreg__cal_sigmoid__thr_f1.csv,confirmed_models__results_full_coverage_improvements__experiments__hybrid_knn_prob_logreg__external_metrics__hybrid_knn_prob_logreg__cal_sigmoid__thr_f1.csv,confirmed_models,0,accuracy,0.7715231788079471
confirmed_models/results_full_coverage_improvements/experiments/hybrid_knn_prob_logreg/external_metrics__hybrid_knn_prob_logreg__cal_sigmoid__thr_f1.csv,confirmed_models__results_full_coverage_improvements__experiments__hybrid_knn_prob_logreg__external_metrics__hybrid_knn_prob_logreg__cal_sigmoid__thr_f1.csv,confirmed_models,0,precision,0.7913669064748201
confirmed_models/results_full_coverage_improvements/experiments/hybrid_knn_prob_logreg/external_metrics__hybrid_knn_prob_logreg__cal_sigmoid__thr_f1.csv,confirmed_models__results_full_coverage_improvements__experiments__hybrid_knn_prob_logreg__external_metrics__hybrid_knn_prob_logreg__cal_sigmoid__thr_f1.csv,confirmed_models,0,recall,0.7333333333333333
confirmed_models/results_full_coverage_improvements/experiments/hybrid_knn_prob_logreg/external_metrics__hybrid_knn_prob_logreg__cal_sigmoid__thr_f1.csv,confirmed_models__results_full_coverage_improvements__experiments__hybrid_knn_prob_logreg__external_metrics__hybrid_knn_prob_logreg__cal_sigmoid__thr_f1.csv,confirmed_models,0,f1,0.7612456747404844
confirmed_models/results_full_coverage_improvements/experiments/hybrid_knn_prob_logreg/external_metrics__hybrid_knn_prob_logreg__cal_sigmoid__thr_f1.csv,confirmed_models__results_full_coverage_improvements__experiments__hybrid_knn_prob_logreg__external_metrics__hybrid_knn_prob_logreg__cal_sigmoid__thr_f1.csv,confirmed_models,0,kappa,0.5428057396112159
confirmed_models/results_full_coverage_improvements/experiments/hybrid_knn_prob_logreg/external_metrics__hybrid_knn_prob_logreg__cal_sigmoid__thr_f1.csv,confirmed_models__results_full_coverage_improvements__experiments__hybrid_knn_prob_logreg__external_metrics__hybrid_knn_prob_logreg__cal_sigmoid__thr_f1.csv,confirmed_models,0,auroc,0.8586842105263158
confirmed_models/results_full_coverage_improvements/experiments/hybrid_knn_prob_logreg/external_metrics__hybrid_knn_prob_logreg__cal_sigmoid__thr_f1.csv,confirmed_models__results_full_coverage_improvements__experiments__hybrid_knn_prob_logreg__external_metrics__hybrid_knn_prob_logreg__cal_sigmoid__thr_f1.csv,confirmed_models,0,specificity,0.8092105263157895
confirmed_models/results_full_coverage_improvements/experiments/hybrid_knn_prob_logreg/external_metrics__hybrid_knn_prob_logreg__cal_sigmoid__thr_f1.csv,confirmed_models__results_full_coverage_improvements__experiments__hybrid_knn_prob_logreg__external_metrics__hybrid_knn_prob_logreg__cal_sigmoid__thr_f1.csv,confirmed_models,0,sensitivity,0.7333333333333333
confirmed_models/results_full_coverage_improvements/experiments/hybrid_knn_prob_logreg/external_metrics__hybrid_knn_prob_logreg__cal_sigmoid__thr_f1.csv,confirmed_models__results_full_coverage_improvements__experiments__hybrid_knn_prob_logreg__external_metrics__hybrid_knn_prob_logreg__cal_sigmoid__thr_f1.csv,confirmed_models,0,mcc,0.5442533035063065
confirmed_models/results_full_coverage_improvements/experiments/hybrid_knn_prob_logreg/external_metrics__hybrid_knn_prob_logreg__cal_sigmoid__thr_f1.csv,confirmed_models__results_full_coverage_improvements__experiments__hybrid_knn_prob_logreg__external_metrics__hybrid_knn_prob_logreg__cal_sigmoid__thr_f1.csv,confirmed_models,0,tp,110.0
confirmed_models/results_full_coverage_improvements/experiments/hybrid_knn_prob_logreg/external_metrics__hybrid_knn_prob_logreg__cal_sigmoid__thr_f1.csv,confirmed_models__results_full_coverage_improvements__experiments__hybrid_knn_prob_logreg__external_metrics__hybrid_knn_prob_logreg__cal_sigmoid__thr_f1.csv,confirmed_models,0,fp,29.0
confirmed_models/results_full_coverage_improvements/experiments/hybrid_knn_prob_logreg/external_metrics__hybrid_knn_prob_logreg__cal_sigmoid__thr_f1.csv,confirmed_models__results_full_coverage_improvements__experiments__hybrid_knn_prob_logreg__external_metrics__hybrid_knn_prob_logreg__cal_sigmoid__thr_f1.csv,confirmed_models,0,tn,123.0
confirmed_models/results_full_coverage_improvements/experiments/hybrid_knn_prob_logreg/external_metrics__hybrid_knn_prob_logreg__cal_sigmoid__thr_f1.csv,confirmed_models__results_full_coverage_improvements__experiments__hybrid_knn_prob_logreg__external_metrics__hybrid_knn_prob_logreg__cal_sigmoid__thr_f1.csv,confirmed_models,0,fn,40.0
confirmed_models/results_full_coverage_improvements/experiments/hybrid_knn_prob_logreg/external_metrics__hybrid_knn_prob_logreg__cal_sigmoid__thr_kappa.csv,confirmed_models__results_full_coverage_improvements__experiments__hybrid_knn_prob_logreg__external_metrics__hybrid_knn_prob_logreg__cal_sigmoid__thr_kappa.csv,confirmed_models,0,accuracy,0.7715231788079471
confirmed_models/results_full_coverage_improvements/experiments/hybrid_knn_prob_logreg/external_metrics__hybrid_knn_prob_logreg__cal_sigmoid__thr_kappa.csv,confirmed_models__results_full_coverage_improvements__experiments__hybrid_knn_prob_logreg__external_metrics__hybrid_knn_prob_logreg__cal_sigmoid__thr_kappa.csv,confirmed_models,0,precision,0.7913669064748201
confirmed_models/results_full_coverage_improvements/experiments/hybrid_knn_prob_logreg/external_metrics__hybrid_knn_prob_logreg__cal_sigmoid__thr_kappa.csv,confirmed_models__results_full_coverage_improvements__experiments__hybrid_knn_prob_logreg__external_metrics__hybrid_knn_prob_logreg__cal_sigmoid__thr_kappa.csv,confirmed_models,0,recall,0.7333333333333333
confirmed_models/results_full_coverage_improvements/experiments/hybrid_knn_prob_logreg/external_metrics__hybrid_knn_prob_logreg__cal_sigmoid__thr_kappa.csv,confirmed_models__results_full_coverage_improvements__experiments__hybrid_knn_prob_logreg__external_metrics__hybrid_knn_prob_logreg__cal_sigmoid__thr_kappa.csv,confirmed_models,0,f1,0.7612456747404844
confirmed_models/results_full_coverage_improvements/experiments/hybrid_knn_prob_logreg/external_metrics__hybrid_knn_prob_logreg__cal_sigmoid__thr_kappa.csv,confirmed_models__results_full_coverage_improvements__experiments__hybrid_knn_prob_logreg__external_metrics__hybrid_knn_prob_logreg__cal_sigmoid__thr_kappa.csv,confirmed_models,0,kappa,0.5428057396112159
confirmed_models/results_full_coverage_improvements/experiments/hybrid_knn_prob_logreg/external_metrics__hybrid_knn_prob_logreg__cal_sigmoid__thr_kappa.csv,confirmed_models__results_full_coverage_improvements__experiments__hybrid_knn_prob_logreg__external_metrics__hybrid_knn_prob_logreg__cal_sigmoid__thr_kappa.csv,confirmed_models,0,auroc,0.8586842105263158
confirmed_models/results_full_coverage_improvements/experiments/hybrid_knn_prob_logreg/external_metrics__hybrid_knn_prob_logreg__cal_sigmoid__thr_kappa.csv,confirmed_models__results_full_coverage_improvements__experiments__hybrid_knn_prob_logreg__external_metrics__hybrid_knn_prob_logreg__cal_sigmoid__thr_kappa.csv,confirmed_models,0,specificity,0.8092105263157895
confirmed_models/results_full_coverage_improvements/experiments/hybrid_knn_prob_logreg/external_metrics__hybrid_knn_prob_logreg__cal_sigmoid__thr_kappa.csv,confirmed_models__results_full_coverage_improvements__experiments__hybrid_knn_prob_logreg__external_metrics__hybrid_knn_prob_logreg__cal_sigmoid__thr_kappa.csv,confirmed_models,0,sensitivity,0.7333333333333333
confirmed_models/results_full_coverage_improvements/experiments/hybrid_knn_prob_logreg/external_metrics__hybrid_knn_prob_logreg__cal_sigmoid__thr_kappa.csv,confirmed_models__results_full_coverage_improvements__experiments__hybrid_knn_prob_logreg__external_metrics__hybrid_knn_prob_logreg__cal_sigmoid__thr_kappa.csv,confirmed_models,0,mcc,0.5442533035063065
confirmed_models/results_full_coverage_improvements/experiments/hybrid_knn_prob_logreg/external_metrics__hybrid_knn_prob_logreg__cal_sigmoid__thr_kappa.csv,confirmed_models__results_full_coverage_improvements__experiments__hybrid_knn_prob_logreg__external_metrics__hybrid_knn_prob_logreg__cal_sigmoid__thr_kappa.csv,confirmed_models,0,tp,110.0
confirmed_models/results_full_coverage_improvements/experiments/hybrid_knn_prob_logreg/external_metrics__hybrid_knn_prob_logreg__cal_sigmoid__thr_kappa.csv,confirmed_models__results_full_coverage_improvements__experiments__hybrid_knn_prob_logreg__external_metrics__hybrid_knn_prob_logreg__cal_sigmoid__thr_kappa.csv,confirmed_models,0,fp,29.0
confirmed_models/results_full_coverage_improvements/experiments/hybrid_knn_prob_logreg/external_metrics__hybrid_knn_prob_logreg__cal_sigmoid__thr_kappa.csv,confirmed_models__results_full_coverage_improvements__experiments__hybrid_knn_prob_logreg__external_metrics__hybrid_knn_prob_logreg__cal_sigmoid__thr_kappa.csv,confirmed_models,0,tn,123.0
confirmed_models/results_full_coverage_improvements/experiments/hybrid_knn_prob_logreg/external_metrics__hybrid_knn_prob_logreg__cal_sigmoid__thr_kappa.csv,confirmed_models__results_full_coverage_improvements__experiments__hybrid_knn_prob_logreg__external_metrics__hybrid_knn_prob_logreg__cal_sigmoid__thr_kappa.csv,confirmed_models,0,fn,40.0
confirmed_models/results_full_coverage_improvements/experiments/knn_mean_r2_jaccard/external_metrics__knn_mean_r2_jaccard__cal_isotonic__thr_f1.csv,confirmed_models__results_full_coverage_improvements__experiments__knn_mean_r2_jaccard__external_metrics__knn_mean_r2_jaccard__cal_isotonic__thr_f1.csv,confirmed_models,0,accuracy,0.7582781456953642
confirmed_models/results_full_coverage_improvements/experiments/knn_mean_r2_jaccard/external_metrics__knn_mean_r2_jaccard__cal_isotonic__thr_f1.csv,confirmed_models__results_full_coverage_improvements__experiments__knn_mean_r2_jaccard__external_metrics__knn_mean_r2_jaccard__cal_isotonic__thr_f1.csv,confirmed_models,0,precision,0.8235294117647058
confirmed_models/results_full_coverage_improvements/experiments/knn_mean_r2_jaccard/external_metrics__knn_mean_r2_jaccard__cal_isotonic__thr_f1.csv,confirmed_models__results_full_coverage_improvements__experiments__knn_mean_r2_jaccard__external_metrics__knn_mean_r2_jaccard__cal_isotonic__thr_f1.csv,confirmed_models,0,recall,0.6533333333333333
confirmed_models/results_full_coverage_improvements/experiments/knn_mean_r2_jaccard/external_metrics__knn_mean_r2_jaccard__cal_isotonic__thr_f1.csv,confirmed_models__results_full_coverage_improvements__experiments__knn_mean_r2_jaccard__external_metrics__knn_mean_r2_jaccard__cal_isotonic__thr_f1.csv,confirmed_models,0,f1,0.7286245353159851
confirmed_models/results_full_coverage_improvements/experiments/knn_mean_r2_jaccard/external_metrics__knn_mean_r2_jaccard__cal_isotonic__thr_f1.csv,confirmed_models__results_full_coverage_improvements__experiments__knn_mean_r2_jaccard__external_metrics__knn_mean_r2_jaccard__cal_isotonic__thr_f1.csv,confirmed_models,0,kappa,0.5158768501032105
confirmed_models/results_full_coverage_improvements/experiments/knn_mean_r2_jaccard/external_metrics__knn_mean_r2_jaccard__cal_isotonic__thr_f1.csv,confirmed_models__results_full_coverage_improvements__experiments__knn_mean_r2_jaccard__external_metrics__knn_mean_r2_jaccard__cal_isotonic__thr_f1.csv,confirmed_models,0,auroc,0.8471929824561404
confirmed_models/results_full_coverage_improvements/experiments/knn_mean_r2_jaccard/external_metrics__knn_mean_r2_jaccard__cal_isotonic__thr_f1.csv,confirmed_models__results_full_coverage_improvements__experiments__knn_mean_r2_jaccard__external_metrics__knn_mean_r2_jaccard__cal_isotonic__thr_f1.csv,confirmed_models,0,specificity,0.8618421052631579
confirmed_models/results_full_coverage_improvements/experiments/knn_mean_r2_jaccard/external_metrics__knn_mean_r2_jaccard__cal_isotonic__thr_f1.csv,confirmed_models__results_full_coverage_improvements__experiments__knn_mean_r2_jaccard__external_metrics__knn_mean_r2_jaccard__cal_isotonic__thr_f1.csv,confirmed_models,0,sensitivity,0.6533333333333333
confirmed_models/results_full_coverage_improvements/experiments/knn_mean_r2_jaccard/external_metrics__knn_mean_r2_jaccard__cal_isotonic__thr_f1.csv,confirmed_models__results_full_coverage_improvements__experiments__knn_mean_r2_jaccard__external_metrics__knn_mean_r2_jaccard__cal_isotonic__thr_f1.csv,confirmed_models,0,mcc,0.5271370568308754
confirmed_models/results_full_coverage_improvements/experiments/knn_mean_r2_jaccard/external_metrics__knn_mean_r2_jaccard__cal_isotonic__thr_f1.csv,confirmed_models__results_full_coverage_improvements__experiments__knn_mean_r2_jaccard__external_metrics__knn_mean_r2_jaccard__cal_isotonic__thr_f1.csv,confirmed_models,0,tp,98.0
confirmed_models/results_full_coverage_improvements/experiments/knn_mean_r2_jaccard/external_metrics__knn_mean_r2_jaccard__cal_isotonic__thr_f1.csv,confirmed_models__results_full_coverage_improvements__experiments__knn_mean_r2_jaccard__external_metrics__knn_mean_r2_jaccard__cal_isotonic__thr_f1.csv,confirmed_models,0,fp,21.0
confirmed_models/results_full_coverage_improvements/experiments/knn_mean_r2_jaccard/external_metrics__knn_mean_r2_jaccard__cal_isotonic__thr_f1.csv,confirmed_models__results_full_coverage_improvements__experiments__knn_mean_r2_jaccard__external_metrics__knn_mean_r2_jaccard__cal_isotonic__thr_f1.csv,confirmed_models,0,tn,131.0
confirmed_models/results_full_coverage_improvements/experiments/knn_mean_r2_jaccard/external_metrics__knn_mean_r2_jaccard__cal_isotonic__thr_f1.csv,confirmed_models__results_full_coverage_improvements__experiments__knn_mean_r2_jaccard__external_metrics__knn_mean_r2_jaccard__cal_isotonic__thr_f1.csv,confirmed_models,0,fn,52.0
confirmed_models/results_full_coverage_improvements/experiments/knn_mean_r2_jaccard/external_metrics__knn_mean_r2_jaccard__cal_isotonic__thr_kappa.csv,confirmed_models__results_full_coverage_improvements__experiments__knn_mean_r2_jaccard__external_metrics__knn_mean_r2_jaccard__cal_isotonic__thr_kappa.csv,confirmed_models,0,accuracy,0.7384105960264901
confirmed_models/results_full_coverage_improvements/experiments/knn_mean_r2_jaccard/external_metrics__knn_mean_r2_jaccard__cal_isotonic__thr_kappa.csv,confirmed_models__results_full_coverage_improvements__experiments__knn_mean_r2_jaccard__external_metrics__knn_mean_r2_jaccard__cal_isotonic__thr_kappa.csv,confirmed_models,0,precision,0.8585858585858586
confirmed_models/results_full_coverage_improvements/experiments/knn_mean_r2_jaccard/external_metrics__knn_mean_r2_jaccard__cal_isotonic__thr_kappa.csv,confirmed_models__results_full_coverage_improvements__experiments__knn_mean_r2_jaccard__external_metrics__knn_mean_r2_jaccard__cal_isotonic__thr_kappa.csv,confirmed_models,0,recall,0.5666666666666667
confirmed_models/results_full_coverage_improvements/experiments/knn_mean_r2_jaccard/external_metrics__knn_mean_r2_jaccard__cal_isotonic__thr_kappa.csv,confirmed_models__results_full_coverage_improvements__experiments__knn_mean_r2_jaccard__external_metrics__knn_mean_r2_jaccard__cal_isotonic__thr_kappa.csv,confirmed_models,0,f1,0.6827309236947792
confirmed_models/results_full_coverage_improvements/experiments/knn_mean_r2_jaccard/external_metrics__knn_mean_r2_jaccard__cal_isotonic__thr_kappa.csv,confirmed_models__results_full_coverage_improvements__experiments__knn_mean_r2_jaccard__external_metrics__knn_mean_r2_jaccard__cal_isotonic__thr_kappa.csv,confirmed_models,0,kappa,0.4756253022110862
confirmed_models/results_full_coverage_improvements/experiments/knn_mean_r2_jaccard/external_metrics__knn_mean_r2_jaccard__cal_isotonic__thr_kappa.csv,confirmed_models__results_full_coverage_improvements__experiments__knn_mean_r2_jaccard__external_metrics__knn_mean_r2_jaccard__cal_isotonic__thr_kappa.csv,confirmed_models,0,auroc,0.8471929824561404
confirmed_models/results_full_coverage_improvements/experiments/knn_mean_r2_jaccard/external_metrics__knn_mean_r2_jaccard__cal_isotonic__thr_kappa.csv,confirmed_models__results_full_coverage_improvements__experiments__knn_mean_r2_jaccard__external_metrics__knn_mean_r2_jaccard__cal_isotonic__thr_kappa.csv,confirmed_models,0,specificity,0.9078947368421052
confirmed_models/results_full_coverage_improvements/experiments/knn_mean_r2_jaccard/external_metrics__knn_mean_r2_jaccard__cal_isotonic__thr_kappa.csv,confirmed_models__results_full_coverage_improvements__experiments__knn_mean_r2_jaccard__external_metrics__knn_mean_r2_jaccard__cal_isotonic__thr_kappa.csv,confirmed_models,0,sensitivity,0.5666666666666667
confirmed_models/results_full_coverage_improvements/experiments/knn_mean_r2_jaccard/external_metrics__knn_mean_r2_jaccard__cal_isotonic__thr_kappa.csv,confirmed_models__results_full_coverage_improvements__experiments__knn_mean_r2_jaccard__external_metrics__knn_mean_r2_jaccard__cal_isotonic__thr_kappa.csv,confirmed_models,0,mcc,0.5054686452435231
confirmed_models/results_full_coverage_improvements/experiments/knn_mean_r2_jaccard/external_metrics__knn_mean_r2_jaccard__cal_isotonic__thr_kappa.csv,confirmed_models__results_full_coverage_improvements__experiments__knn_mean_r2_jaccard__external_metrics__knn_mean_r2_jaccard__cal_isotonic__thr_kappa.csv,confirmed_models,0,tp,85.0
confirmed_models/results_full_coverage_improvements/experiments/knn_mean_r2_jaccard/external_metrics__knn_mean_r2_jaccard__cal_isotonic__thr_kappa.csv,confirmed_models__results_full_coverage_improvements__experiments__knn_mean_r2_jaccard__external_metrics__knn_mean_r2_jaccard__cal_isotonic__thr_kappa.csv,confirmed_models,0,fp,14.0
confirmed_models/results_full_coverage_improvements/experiments/knn_mean_r2_jaccard/external_metrics__knn_mean_r2_jaccard__cal_isotonic__thr_kappa.csv,confirmed_models__results_full_coverage_improvements__experiments__knn_mean_r2_jaccard__external_metrics__knn_mean_r2_jaccard__cal_isotonic__thr_kappa.csv,confirmed_models,0,tn,138.0
confirmed_models/results_full_coverage_improvements/experiments/knn_mean_r2_jaccard/external_metrics__knn_mean_r2_jaccard__cal_isotonic__thr_kappa.csv,confirmed_models__results_full_coverage_improvements__experiments__knn_mean_r2_jaccard__external_metrics__knn_mean_r2_jaccard__cal_isotonic__thr_kappa.csv,confirmed_models,0,fn,65.0
confirmed_models/results_full_coverage_improvements/experiments/knn_mean_r2_jaccard/external_metrics__knn_mean_r2_jaccard__cal_none__thr_f1.csv,confirmed_models__results_full_coverage_improvements__experiments__knn_mean_r2_jaccard__external_metrics__knn_mean_r2_jaccard__cal_none__thr_f1.csv,confirmed_models,0,accuracy,0.7682119205298014
confirmed_models/results_full_coverage_improvements/experiments/knn_mean_r2_jaccard/external_metrics__knn_mean_r2_jaccard__cal_none__thr_f1.csv,confirmed_models__results_full_coverage_improvements__experiments__knn_mean_r2_jaccard__external_metrics__knn_mean_r2_jaccard__cal_none__thr_f1.csv,confirmed_models,0,precision,0.7816901408450704
confirmed_models/results_full_coverage_improvements/experiments/knn_mean_r2_jaccard/external_metrics__knn_mean_r2_jaccard__cal_none__thr_f1.csv,confirmed_models__results_full_coverage_improvements__experiments__knn_mean_r2_jaccard__external_metrics__knn_mean_r2_jaccard__cal_none__thr_f1.csv,confirmed_models,0,recall,0.74
confirmed_models/results_full_coverage_improvements/experiments/knn_mean_r2_jaccard/external_metrics__knn_mean_r2_jaccard__cal_none__thr_f1.csv,confirmed_models__results_full_coverage_improvements__experiments__knn_mean_r2_jaccard__external_metrics__knn_mean_r2_jaccard__cal_none__thr_f1.csv,confirmed_models,0,f1,0.7602739726027398
confirmed_models/results_full_coverage_improvements/experiments/knn_mean_r2_jaccard/external_metrics__knn_mean_r2_jaccard__cal_none__thr_f1.csv,confirmed_models__results_full_coverage_improvements__experiments__knn_mean_r2_jaccard__external_metrics__knn_mean_r2_jaccard__cal_none__thr_f1.csv,confirmed_models,0,kappa,0.5362407862407863
confirmed_models/results_full_coverage_improvements/experiments/knn_mean_r2_jaccard/external_metrics__knn_mean_r2_jaccard__cal_none__thr_f1.csv,confirmed_models__results_full_coverage_improvements__experiments__knn_mean_r2_jaccard__external_metrics__knn_mean_r2_jaccard__cal_none__thr_f1.csv,confirmed_models,0,auroc,0.85625
confirmed_models/results_full_coverage_improvements/experiments/knn_mean_r2_jaccard/external_metrics__knn_mean_r2_jaccard__cal_none__thr_f1.csv,confirmed_models__results_full_coverage_improvements__experiments__knn_mean_r2_jaccard__external_metrics__knn_mean_r2_jaccard__cal_none__thr_f1.csv,confirmed_models,0,specificity,0.7960526315789473
confirmed_models/results_full_coverage_improvements/experiments/knn_mean_r2_jaccard/external_metrics__knn_mean_r2_jaccard__cal_none__thr_f1.csv,confirmed_models__results_full_coverage_improvements__experiments__knn_mean_r2_jaccard__external_metrics__knn_mean_r2_jaccard__cal_none__thr_f1.csv,confirmed_models,0,sensitivity,0.74
confirmed_models/results_full_coverage_improvements/experiments/knn_mean_r2_jaccard/external_metrics__knn_mean_r2_jaccard__cal_none__thr_f1.csv,confirmed_models__results_full_coverage_improvements__experiments__knn_mean_r2_jaccard__external_metrics__knn_mean_r2_jaccard__cal_none__thr_f1.csv,confirmed_models,0,mcc,0.5369955569014976
confirmed_models/results_full_coverage_improvements/experiments/knn_mean_r2_jaccard/external_metrics__knn_mean_r2_jaccard__cal_none__thr_f1.csv,confirmed_models__results_full_coverage_improvements__experiments__knn_mean_r2_jaccard__external_metrics__knn_mean_r2_jaccard__cal_none__thr_f1.csv,confirmed_models,0,tp,111.0
confirmed_models/results_full_coverage_improvements/experiments/knn_mean_r2_jaccard/external_metrics__knn_mean_r2_jaccard__cal_none__thr_f1.csv,confirmed_models__results_full_coverage_improvements__experiments__knn_mean_r2_jaccard__external_metrics__knn_mean_r2_jaccard__cal_none__thr_f1.csv,confirmed_models,0,fp,31.0
confirmed_models/results_full_coverage_improvements/experiments/knn_mean_r2_jaccard/external_metrics__knn_mean_r2_jaccard__cal_none__thr_f1.csv,confirmed_models__results_full_coverage_improvements__experiments__knn_mean_r2_jaccard__external_metrics__knn_mean_r2_jaccard__cal_none__thr_f1.csv,confirmed_models,0,tn,121.0
confirmed_models/results_full_coverage_improvements/experiments/knn_mean_r2_jaccard/external_metrics__knn_mean_r2_jaccard__cal_none__thr_f1.csv,confirmed_models__results_full_coverage_improvements__experiments__knn_mean_r2_jaccard__external_metrics__knn_mean_r2_jaccard__cal_none__thr_f1.csv,confirmed_models,0,fn,39.0
confirmed_models/results_full_coverage_improvements/experiments/knn_mean_r2_jaccard/external_metrics__knn_mean_r2_jaccard__cal_none__thr_kappa.csv,confirmed_models__results_full_coverage_improvements__experiments__knn_mean_r2_jaccard__external_metrics__knn_mean_r2_jaccard__cal_none__thr_kappa.csv,confirmed_models,0,accuracy,0.7682119205298014
confirmed_models/results_full_coverage_improvements/experiments/knn_mean_r2_jaccard/external_metrics__knn_mean_r2_jaccard__cal_none__thr_kappa.csv,confirmed_models__results_full_coverage_improvements__experiments__knn_mean_r2_jaccard__external_metrics__knn_mean_r2_jaccard__cal_none__thr_kappa.csv,confirmed_models,0,precision,0.7816901408450704
confirmed_models/results_full_coverage_improvements/experiments/knn_mean_r2_jaccard/external_metrics__knn_mean_r2_jaccard__cal_none__thr_kappa.csv,confirmed_models__results_full_coverage_improvements__experiments__knn_mean_r2_jaccard__external_metrics__knn_mean_r2_jaccard__cal_none__thr_kappa.csv,confirmed_models,0,recall,0.74
confirmed_models/results_full_coverage_improvements/experiments/knn_mean_r2_jaccard/external_metrics__knn_mean_r2_jaccard__cal_none__thr_kappa.csv,confirmed_models__results_full_coverage_improvements__experiments__knn_mean_r2_jaccard__external_metrics__knn_mean_r2_jaccard__cal_none__thr_kappa.csv,confirmed_models,0,f1,0.7602739726027398
confirmed_models/results_full_coverage_improvements/experiments/knn_mean_r2_jaccard/external_metrics__knn_mean_r2_jaccard__cal_none__thr_kappa.csv,confirmed_models__results_full_coverage_improvements__experiments__knn_mean_r2_jaccard__external_metrics__knn_mean_r2_jaccard__cal_none__thr_kappa.csv,confirmed_models,0,kappa,0.5362407862407863
confirmed_models/results_full_coverage_improvements/experiments/knn_mean_r2_jaccard/external_metrics__knn_mean_r2_jaccard__cal_none__thr_kappa.csv,confirmed_models__results_full_coverage_improvements__experiments__knn_mean_r2_jaccard__external_metrics__knn_mean_r2_jaccard__cal_none__thr_kappa.csv,confirmed_models,0,auroc,0.85625
confirmed_models/results_full_coverage_improvements/experiments/knn_mean_r2_jaccard/external_metrics__knn_mean_r2_jaccard__cal_none__thr_kappa.csv,confirmed_models__results_full_coverage_improvements__experiments__knn_mean_r2_jaccard__external_metrics__knn_mean_r2_jaccard__cal_none__thr_kappa.csv,confirmed_models,0,specificity,0.7960526315789473
confirmed_models/results_full_coverage_improvements/experiments/knn_mean_r2_jaccard/external_metrics__knn_mean_r2_jaccard__cal_none__thr_kappa.csv,confirmed_models__results_full_coverage_improvements__experiments__knn_mean_r2_jaccard__external_metrics__knn_mean_r2_jaccard__cal_none__thr_kappa.csv,confirmed_models,0,sensitivity,0.74
confirmed_models/results_full_coverage_improvements/experiments/knn_mean_r2_jaccard/external_metrics__knn_mean_r2_jaccard__cal_none__thr_kappa.csv,confirmed_models__results_full_coverage_improvements__experiments__knn_mean_r2_jaccard__external_metrics__knn_mean_r2_jaccard__cal_none__thr_kappa.csv,confirmed_models,0,mcc,0.5369955569014976
confirmed_models/results_full_coverage_improvements/experiments/knn_mean_r2_jaccard/external_metrics__knn_mean_r2_jaccard__cal_none__thr_kappa.csv,confirmed_models__results_full_coverage_improvements__experiments__knn_mean_r2_jaccard__external_metrics__knn_mean_r2_jaccard__cal_none__thr_kappa.csv,confirmed_models,0,tp,111.0
confirmed_models/results_full_coverage_improvements/experiments/knn_mean_r2_jaccard/external_metrics__knn_mean_r2_jaccard__cal_none__thr_kappa.csv,confirmed_models__results_full_coverage_improvements__experiments__knn_mean_r2_jaccard__external_metrics__knn_mean_r2_jaccard__cal_none__thr_kappa.csv,confirmed_models,0,fp,31.0
confirmed_models/results_full_coverage_improvements/experiments/knn_mean_r2_jaccard/external_metrics__knn_mean_r2_jaccard__cal_none__thr_kappa.csv,confirmed_models__results_full_coverage_improvements__experiments__knn_mean_r2_jaccard__external_metrics__knn_mean_r2_jaccard__cal_none__thr_kappa.csv,confirmed_models,0,tn,121.0
confirmed_models/results_full_coverage_improvements/experiments/knn_mean_r2_jaccard/external_metrics__knn_mean_r2_jaccard__cal_none__thr_kappa.csv,confirmed_models__results_full_coverage_improvements__experiments__knn_mean_r2_jaccard__external_metrics__knn_mean_r2_jaccard__cal_none__thr_kappa.csv,confirmed_models,0,fn,39.0
confirmed_models/results_full_coverage_improvements/experiments/knn_mean_r2_jaccard/external_metrics__knn_mean_r2_jaccard__cal_sigmoid__thr_f1.csv,confirmed_models__results_full_coverage_improvements__experiments__knn_mean_r2_jaccard__external_metrics__knn_mean_r2_jaccard__cal_sigmoid__thr_f1.csv,confirmed_models,0,accuracy,0.7682119205298014
confirmed_models/results_full_coverage_improvements/experiments/knn_mean_r2_jaccard/external_metrics__knn_mean_r2_jaccard__cal_sigmoid__thr_f1.csv,confirmed_models__results_full_coverage_improvements__experiments__knn_mean_r2_jaccard__external_metrics__knn_mean_r2_jaccard__cal_sigmoid__thr_f1.csv,confirmed_models,0,precision,0.7985074626865671
confirmed_models/results_full_coverage_improvements/experiments/knn_mean_r2_jaccard/external_metrics__knn_mean_r2_jaccard__cal_sigmoid__thr_f1.csv,confirmed_models__results_full_coverage_improvements__experiments__knn_mean_r2_jaccard__external_metrics__knn_mean_r2_jaccard__cal_sigmoid__thr_f1.csv,confirmed_models,0,recall,0.7133333333333334
confirmed_models/results_full_coverage_improvements/experiments/knn_mean_r2_jaccard/external_metrics__knn_mean_r2_jaccard__cal_sigmoid__thr_f1.csv,confirmed_models__results_full_coverage_improvements__experiments__knn_mean_r2_jaccard__external_metrics__knn_mean_r2_jaccard__cal_sigmoid__thr_f1.csv,confirmed_models,0,f1,0.7535211267605634
confirmed_models/results_full_coverage_improvements/experiments/knn_mean_r2_jaccard/external_metrics__knn_mean_r2_jaccard__cal_sigmoid__thr_f1.csv,confirmed_models__results_full_coverage_improvements__experiments__knn_mean_r2_jaccard__external_metrics__knn_mean_r2_jaccard__cal_sigmoid__thr_f1.csv,confirmed_models,0,kappa,0.5360779494382022
confirmed_models/results_full_coverage_improvements/experiments/knn_mean_r2_jaccard/external_metrics__knn_mean_r2_jaccard__cal_sigmoid__thr_f1.csv,confirmed_models__results_full_coverage_improvements__experiments__knn_mean_r2_jaccard__external_metrics__knn_mean_r2_jaccard__cal_sigmoid__thr_f1.csv,confirmed_models,0,auroc,0.85625
confirmed_models/results_full_coverage_improvements/experiments/knn_mean_r2_jaccard/external_metrics__knn_mean_r2_jaccard__cal_sigmoid__thr_f1.csv,confirmed_models__results_full_coverage_improvements__experiments__knn_mean_r2_jaccard__external_metrics__knn_mean_r2_jaccard__cal_sigmoid__thr_f1.csv,confirmed_models,0,specificity,0.8223684210526315
confirmed_models/results_full_coverage_improvements/experiments/knn_mean_r2_jaccard/external_metrics__knn_mean_r2_jaccard__cal_sigmoid__thr_f1.csv,confirmed_models__results_full_coverage_improvements__experiments__knn_mean_r2_jaccard__external_metrics__knn_mean_r2_jaccard__cal_sigmoid__thr_f1.csv,confirmed_models,0,sensitivity,0.7133333333333334
confirmed_models/results_full_coverage_improvements/experiments/knn_mean_r2_jaccard/external_metrics__knn_mean_r2_jaccard__cal_sigmoid__thr_f1.csv,confirmed_models__results_full_coverage_improvements__experiments__knn_mean_r2_jaccard__external_metrics__knn_mean_r2_jaccard__cal_sigmoid__thr_f1.csv,confirmed_models,0,mcc,0.5391175281290937
confirmed_models/results_full_coverage_improvements/experiments/knn_mean_r2_jaccard/external_metrics__knn_mean_r2_jaccard__cal_sigmoid__thr_f1.csv,confirmed_models__results_full_coverage_improvements__experiments__knn_mean_r2_jaccard__external_metrics__knn_mean_r2_jaccard__cal_sigmoid__thr_f1.csv,confirmed_models,0,tp,107.0
confirmed_models/results_full_coverage_improvements/experiments/knn_mean_r2_jaccard/external_metrics__knn_mean_r2_jaccard__cal_sigmoid__thr_f1.csv,confirmed_models__results_full_coverage_improvements__experiments__knn_mean_r2_jaccard__external_metrics__knn_mean_r2_jaccard__cal_sigmoid__thr_f1.csv,confirmed_models,0,fp,27.0
confirmed_models/results_full_coverage_improvements/experiments/knn_mean_r2_jaccard/external_metrics__knn_mean_r2_jaccard__cal_sigmoid__thr_f1.csv,confirmed_models__results_full_coverage_improvements__experiments__knn_mean_r2_jaccard__external_metrics__knn_mean_r2_jaccard__cal_sigmoid__thr_f1.csv,confirmed_models,0,tn,125.0
confirmed_models/results_full_coverage_improvements/experiments/knn_mean_r2_jaccard/external_metrics__knn_mean_r2_jaccard__cal_sigmoid__thr_f1.csv,confirmed_models__results_full_coverage_improvements__experiments__knn_mean_r2_jaccard__external_metrics__knn_mean_r2_jaccard__cal_sigmoid__thr_f1.csv,confirmed_models,0,fn,43.0
confirmed_models/results_full_coverage_improvements/experiments/knn_mean_r2_jaccard/external_metrics__knn_mean_r2_jaccard__cal_sigmoid__thr_kappa.csv,confirmed_models__results_full_coverage_improvements__experiments__knn_mean_r2_jaccard__external_metrics__knn_mean_r2_jaccard__cal_sigmoid__thr_kappa.csv,confirmed_models,0,accuracy,0.7582781456953642
confirmed_models/results_full_coverage_improvements/experiments/knn_mean_r2_jaccard/external_metrics__knn_mean_r2_jaccard__cal_sigmoid__thr_kappa.csv,confirmed_models__results_full_coverage_improvements__experiments__knn_mean_r2_jaccard__external_metrics__knn_mean_r2_jaccard__cal_sigmoid__thr_kappa.csv,confirmed_models,0,precision,0.8235294117647058
confirmed_models/results_full_coverage_improvements/experiments/knn_mean_r2_jaccard/external_metrics__knn_mean_r2_jaccard__cal_sigmoid__thr_kappa.csv,confirmed_models__results_full_coverage_improvements__experiments__knn_mean_r2_jaccard__external_metrics__knn_mean_r2_jaccard__cal_sigmoid__thr_kappa.csv,confirmed_models,0,recall,0.6533333333333333
confirmed_models/results_full_coverage_improvements/experiments/knn_mean_r2_jaccard/external_metrics__knn_mean_r2_jaccard__cal_sigmoid__thr_kappa.csv,confirmed_models__results_full_coverage_improvements__experiments__knn_mean_r2_jaccard__external_metrics__knn_mean_r2_jaccard__cal_sigmoid__thr_kappa.csv,confirmed_models,0,f1,0.7286245353159851
confirmed_models/results_full_coverage_improvements/experiments/knn_mean_r2_jaccard/external_metrics__knn_mean_r2_jaccard__cal_sigmoid__thr_kappa.csv,confirmed_models__results_full_coverage_improvements__experiments__knn_mean_r2_jaccard__external_metrics__knn_mean_r2_jaccard__cal_sigmoid__thr_kappa.csv,confirmed_models,0,kappa,0.5158768501032105
confirmed_models/results_full_coverage_improvements/experiments/knn_mean_r2_jaccard/external_metrics__knn_mean_r2_jaccard__cal_sigmoid__thr_kappa.csv,confirmed_models__results_full_coverage_improvements__experiments__knn_mean_r2_jaccard__external_metrics__knn_mean_r2_jaccard__cal_sigmoid__thr_kappa.csv,confirmed_models,0,auroc,0.85625
confirmed_models/results_full_coverage_improvements/experiments/knn_mean_r2_jaccard/external_metrics__knn_mean_r2_jaccard__cal_sigmoid__thr_kappa.csv,confirmed_models__results_full_coverage_improvements__experiments__knn_mean_r2_jaccard__external_metrics__knn_mean_r2_jaccard__cal_sigmoid__thr_kappa.csv,confirmed_models,0,specificity,0.8618421052631579
confirmed_models/results_full_coverage_improvements/experiments/knn_mean_r2_jaccard/external_metrics__knn_mean_r2_jaccard__cal_sigmoid__thr_kappa.csv,confirmed_models__results_full_coverage_improvements__experiments__knn_mean_r2_jaccard__external_metrics__knn_mean_r2_jaccard__cal_sigmoid__thr_kappa.csv,confirmed_models,0,sensitivity,0.6533333333333333
confirmed_models/results_full_coverage_improvements/experiments/knn_mean_r2_jaccard/external_metrics__knn_mean_r2_jaccard__cal_sigmoid__thr_kappa.csv,confirmed_models__results_full_coverage_improvements__experiments__knn_mean_r2_jaccard__external_metrics__knn_mean_r2_jaccard__cal_sigmoid__thr_kappa.csv,confirmed_models,0,mcc,0.5271370568308754
confirmed_models/results_full_coverage_improvements/experiments/knn_mean_r2_jaccard/external_metrics__knn_mean_r2_jaccard__cal_sigmoid__thr_kappa.csv,confirmed_models__results_full_coverage_improvements__experiments__knn_mean_r2_jaccard__external_metrics__knn_mean_r2_jaccard__cal_sigmoid__thr_kappa.csv,confirmed_models,0,tp,98.0
confirmed_models/results_full_coverage_improvements/experiments/knn_mean_r2_jaccard/external_metrics__knn_mean_r2_jaccard__cal_sigmoid__thr_kappa.csv,confirmed_models__results_full_coverage_improvements__experiments__knn_mean_r2_jaccard__external_metrics__knn_mean_r2_jaccard__cal_sigmoid__thr_kappa.csv,confirmed_models,0,fp,21.0
confirmed_models/results_full_coverage_improvements/experiments/knn_mean_r2_jaccard/external_metrics__knn_mean_r2_jaccard__cal_sigmoid__thr_kappa.csv,confirmed_models__results_full_coverage_improvements__experiments__knn_mean_r2_jaccard__external_metrics__knn_mean_r2_jaccard__cal_sigmoid__thr_kappa.csv,confirmed_models,0,tn,131.0
confirmed_models/results_full_coverage_improvements/experiments/knn_mean_r2_jaccard/external_metrics__knn_mean_r2_jaccard__cal_sigmoid__thr_kappa.csv,confirmed_models__results_full_coverage_improvements__experiments__knn_mean_r2_jaccard__external_metrics__knn_mean_r2_jaccard__cal_sigmoid__thr_kappa.csv,confirmed_models,0,fn,52.0
confirmed_models/results_full_coverage_improvements/experiments/knn_mean_r3/external_metrics__knn_mean_r3__cal_isotonic__thr_f1.csv,confirmed_models__results_full_coverage_improvements__experiments__knn_mean_r3__external_metrics__knn_mean_r3__cal_isotonic__thr_f1.csv,confirmed_models,0,accuracy,0.7516556291390728
confirmed_models/results_full_coverage_improvements/experiments/knn_mean_r3/external_metrics__knn_mean_r3__cal_isotonic__thr_f1.csv,confirmed_models__results_full_coverage_improvements__experiments__knn_mean_r3__external_metrics__knn_mean_r3__cal_isotonic__thr_f1.csv,confirmed_models,0,precision,0.7777777777777778
confirmed_models/results_full_coverage_improvements/experiments/knn_mean_r3/external_metrics__knn_mean_r3__cal_isotonic__thr_f1.csv,confirmed_models__results_full_coverage_improvements__experiments__knn_mean_r3__external_metrics__knn_mean_r3__cal_isotonic__thr_f1.csv,confirmed_models,0,recall,0.7
confirmed_models/results_full_coverage_improvements/experiments/knn_mean_r3/external_metrics__knn_mean_r3__cal_isotonic__thr_f1.csv,confirmed_models__results_full_coverage_improvements__experiments__knn_mean_r3__external_metrics__knn_mean_r3__cal_isotonic__thr_f1.csv,confirmed_models,0,f1,0.7368421052631579
confirmed_models/results_full_coverage_improvements/experiments/knn_mean_r3/external_metrics__knn_mean_r3__cal_isotonic__thr_f1.csv,confirmed_models__results_full_coverage_improvements__experiments__knn_mean_r3__external_metrics__knn_mean_r3__cal_isotonic__thr_f1.csv,confirmed_models,0,kappa,0.5029624753127058
confirmed_models/results_full_coverage_improvements/experiments/knn_mean_r3/external_metrics__knn_mean_r3__cal_isotonic__thr_f1.csv,confirmed_models__results_full_coverage_improvements__experiments__knn_mean_r3__external_metrics__knn_mean_r3__cal_isotonic__thr_f1.csv,confirmed_models,0,auroc,0.8491666666666666
confirmed_models/results_full_coverage_improvements/experiments/knn_mean_r3/external_metrics__knn_mean_r3__cal_isotonic__thr_f1.csv,confirmed_models__results_full_coverage_improvements__experiments__knn_mean_r3__external_metrics__knn_mean_r3__cal_isotonic__thr_f1.csv,confirmed_models,0,specificity,0.8026315789473685
confirmed_models/results_full_coverage_improvements/experiments/knn_mean_r3/external_metrics__knn_mean_r3__cal_isotonic__thr_f1.csv,confirmed_models__results_full_coverage_improvements__experiments__knn_mean_r3__external_metrics__knn_mean_r3__cal_isotonic__thr_f1.csv,confirmed_models,0,sensitivity,0.7
confirmed_models/results_full_coverage_improvements/experiments/knn_mean_r3/external_metrics__knn_mean_r3__cal_isotonic__thr_f1.csv,confirmed_models__results_full_coverage_improvements__experiments__knn_mean_r3__external_metrics__knn_mean_r3__cal_isotonic__thr_f1.csv,confirmed_models,0,mcc,0.5054661467327697
confirmed_models/results_full_coverage_improvements/experiments/knn_mean_r3/external_metrics__knn_mean_r3__cal_isotonic__thr_f1.csv,confirmed_models__results_full_coverage_improvements__experiments__knn_mean_r3__external_metrics__knn_mean_r3__cal_isotonic__thr_f1.csv,confirmed_models,0,tp,105.0
confirmed_models/results_full_coverage_improvements/experiments/knn_mean_r3/external_metrics__knn_mean_r3__cal_isotonic__thr_f1.csv,confirmed_models__results_full_coverage_improvements__experiments__knn_mean_r3__external_metrics__knn_mean_r3__cal_isotonic__thr_f1.csv,confirmed_models,0,fp,30.0
confirmed_models/results_full_coverage_improvements/experiments/knn_mean_r3/external_metrics__knn_mean_r3__cal_isotonic__thr_f1.csv,confirmed_models__results_full_coverage_improvements__experiments__knn_mean_r3__external_metrics__knn_mean_r3__cal_isotonic__thr_f1.csv,confirmed_models,0,tn,122.0
confirmed_models/results_full_coverage_improvements/experiments/knn_mean_r3/external_metrics__knn_mean_r3__cal_isotonic__thr_f1.csv,confirmed_models__results_full_coverage_improvements__experiments__knn_mean_r3__external_metrics__knn_mean_r3__cal_isotonic__thr_f1.csv,confirmed_models,0,fn,45.0
confirmed_models/results_full_coverage_improvements/experiments/knn_mean_r3/external_metrics__knn_mean_r3__cal_isotonic__thr_kappa.csv,confirmed_models__results_full_coverage_improvements__experiments__knn_mean_r3__external_metrics__knn_mean_r3__cal_isotonic__thr_kappa.csv,confirmed_models,0,accuracy,0.7450331125827815
confirmed_models/results_full_coverage_improvements/experiments/knn_mean_r3/external_metrics__knn_mean_r3__cal_isotonic__thr_kappa.csv,confirmed_models__results_full_coverage_improvements__experiments__knn_mean_r3__external_metrics__knn_mean_r3__cal_isotonic__thr_kappa.csv,confirmed_models,0,precision,0.8411214953271028
confirmed_models/results_full_coverage_improvements/experiments/knn_mean_r3/external_metrics__knn_mean_r3__cal_isotonic__thr_kappa.csv,confirmed_models__results_full_coverage_improvements__experiments__knn_mean_r3__external_metrics__knn_mean_r3__cal_isotonic__thr_kappa.csv,confirmed_models,0,recall,0.6
confirmed_models/results_full_coverage_improvements/experiments/knn_mean_r3/external_metrics__knn_mean_r3__cal_isotonic__thr_kappa.csv,confirmed_models__results_full_coverage_improvements__experiments__knn_mean_r3__external_metrics__knn_mean_r3__cal_isotonic__thr_kappa.csv,confirmed_models,0,f1,0.7003891050583657
confirmed_models/results_full_coverage_improvements/experiments/knn_mean_r3/external_metrics__knn_mean_r3__cal_isotonic__thr_kappa.csv,confirmed_models__results_full_coverage_improvements__experiments__knn_mean_r3__external_metrics__knn_mean_r3__cal_isotonic__thr_kappa.csv,confirmed_models,0,kappa,0.4890802829898493
confirmed_models/results_full_coverage_improvements/experiments/knn_mean_r3/external_metrics__knn_mean_r3__cal_isotonic__thr_kappa.csv,confirmed_models__results_full_coverage_improvements__experiments__knn_mean_r3__external_metrics__knn_mean_r3__cal_isotonic__thr_kappa.csv,confirmed_models,0,auroc,0.8491666666666666
confirmed_models/results_full_coverage_improvements/experiments/knn_mean_r3/external_metrics__knn_mean_r3__cal_isotonic__thr_kappa.csv,confirmed_models__results_full_coverage_improvements__experiments__knn_mean_r3__external_metrics__knn_mean_r3__cal_isotonic__thr_kappa.csv,confirmed_models,0,specificity,0.8881578947368421
confirmed_models/results_full_coverage_improvements/experiments/knn_mean_r3/external_metrics__knn_mean_r3__cal_isotonic__thr_kappa.csv,confirmed_models__results_full_coverage_improvements__experiments__knn_mean_r3__external_metrics__knn_mean_r3__cal_isotonic__thr_kappa.csv,confirmed_models,0,sensitivity,0.6
confirmed_models/results_full_coverage_improvements/experiments/knn_mean_r3/external_metrics__knn_mean_r3__cal_isotonic__thr_kappa.csv,confirmed_models__results_full_coverage_improvements__experiments__knn_mean_r3__external_metrics__knn_mean_r3__cal_isotonic__thr_kappa.csv,confirmed_models,0,mcc,0.5102917491268946
confirmed_models/results_full_coverage_improvements/experiments/knn_mean_r3/external_metrics__knn_mean_r3__cal_isotonic__thr_kappa.csv,confirmed_models__results_full_coverage_improvements__experiments__knn_mean_r3__external_metrics__knn_mean_r3__cal_isotonic__thr_kappa.csv,confirmed_models,0,tp,90.0
confirmed_models/results_full_coverage_improvements/experiments/knn_mean_r3/external_metrics__knn_mean_r3__cal_isotonic__thr_kappa.csv,confirmed_models__results_full_coverage_improvements__experiments__knn_mean_r3__external_metrics__knn_mean_r3__cal_isotonic__thr_kappa.csv,confirmed_models,0,fp,17.0
confirmed_models/results_full_coverage_improvements/experiments/knn_mean_r3/external_metrics__knn_mean_r3__cal_isotonic__thr_kappa.csv,confirmed_models__results_full_coverage_improvements__experiments__knn_mean_r3__external_metrics__knn_mean_r3__cal_isotonic__thr_kappa.csv,confirmed_models,0,tn,135.0
confirmed_models/results_full_coverage_improvements/experiments/knn_mean_r3/external_metrics__knn_mean_r3__cal_isotonic__thr_kappa.csv,confirmed_models__results_full_coverage_improvements__experiments__knn_mean_r3__external_metrics__knn_mean_r3__cal_isotonic__thr_kappa.csv,confirmed_models,0,fn,60.0
confirmed_models/results_full_coverage_improvements/experiments/knn_mean_r3/external_metrics__knn_mean_r3__cal_none__thr_f1.csv,confirmed_models__results_full_coverage_improvements__experiments__knn_mean_r3__external_metrics__knn_mean_r3__cal_none__thr_f1.csv,confirmed_models,0,accuracy,0.7582781456953642
confirmed_models/results_full_coverage_improvements/experiments/knn_mean_r3/external_metrics__knn_mean_r3__cal_none__thr_f1.csv,confirmed_models__results_full_coverage_improvements__experiments__knn_mean_r3__external_metrics__knn_mean_r3__cal_none__thr_f1.csv,confirmed_models,0,precision,0.7619047619047619
confirmed_models/results_full_coverage_improvements/experiments/knn_mean_r3/external_metrics__knn_mean_r3__cal_none__thr_f1.csv,confirmed_models__results_full_coverage_improvements__experiments__knn_mean_r3__external_metrics__knn_mean_r3__cal_none__thr_f1.csv,confirmed_models,0,recall,0.7466666666666667
confirmed_models/results_full_coverage_improvements/experiments/knn_mean_r3/external_metrics__knn_mean_r3__cal_none__thr_f1.csv,confirmed_models__results_full_coverage_improvements__experiments__knn_mean_r3__external_metrics__knn_mean_r3__cal_none__thr_f1.csv,confirmed_models,0,f1,0.7542087542087542
confirmed_models/results_full_coverage_improvements/experiments/knn_mean_r3/external_metrics__knn_mean_r3__cal_none__thr_f1.csv,confirmed_models__results_full_coverage_improvements__experiments__knn_mean_r3__external_metrics__knn_mean_r3__cal_none__thr_f1.csv,confirmed_models,0,kappa,0.5164714655437119
confirmed_models/results_full_coverage_improvements/experiments/knn_mean_r3/external_metrics__knn_mean_r3__cal_none__thr_f1.csv,confirmed_models__results_full_coverage_improvements__experiments__knn_mean_r3__external_metrics__knn_mean_r3__cal_none__thr_f1.csv,confirmed_models,0,auroc,0.8521929824561404
confirmed_models/results_full_coverage_improvements/experiments/knn_mean_r3/external_metrics__knn_mean_r3__cal_none__thr_f1.csv,confirmed_models__results_full_coverage_improvements__experiments__knn_mean_r3__external_metrics__knn_mean_r3__cal_none__thr_f1.csv,confirmed_models,0,specificity,0.7697368421052632
confirmed_models/results_full_coverage_improvements/experiments/knn_mean_r3/external_metrics__knn_mean_r3__cal_none__thr_f1.csv,confirmed_models__results_full_coverage_improvements__experiments__knn_mean_r3__external_metrics__knn_mean_r3__cal_none__thr_f1.csv,confirmed_models,0,sensitivity,0.7466666666666667
confirmed_models/results_full_coverage_improvements/experiments/knn_mean_r3/external_metrics__knn_mean_r3__cal_none__thr_f1.csv,confirmed_models__results_full_coverage_improvements__experiments__knn_mean_r3__external_metrics__knn_mean_r3__cal_none__thr_f1.csv,confirmed_models,0,mcc,0.5165734622103874
confirmed_models/results_full_coverage_improvements/experiments/knn_mean_r3/external_metrics__knn_mean_r3__cal_none__thr_f1.csv,confirmed_models__results_full_coverage_improvements__experiments__knn_mean_r3__external_metrics__knn_mean_r3__cal_none__thr_f1.csv,confirmed_models,0,tp,112.0
confirmed_models/results_full_coverage_improvements/experiments/knn_mean_r3/external_metrics__knn_mean_r3__cal_none__thr_f1.csv,confirmed_models__results_full_coverage_improvements__experiments__knn_mean_r3__external_metrics__knn_mean_r3__cal_none__thr_f1.csv,confirmed_models,0,fp,35.0
confirmed_models/results_full_coverage_improvements/experiments/knn_mean_r3/external_metrics__knn_mean_r3__cal_none__thr_f1.csv,confirmed_models__results_full_coverage_improvements__experiments__knn_mean_r3__external_metrics__knn_mean_r3__cal_none__thr_f1.csv,confirmed_models,0,tn,117.0
confirmed_models/results_full_coverage_improvements/experiments/knn_mean_r3/external_metrics__knn_mean_r3__cal_none__thr_f1.csv,confirmed_models__results_full_coverage_improvements__experiments__knn_mean_r3__external_metrics__knn_mean_r3__cal_none__thr_f1.csv,confirmed_models,0,fn,38.0
confirmed_models/results_full_coverage_improvements/experiments/knn_mean_r3/external_metrics__knn_mean_r3__cal_none__thr_kappa.csv,confirmed_models__results_full_coverage_improvements__experiments__knn_mean_r3__external_metrics__knn_mean_r3__cal_none__thr_kappa.csv,confirmed_models,0,accuracy,0.7582781456953642
confirmed_models/results_full_coverage_improvements/experiments/knn_mean_r3/external_metrics__knn_mean_r3__cal_none__thr_kappa.csv,confirmed_models__results_full_coverage_improvements__experiments__knn_mean_r3__external_metrics__knn_mean_r3__cal_none__thr_kappa.csv,confirmed_models,0,precision,0.7619047619047619
confirmed_models/results_full_coverage_improvements/experiments/knn_mean_r3/external_metrics__knn_mean_r3__cal_none__thr_kappa.csv,confirmed_models__results_full_coverage_improvements__experiments__knn_mean_r3__external_metrics__knn_mean_r3__cal_none__thr_kappa.csv,confirmed_models,0,recall,0.7466666666666667
confirmed_models/results_full_coverage_improvements/experiments/knn_mean_r3/external_metrics__knn_mean_r3__cal_none__thr_kappa.csv,confirmed_models__results_full_coverage_improvements__experiments__knn_mean_r3__external_metrics__knn_mean_r3__cal_none__thr_kappa.csv,confirmed_models,0,f1,0.7542087542087542
confirmed_models/results_full_coverage_improvements/experiments/knn_mean_r3/external_metrics__knn_mean_r3__cal_none__thr_kappa.csv,confirmed_models__results_full_coverage_improvements__experiments__knn_mean_r3__external_metrics__knn_mean_r3__cal_none__thr_kappa.csv,confirmed_models,0,kappa,0.5164714655437119
confirmed_models/results_full_coverage_improvements/experiments/knn_mean_r3/external_metrics__knn_mean_r3__cal_none__thr_kappa.csv,confirmed_models__results_full_coverage_improvements__experiments__knn_mean_r3__external_metrics__knn_mean_r3__cal_none__thr_kappa.csv,confirmed_models,0,auroc,0.8521929824561404
confirmed_models/results_full_coverage_improvements/experiments/knn_mean_r3/external_metrics__knn_mean_r3__cal_none__thr_kappa.csv,confirmed_models__results_full_coverage_improvements__experiments__knn_mean_r3__external_metrics__knn_mean_r3__cal_none__thr_kappa.csv,confirmed_models,0,specificity,0.7697368421052632
confirmed_models/results_full_coverage_improvements/experiments/knn_mean_r3/external_metrics__knn_mean_r3__cal_none__thr_kappa.csv,confirmed_models__results_full_coverage_improvements__experiments__knn_mean_r3__external_metrics__knn_mean_r3__cal_none__thr_kappa.csv,confirmed_models,0,sensitivity,0.7466666666666667
confirmed_models/results_full_coverage_improvements/experiments/knn_mean_r3/external_metrics__knn_mean_r3__cal_none__thr_kappa.csv,confirmed_models__results_full_coverage_improvements__experiments__knn_mean_r3__external_metrics__knn_mean_r3__cal_none__thr_kappa.csv,confirmed_models,0,mcc,0.5165734622103874
confirmed_models/results_full_coverage_improvements/experiments/knn_mean_r3/external_metrics__knn_mean_r3__cal_none__thr_kappa.csv,confirmed_models__results_full_coverage_improvements__experiments__knn_mean_r3__external_metrics__knn_mean_r3__cal_none__thr_kappa.csv,confirmed_models,0,tp,112.0
confirmed_models/results_full_coverage_improvements/experiments/knn_mean_r3/external_metrics__knn_mean_r3__cal_none__thr_kappa.csv,confirmed_models__results_full_coverage_improvements__experiments__knn_mean_r3__external_metrics__knn_mean_r3__cal_none__thr_kappa.csv,confirmed_models,0,fp,35.0
confirmed_models/results_full_coverage_improvements/experiments/knn_mean_r3/external_metrics__knn_mean_r3__cal_none__thr_kappa.csv,confirmed_models__results_full_coverage_improvements__experiments__knn_mean_r3__external_metrics__knn_mean_r3__cal_none__thr_kappa.csv,confirmed_models,0,tn,117.0
confirmed_models/results_full_coverage_improvements/experiments/knn_mean_r3/external_metrics__knn_mean_r3__cal_none__thr_kappa.csv,confirmed_models__results_full_coverage_improvements__experiments__knn_mean_r3__external_metrics__knn_mean_r3__cal_none__thr_kappa.csv,confirmed_models,0,fn,38.0
confirmed_models/results_full_coverage_improvements/experiments/knn_mean_r3/external_metrics__knn_mean_r3__cal_sigmoid__thr_f1.csv,confirmed_models__results_full_coverage_improvements__experiments__knn_mean_r3__external_metrics__knn_mean_r3__cal_sigmoid__thr_f1.csv,confirmed_models,0,accuracy,0.7483443708609272
confirmed_models/results_full_coverage_improvements/experiments/knn_mean_r3/external_metrics__knn_mean_r3__cal_sigmoid__thr_f1.csv,confirmed_models__results_full_coverage_improvements__experiments__knn_mean_r3__external_metrics__knn_mean_r3__cal_sigmoid__thr_f1.csv,confirmed_models,0,precision,0.7803030303030303
confirmed_models/results_full_coverage_improvements/experiments/knn_mean_r3/external_metrics__knn_mean_r3__cal_sigmoid__thr_f1.csv,confirmed_models__results_full_coverage_improvements__experiments__knn_mean_r3__external_metrics__knn_mean_r3__cal_sigmoid__thr_f1.csv,confirmed_models,0,recall,0.6866666666666666
confirmed_models/results_full_coverage_improvements/experiments/knn_mean_r3/external_metrics__knn_mean_r3__cal_sigmoid__thr_f1.csv,confirmed_models__results_full_coverage_improvements__experiments__knn_mean_r3__external_metrics__knn_mean_r3__cal_sigmoid__thr_f1.csv,confirmed_models,0,f1,0.7304964539007093
confirmed_models/results_full_coverage_improvements/experiments/knn_mean_r3/external_metrics__knn_mean_r3__cal_sigmoid__thr_f1.csv,confirmed_models__results_full_coverage_improvements__experiments__knn_mean_r3__external_metrics__knn_mean_r3__cal_sigmoid__thr_f1.csv,confirmed_models,0,kappa,0.4962689842858397
confirmed_models/results_full_coverage_improvements/experiments/knn_mean_r3/external_metrics__knn_mean_r3__cal_sigmoid__thr_f1.csv,confirmed_models__results_full_coverage_improvements__experiments__knn_mean_r3__external_metrics__knn_mean_r3__cal_sigmoid__thr_f1.csv,confirmed_models,0,auroc,0.8521929824561404
confirmed_models/results_full_coverage_improvements/experiments/knn_mean_r3/external_metrics__knn_mean_r3__cal_sigmoid__thr_f1.csv,confirmed_models__results_full_coverage_improvements__experiments__knn_mean_r3__external_metrics__knn_mean_r3__cal_sigmoid__thr_f1.csv,confirmed_models,0,specificity,0.8092105263157895
confirmed_models/results_full_coverage_improvements/experiments/knn_mean_r3/external_metrics__knn_mean_r3__cal_sigmoid__thr_f1.csv,confirmed_models__results_full_coverage_improvements__experiments__knn_mean_r3__external_metrics__knn_mean_r3__cal_sigmoid__thr_f1.csv,confirmed_models,0,sensitivity,0.6866666666666666
confirmed_models/results_full_coverage_improvements/experiments/knn_mean_r3/external_metrics__knn_mean_r3__cal_sigmoid__thr_f1.csv,confirmed_models__results_full_coverage_improvements__experiments__knn_mean_r3__external_metrics__knn_mean_r3__cal_sigmoid__thr_f1.csv,confirmed_models,0,mcc,0.4998389911822055
confirmed_models/results_full_coverage_improvements/experiments/knn_mean_r3/external_metrics__knn_mean_r3__cal_sigmoid__thr_f1.csv,confirmed_models__results_full_coverage_improvements__experiments__knn_mean_r3__external_metrics__knn_mean_r3__cal_sigmoid__thr_f1.csv,confirmed_models,0,tp,103.0
confirmed_models/results_full_coverage_improvements/experiments/knn_mean_r3/external_metrics__knn_mean_r3__cal_sigmoid__thr_f1.csv,confirmed_models__results_full_coverage_improvements__experiments__knn_mean_r3__external_metrics__knn_mean_r3__cal_sigmoid__thr_f1.csv,confirmed_models,0,fp,29.0
confirmed_models/results_full_coverage_improvements/experiments/knn_mean_r3/external_metrics__knn_mean_r3__cal_sigmoid__thr_f1.csv,confirmed_models__results_full_coverage_improvements__experiments__knn_mean_r3__external_metrics__knn_mean_r3__cal_sigmoid__thr_f1.csv,confirmed_models,0,tn,123.0
confirmed_models/results_full_coverage_improvements/experiments/knn_mean_r3/external_metrics__knn_mean_r3__cal_sigmoid__thr_f1.csv,confirmed_models__results_full_coverage_improvements__experiments__knn_mean_r3__external_metrics__knn_mean_r3__cal_sigmoid__thr_f1.csv,confirmed_models,0,fn,47.0
confirmed_models/results_full_coverage_improvements/experiments/knn_mean_r3/external_metrics__knn_mean_r3__cal_sigmoid__thr_kappa.csv,confirmed_models__results_full_coverage_improvements__experiments__knn_mean_r3__external_metrics__knn_mean_r3__cal_sigmoid__thr_kappa.csv,confirmed_models,0,accuracy,0.7483443708609272
confirmed_models/results_full_coverage_improvements/experiments/knn_mean_r3/external_metrics__knn_mean_r3__cal_sigmoid__thr_kappa.csv,confirmed_models__results_full_coverage_improvements__experiments__knn_mean_r3__external_metrics__knn_mean_r3__cal_sigmoid__thr_kappa.csv,confirmed_models,0,precision,0.7803030303030303
confirmed_models/results_full_coverage_improvements/experiments/knn_mean_r3/external_metrics__knn_mean_r3__cal_sigmoid__thr_kappa.csv,confirmed_models__results_full_coverage_improvements__experiments__knn_mean_r3__external_metrics__knn_mean_r3__cal_sigmoid__thr_kappa.csv,confirmed_models,0,recall,0.6866666666666666
confirmed_models/results_full_coverage_improvements/experiments/knn_mean_r3/external_metrics__knn_mean_r3__cal_sigmoid__thr_kappa.csv,confirmed_models__results_full_coverage_improvements__experiments__knn_mean_r3__external_metrics__knn_mean_r3__cal_sigmoid__thr_kappa.csv,confirmed_models,0,f1,0.7304964539007093
confirmed_models/results_full_coverage_improvements/experiments/knn_mean_r3/external_metrics__knn_mean_r3__cal_sigmoid__thr_kappa.csv,confirmed_models__results_full_coverage_improvements__experiments__knn_mean_r3__external_metrics__knn_mean_r3__cal_sigmoid__thr_kappa.csv,confirmed_models,0,kappa,0.4962689842858397
confirmed_models/results_full_coverage_improvements/experiments/knn_mean_r3/external_metrics__knn_mean_r3__cal_sigmoid__thr_kappa.csv,confirmed_models__results_full_coverage_improvements__experiments__knn_mean_r3__external_metrics__knn_mean_r3__cal_sigmoid__thr_kappa.csv,confirmed_models,0,auroc,0.8521929824561404
confirmed_models/results_full_coverage_improvements/experiments/knn_mean_r3/external_metrics__knn_mean_r3__cal_sigmoid__thr_kappa.csv,confirmed_models__results_full_coverage_improvements__experiments__knn_mean_r3__external_metrics__knn_mean_r3__cal_sigmoid__thr_kappa.csv,confirmed_models,0,specificity,0.8092105263157895
confirmed_models/results_full_coverage_improvements/experiments/knn_mean_r3/external_metrics__knn_mean_r3__cal_sigmoid__thr_kappa.csv,confirmed_models__results_full_coverage_improvements__experiments__knn_mean_r3__external_metrics__knn_mean_r3__cal_sigmoid__thr_kappa.csv,confirmed_models,0,sensitivity,0.6866666666666666
confirmed_models/results_full_coverage_improvements/experiments/knn_mean_r3/external_metrics__knn_mean_r3__cal_sigmoid__thr_kappa.csv,confirmed_models__results_full_coverage_improvements__experiments__knn_mean_r3__external_metrics__knn_mean_r3__cal_sigmoid__thr_kappa.csv,confirmed_models,0,mcc,0.4998389911822055
confirmed_models/results_full_coverage_improvements/experiments/knn_mean_r3/external_metrics__knn_mean_r3__cal_sigmoid__thr_kappa.csv,confirmed_models__results_full_coverage_improvements__experiments__knn_mean_r3__external_metrics__knn_mean_r3__cal_sigmoid__thr_kappa.csv,confirmed_models,0,tp,103.0
confirmed_models/results_full_coverage_improvements/experiments/knn_mean_r3/external_metrics__knn_mean_r3__cal_sigmoid__thr_kappa.csv,confirmed_models__results_full_coverage_improvements__experiments__knn_mean_r3__external_metrics__knn_mean_r3__cal_sigmoid__thr_kappa.csv,confirmed_models,0,fp,29.0
confirmed_models/results_full_coverage_improvements/experiments/knn_mean_r3/external_metrics__knn_mean_r3__cal_sigmoid__thr_kappa.csv,confirmed_models__results_full_coverage_improvements__experiments__knn_mean_r3__external_metrics__knn_mean_r3__cal_sigmoid__thr_kappa.csv,confirmed_models,0,tn,123.0
confirmed_models/results_full_coverage_improvements/experiments/knn_mean_r3/external_metrics__knn_mean_r3__cal_sigmoid__thr_kappa.csv,confirmed_models__results_full_coverage_improvements__experiments__knn_mean_r3__external_metrics__knn_mean_r3__cal_sigmoid__thr_kappa.csv,confirmed_models,0,fn,47.0
confirmed_models/results_full_coverage_improvements/experiments/lgbm_morgan_r2_only/external_metrics__lgbm_morgan_r2_only__cal_isotonic__thr_f1.csv,confirmed_models__results_full_coverage_improvements__experiments__lgbm_morgan_r2_only__external_metrics__lgbm_morgan_r2_only__cal_isotonic__thr_f1.csv,confirmed_models,0,accuracy,0.7350993377483444
confirmed_models/results_full_coverage_improvements/experiments/lgbm_morgan_r2_only/external_metrics__lgbm_morgan_r2_only__cal_isotonic__thr_f1.csv,confirmed_models__results_full_coverage_improvements__experiments__lgbm_morgan_r2_only__external_metrics__lgbm_morgan_r2_only__cal_isotonic__thr_f1.csv,confirmed_models,0,precision,0.7777777777777778
confirmed_models/results_full_coverage_improvements/experiments/lgbm_morgan_r2_only/external_metrics__lgbm_morgan_r2_only__cal_isotonic__thr_f1.csv,confirmed_models__results_full_coverage_improvements__experiments__lgbm_morgan_r2_only__external_metrics__lgbm_morgan_r2_only__cal_isotonic__thr_f1.csv,confirmed_models,0,recall,0.6533333333333333
confirmed_models/results_full_coverage_improvements/experiments/lgbm_morgan_r2_only/external_metrics__lgbm_morgan_r2_only__cal_isotonic__thr_f1.csv,confirmed_models__results_full_coverage_improvements__experiments__lgbm_morgan_r2_only__external_metrics__lgbm_morgan_r2_only__cal_isotonic__thr_f1.csv,confirmed_models,0,f1,0.7101449275362319
confirmed_models/results_full_coverage_improvements/experiments/lgbm_morgan_r2_only/external_metrics__lgbm_morgan_r2_only__cal_isotonic__thr_f1.csv,confirmed_models__results_full_coverage_improvements__experiments__lgbm_morgan_r2_only__external_metrics__lgbm_morgan_r2_only__cal_isotonic__thr_f1.csv,confirmed_models,0,kappa,0.4696171408500176
confirmed_models/results_full_coverage_improvements/experiments/lgbm_morgan_r2_only/external_metrics__lgbm_morgan_r2_only__cal_isotonic__thr_f1.csv,confirmed_models__results_full_coverage_improvements__experiments__lgbm_morgan_r2_only__external_metrics__lgbm_morgan_r2_only__cal_isotonic__thr_f1.csv,confirmed_models,0,auroc,0.8088377192982455
confirmed_models/results_full_coverage_improvements/experiments/lgbm_morgan_r2_only/external_metrics__lgbm_morgan_r2_only__cal_isotonic__thr_f1.csv,confirmed_models__results_full_coverage_improvements__experiments__lgbm_morgan_r2_only__external_metrics__lgbm_morgan_r2_only__cal_isotonic__thr_f1.csv,confirmed_models,0,specificity,0.8157894736842105
confirmed_models/results_full_coverage_improvements/experiments/lgbm_morgan_r2_only/external_metrics__lgbm_morgan_r2_only__cal_isotonic__thr_f1.csv,confirmed_models__results_full_coverage_improvements__experiments__lgbm_morgan_r2_only__external_metrics__lgbm_morgan_r2_only__cal_isotonic__thr_f1.csv,confirmed_models,0,sensitivity,0.6533333333333333
confirmed_models/results_full_coverage_improvements/experiments/lgbm_morgan_r2_only/external_metrics__lgbm_morgan_r2_only__cal_isotonic__thr_f1.csv,confirmed_models__results_full_coverage_improvements__experiments__lgbm_morgan_r2_only__external_metrics__lgbm_morgan_r2_only__cal_isotonic__thr_f1.csv,confirmed_models,0,mcc,0.4756772315733114
confirmed_models/results_full_coverage_improvements/experiments/lgbm_morgan_r2_only/external_metrics__lgbm_morgan_r2_only__cal_isotonic__thr_f1.csv,confirmed_models__results_full_coverage_improvements__experiments__lgbm_morgan_r2_only__external_metrics__lgbm_morgan_r2_only__cal_isotonic__thr_f1.csv,confirmed_models,0,tp,98.0
confirmed_models/results_full_coverage_improvements/experiments/lgbm_morgan_r2_only/external_metrics__lgbm_morgan_r2_only__cal_isotonic__thr_f1.csv,confirmed_models__results_full_coverage_improvements__experiments__lgbm_morgan_r2_only__external_metrics__lgbm_morgan_r2_only__cal_isotonic__thr_f1.csv,confirmed_models,0,fp,28.0
confirmed_models/results_full_coverage_improvements/experiments/lgbm_morgan_r2_only/external_metrics__lgbm_morgan_r2_only__cal_isotonic__thr_f1.csv,confirmed_models__results_full_coverage_improvements__experiments__lgbm_morgan_r2_only__external_metrics__lgbm_morgan_r2_only__cal_isotonic__thr_f1.csv,confirmed_models,0,tn,124.0
confirmed_models/results_full_coverage_improvements/experiments/lgbm_morgan_r2_only/external_metrics__lgbm_morgan_r2_only__cal_isotonic__thr_f1.csv,confirmed_models__results_full_coverage_improvements__experiments__lgbm_morgan_r2_only__external_metrics__lgbm_morgan_r2_only__cal_isotonic__thr_f1.csv,confirmed_models,0,fn,52.0
confirmed_models/results_full_coverage_improvements/experiments/lgbm_morgan_r2_only/external_metrics__lgbm_morgan_r2_only__cal_isotonic__thr_kappa.csv,confirmed_models__results_full_coverage_improvements__experiments__lgbm_morgan_r2_only__external_metrics__lgbm_morgan_r2_only__cal_isotonic__thr_kappa.csv,confirmed_models,0,accuracy,0.7450331125827815
confirmed_models/results_full_coverage_improvements/experiments/lgbm_morgan_r2_only/external_metrics__lgbm_morgan_r2_only__cal_isotonic__thr_kappa.csv,confirmed_models__results_full_coverage_improvements__experiments__lgbm_morgan_r2_only__external_metrics__lgbm_morgan_r2_only__cal_isotonic__thr_kappa.csv,confirmed_models,0,precision,0.8411214953271028
confirmed_models/results_full_coverage_improvements/experiments/lgbm_morgan_r2_only/external_metrics__lgbm_morgan_r2_only__cal_isotonic__thr_kappa.csv,confirmed_models__results_full_coverage_improvements__experiments__lgbm_morgan_r2_only__external_metrics__lgbm_morgan_r2_only__cal_isotonic__thr_kappa.csv,confirmed_models,0,recall,0.6
confirmed_models/results_full_coverage_improvements/experiments/lgbm_morgan_r2_only/external_metrics__lgbm_morgan_r2_only__cal_isotonic__thr_kappa.csv,confirmed_models__results_full_coverage_improvements__experiments__lgbm_morgan_r2_only__external_metrics__lgbm_morgan_r2_only__cal_isotonic__thr_kappa.csv,confirmed_models,0,f1,0.7003891050583657
confirmed_models/results_full_coverage_improvements/experiments/lgbm_morgan_r2_only/external_metrics__lgbm_morgan_r2_only__cal_isotonic__thr_kappa.csv,confirmed_models__results_full_coverage_improvements__experiments__lgbm_morgan_r2_only__external_metrics__lgbm_morgan_r2_only__cal_isotonic__thr_kappa.csv,confirmed_models,0,kappa,0.4890802829898493
confirmed_models/results_full_coverage_improvements/experiments/lgbm_morgan_r2_only/external_metrics__lgbm_morgan_r2_only__cal_isotonic__thr_kappa.csv,confirmed_models__results_full_coverage_improvements__experiments__lgbm_morgan_r2_only__external_metrics__lgbm_morgan_r2_only__cal_isotonic__thr_kappa.csv,confirmed_models,0,auroc,0.8088377192982455
confirmed_models/results_full_coverage_improvements/experiments/lgbm_morgan_r2_only/external_metrics__lgbm_morgan_r2_only__cal_isotonic__thr_kappa.csv,confirmed_models__results_full_coverage_improvements__experiments__lgbm_morgan_r2_only__external_metrics__lgbm_morgan_r2_only__cal_isotonic__thr_kappa.csv,confirmed_models,0,specificity,0.8881578947368421
confirmed_models/results_full_coverage_improvements/experiments/lgbm_morgan_r2_only/external_metrics__lgbm_morgan_r2_only__cal_isotonic__thr_kappa.csv,confirmed_models__results_full_coverage_improvements__experiments__lgbm_morgan_r2_only__external_metrics__lgbm_morgan_r2_only__cal_isotonic__thr_kappa.csv,confirmed_models,0,sensitivity,0.6
confirmed_models/results_full_coverage_improvements/experiments/lgbm_morgan_r2_only/external_metrics__lgbm_morgan_r2_only__cal_isotonic__thr_kappa.csv,confirmed_models__results_full_coverage_improvements__experiments__lgbm_morgan_r2_only__external_metrics__lgbm_morgan_r2_only__cal_isotonic__thr_kappa.csv,confirmed_models,0,mcc,0.5102917491268946
confirmed_models/results_full_coverage_improvements/experiments/lgbm_morgan_r2_only/external_metrics__lgbm_morgan_r2_only__cal_isotonic__thr_kappa.csv,confirmed_models__results_full_coverage_improvements__experiments__lgbm_morgan_r2_only__external_metrics__lgbm_morgan_r2_only__cal_isotonic__thr_kappa.csv,confirmed_models,0,tp,90.0
confirmed_models/results_full_coverage_improvements/experiments/lgbm_morgan_r2_only/external_metrics__lgbm_morgan_r2_only__cal_isotonic__thr_kappa.csv,confirmed_models__results_full_coverage_improvements__experiments__lgbm_morgan_r2_only__external_metrics__lgbm_morgan_r2_only__cal_isotonic__thr_kappa.csv,confirmed_models,0,fp,17.0
confirmed_models/results_full_coverage_improvements/experiments/lgbm_morgan_r2_only/external_metrics__lgbm_morgan_r2_only__cal_isotonic__thr_kappa.csv,confirmed_models__results_full_coverage_improvements__experiments__lgbm_morgan_r2_only__external_metrics__lgbm_morgan_r2_only__cal_isotonic__thr_kappa.csv,confirmed_models,0,tn,135.0
confirmed_models/results_full_coverage_improvements/experiments/lgbm_morgan_r2_only/external_metrics__lgbm_morgan_r2_only__cal_isotonic__thr_kappa.csv,confirmed_models__results_full_coverage_improvements__experiments__lgbm_morgan_r2_only__external_metrics__lgbm_morgan_r2_only__cal_isotonic__thr_kappa.csv,confirmed_models,0,fn,60.0
confirmed_models/results_full_coverage_improvements/experiments/lgbm_morgan_r2_only/external_metrics__lgbm_morgan_r2_only__cal_none__thr_f1.csv,confirmed_models__results_full_coverage_improvements__experiments__lgbm_morgan_r2_only__external_metrics__lgbm_morgan_r2_only__cal_none__thr_f1.csv,confirmed_models,0,accuracy,0.7615894039735099
confirmed_models/results_full_coverage_improvements/experiments/lgbm_morgan_r2_only/external_metrics__lgbm_morgan_r2_only__cal_none__thr_f1.csv,confirmed_models__results_full_coverage_improvements__experiments__lgbm_morgan_r2_only__external_metrics__lgbm_morgan_r2_only__cal_none__thr_f1.csv,confirmed_models,0,precision,0.7407407407407407
confirmed_models/results_full_coverage_improvements/experiments/lgbm_morgan_r2_only/external_metrics__lgbm_morgan_r2_only__cal_none__thr_f1.csv,confirmed_models__results_full_coverage_improvements__experiments__lgbm_morgan_r2_only__external_metrics__lgbm_morgan_r2_only__cal_none__thr_f1.csv,confirmed_models,0,recall,0.8
confirmed_models/results_full_coverage_improvements/experiments/lgbm_morgan_r2_only/external_metrics__lgbm_morgan_r2_only__cal_none__thr_f1.csv,confirmed_models__results_full_coverage_improvements__experiments__lgbm_morgan_r2_only__external_metrics__lgbm_morgan_r2_only__cal_none__thr_f1.csv,confirmed_models,0,f1,0.7692307692307693
confirmed_models/results_full_coverage_improvements/experiments/lgbm_morgan_r2_only/external_metrics__lgbm_morgan_r2_only__cal_none__thr_f1.csv,confirmed_models__results_full_coverage_improvements__experiments__lgbm_morgan_r2_only__external_metrics__lgbm_morgan_r2_only__cal_none__thr_f1.csv,confirmed_models,0,kappa,0.5234087322461862
confirmed_models/results_full_coverage_improvements/experiments/lgbm_morgan_r2_only/external_metrics__lgbm_morgan_r2_only__cal_none__thr_f1.csv,confirmed_models__results_full_coverage_improvements__experiments__lgbm_morgan_r2_only__external_metrics__lgbm_morgan_r2_only__cal_none__thr_f1.csv,confirmed_models,0,auroc,0.8228947368421053
confirmed_models/results_full_coverage_improvements/experiments/lgbm_morgan_r2_only/external_metrics__lgbm_morgan_r2_only__cal_none__thr_f1.csv,confirmed_models__results_full_coverage_improvements__experiments__lgbm_morgan_r2_only__external_metrics__lgbm_morgan_r2_only__cal_none__thr_f1.csv,confirmed_models,0,specificity,0.7236842105263158
confirmed_models/results_full_coverage_improvements/experiments/lgbm_morgan_r2_only/external_metrics__lgbm_morgan_r2_only__cal_none__thr_f1.csv,confirmed_models__results_full_coverage_improvements__experiments__lgbm_morgan_r2_only__external_metrics__lgbm_morgan_r2_only__cal_none__thr_f1.csv,confirmed_models,0,sensitivity,0.8
confirmed_models/results_full_coverage_improvements/experiments/lgbm_morgan_r2_only/external_metrics__lgbm_morgan_r2_only__cal_none__thr_f1.csv,confirmed_models__results_full_coverage_improvements__experiments__lgbm_morgan_r2_only__external_metrics__lgbm_morgan_r2_only__cal_none__thr_f1.csv,confirmed_models,0,mcc,0.5250677907724974
confirmed_models/results_full_coverage_improvements/experiments/lgbm_morgan_r2_only/external_metrics__lgbm_morgan_r2_only__cal_none__thr_f1.csv,confirmed_models__results_full_coverage_improvements__experiments__lgbm_morgan_r2_only__external_metrics__lgbm_morgan_r2_only__cal_none__thr_f1.csv,confirmed_models,0,tp,120.0
confirmed_models/results_full_coverage_improvements/experiments/lgbm_morgan_r2_only/external_metrics__lgbm_morgan_r2_only__cal_none__thr_f1.csv,confirmed_models__results_full_coverage_improvements__experiments__lgbm_morgan_r2_only__external_metrics__lgbm_morgan_r2_only__cal_none__thr_f1.csv,confirmed_models,0,fp,42.0
confirmed_models/results_full_coverage_improvements/experiments/lgbm_morgan_r2_only/external_metrics__lgbm_morgan_r2_only__cal_none__thr_f1.csv,confirmed_models__results_full_coverage_improvements__experiments__lgbm_morgan_r2_only__external_metrics__lgbm_morgan_r2_only__cal_none__thr_f1.csv,confirmed_models,0,tn,110.0
confirmed_models/results_full_coverage_improvements/experiments/lgbm_morgan_r2_only/external_metrics__lgbm_morgan_r2_only__cal_none__thr_f1.csv,confirmed_models__results_full_coverage_improvements__experiments__lgbm_morgan_r2_only__external_metrics__lgbm_morgan_r2_only__cal_none__thr_f1.csv,confirmed_models,0,fn,30.0
confirmed_models/results_full_coverage_improvements/experiments/lgbm_morgan_r2_only/external_metrics__lgbm_morgan_r2_only__cal_none__thr_kappa.csv,confirmed_models__results_full_coverage_improvements__experiments__lgbm_morgan_r2_only__external_metrics__lgbm_morgan_r2_only__cal_none__thr_kappa.csv,confirmed_models,0,accuracy,0.7615894039735099
confirmed_models/results_full_coverage_improvements/experiments/lgbm_morgan_r2_only/external_metrics__lgbm_morgan_r2_only__cal_none__thr_kappa.csv,confirmed_models__results_full_coverage_improvements__experiments__lgbm_morgan_r2_only__external_metrics__lgbm_morgan_r2_only__cal_none__thr_kappa.csv,confirmed_models,0,precision,0.7407407407407407
confirmed_models/results_full_coverage_improvements/experiments/lgbm_morgan_r2_only/external_metrics__lgbm_morgan_r2_only__cal_none__thr_kappa.csv,confirmed_models__results_full_coverage_improvements__experiments__lgbm_morgan_r2_only__external_metrics__lgbm_morgan_r2_only__cal_none__thr_kappa.csv,confirmed_models,0,recall,0.8
confirmed_models/results_full_coverage_improvements/experiments/lgbm_morgan_r2_only/external_metrics__lgbm_morgan_r2_only__cal_none__thr_kappa.csv,confirmed_models__results_full_coverage_improvements__experiments__lgbm_morgan_r2_only__external_metrics__lgbm_morgan_r2_only__cal_none__thr_kappa.csv,confirmed_models,0,f1,0.7692307692307693
confirmed_models/results_full_coverage_improvements/experiments/lgbm_morgan_r2_only/external_metrics__lgbm_morgan_r2_only__cal_none__thr_kappa.csv,confirmed_models__results_full_coverage_improvements__experiments__lgbm_morgan_r2_only__external_metrics__lgbm_morgan_r2_only__cal_none__thr_kappa.csv,confirmed_models,0,kappa,0.5234087322461862
confirmed_models/results_full_coverage_improvements/experiments/lgbm_morgan_r2_only/external_metrics__lgbm_morgan_r2_only__cal_none__thr_kappa.csv,confirmed_models__results_full_coverage_improvements__experiments__lgbm_morgan_r2_only__external_metrics__lgbm_morgan_r2_only__cal_none__thr_kappa.csv,confirmed_models,0,auroc,0.8228947368421053
confirmed_models/results_full_coverage_improvements/experiments/lgbm_morgan_r2_only/external_metrics__lgbm_morgan_r2_only__cal_none__thr_kappa.csv,confirmed_models__results_full_coverage_improvements__experiments__lgbm_morgan_r2_only__external_metrics__lgbm_morgan_r2_only__cal_none__thr_kappa.csv,confirmed_models,0,specificity,0.7236842105263158
confirmed_models/results_full_coverage_improvements/experiments/lgbm_morgan_r2_only/external_metrics__lgbm_morgan_r2_only__cal_none__thr_kappa.csv,confirmed_models__results_full_coverage_improvements__experiments__lgbm_morgan_r2_only__external_metrics__lgbm_morgan_r2_only__cal_none__thr_kappa.csv,confirmed_models,0,sensitivity,0.8
confirmed_models/results_full_coverage_improvements/experiments/lgbm_morgan_r2_only/external_metrics__lgbm_morgan_r2_only__cal_none__thr_kappa.csv,confirmed_models__results_full_coverage_improvements__experiments__lgbm_morgan_r2_only__external_metrics__lgbm_morgan_r2_only__cal_none__thr_kappa.csv,confirmed_models,0,mcc,0.5250677907724974
confirmed_models/results_full_coverage_improvements/experiments/lgbm_morgan_r2_only/external_metrics__lgbm_morgan_r2_only__cal_none__thr_kappa.csv,confirmed_models__results_full_coverage_improvements__experiments__lgbm_morgan_r2_only__external_metrics__lgbm_morgan_r2_only__cal_none__thr_kappa.csv,confirmed_models,0,tp,120.0
confirmed_models/results_full_coverage_improvements/experiments/lgbm_morgan_r2_only/external_metrics__lgbm_morgan_r2_only__cal_none__thr_kappa.csv,confirmed_models__results_full_coverage_improvements__experiments__lgbm_morgan_r2_only__external_metrics__lgbm_morgan_r2_only__cal_none__thr_kappa.csv,confirmed_models,0,fp,42.0
confirmed_models/results_full_coverage_improvements/experiments/lgbm_morgan_r2_only/external_metrics__lgbm_morgan_r2_only__cal_none__thr_kappa.csv,confirmed_models__results_full_coverage_improvements__experiments__lgbm_morgan_r2_only__external_metrics__lgbm_morgan_r2_only__cal_none__thr_kappa.csv,confirmed_models,0,tn,110.0
confirmed_models/results_full_coverage_improvements/experiments/lgbm_morgan_r2_only/external_metrics__lgbm_morgan_r2_only__cal_none__thr_kappa.csv,confirmed_models__results_full_coverage_improvements__experiments__lgbm_morgan_r2_only__external_metrics__lgbm_morgan_r2_only__cal_none__thr_kappa.csv,confirmed_models,0,fn,30.0
confirmed_models/results_full_coverage_improvements/experiments/lgbm_morgan_r2_only/external_metrics__lgbm_morgan_r2_only__cal_sigmoid__thr_f1.csv,confirmed_models__results_full_coverage_improvements__experiments__lgbm_morgan_r2_only__external_metrics__lgbm_morgan_r2_only__cal_sigmoid__thr_f1.csv,confirmed_models,0,accuracy,0.7317880794701986
confirmed_models/results_full_coverage_improvements/experiments/lgbm_morgan_r2_only/external_metrics__lgbm_morgan_r2_only__cal_sigmoid__thr_f1.csv,confirmed_models__results_full_coverage_improvements__experiments__lgbm_morgan_r2_only__external_metrics__lgbm_morgan_r2_only__cal_sigmoid__thr_f1.csv,confirmed_models,0,precision,0.6864864864864865
confirmed_models/results_full_coverage_improvements/experiments/lgbm_morgan_r2_only/external_metrics__lgbm_morgan_r2_only__cal_sigmoid__thr_f1.csv,confirmed_models__results_full_coverage_improvements__experiments__lgbm_morgan_r2_only__external_metrics__lgbm_morgan_r2_only__cal_sigmoid__thr_f1.csv,confirmed_models,0,recall,0.8466666666666667
confirmed_models/results_full_coverage_improvements/experiments/lgbm_morgan_r2_only/external_metrics__lgbm_morgan_r2_only__cal_sigmoid__thr_f1.csv,confirmed_models__results_full_coverage_improvements__experiments__lgbm_morgan_r2_only__external_metrics__lgbm_morgan_r2_only__cal_sigmoid__thr_f1.csv,confirmed_models,0,f1,0.7582089552238805
confirmed_models/results_full_coverage_improvements/experiments/lgbm_morgan_r2_only/external_metrics__lgbm_morgan_r2_only__cal_sigmoid__thr_f1.csv,confirmed_models__results_full_coverage_improvements__experiments__lgbm_morgan_r2_only__external_metrics__lgbm_morgan_r2_only__cal_sigmoid__thr_f1.csv,confirmed_models,0,kappa,0.4643748631486752
confirmed_models/results_full_coverage_improvements/experiments/lgbm_morgan_r2_only/external_metrics__lgbm_morgan_r2_only__cal_sigmoid__thr_f1.csv,confirmed_models__results_full_coverage_improvements__experiments__lgbm_morgan_r2_only__external_metrics__lgbm_morgan_r2_only__cal_sigmoid__thr_f1.csv,confirmed_models,0,auroc,0.8228947368421053
confirmed_models/results_full_coverage_improvements/experiments/lgbm_morgan_r2_only/external_metrics__lgbm_morgan_r2_only__cal_sigmoid__thr_f1.csv,confirmed_models__results_full_coverage_improvements__experiments__lgbm_morgan_r2_only__external_metrics__lgbm_morgan_r2_only__cal_sigmoid__thr_f1.csv,confirmed_models,0,specificity,0.618421052631579
confirmed_models/results_full_coverage_improvements/experiments/lgbm_morgan_r2_only/external_metrics__lgbm_morgan_r2_only__cal_sigmoid__thr_f1.csv,confirmed_models__results_full_coverage_improvements__experiments__lgbm_morgan_r2_only__external_metrics__lgbm_morgan_r2_only__cal_sigmoid__thr_f1.csv,confirmed_models,0,sensitivity,0.8466666666666667
confirmed_models/results_full_coverage_improvements/experiments/lgbm_morgan_r2_only/external_metrics__lgbm_morgan_r2_only__cal_sigmoid__thr_f1.csv,confirmed_models__results_full_coverage_improvements__experiments__lgbm_morgan_r2_only__external_metrics__lgbm_morgan_r2_only__cal_sigmoid__thr_f1.csv,confirmed_models,0,mcc,0.4773352427321883
confirmed_models/results_full_coverage_improvements/experiments/lgbm_morgan_r2_only/external_metrics__lgbm_morgan_r2_only__cal_sigmoid__thr_f1.csv,confirmed_models__results_full_coverage_improvements__experiments__lgbm_morgan_r2_only__external_metrics__lgbm_morgan_r2_only__cal_sigmoid__thr_f1.csv,confirmed_models,0,tp,127.0
confirmed_models/results_full_coverage_improvements/experiments/lgbm_morgan_r2_only/external_metrics__lgbm_morgan_r2_only__cal_sigmoid__thr_f1.csv,confirmed_models__results_full_coverage_improvements__experiments__lgbm_morgan_r2_only__external_metrics__lgbm_morgan_r2_only__cal_sigmoid__thr_f1.csv,confirmed_models,0,fp,58.0
confirmed_models/results_full_coverage_improvements/experiments/lgbm_morgan_r2_only/external_metrics__lgbm_morgan_r2_only__cal_sigmoid__thr_f1.csv,confirmed_models__results_full_coverage_improvements__experiments__lgbm_morgan_r2_only__external_metrics__lgbm_morgan_r2_only__cal_sigmoid__thr_f1.csv,confirmed_models,0,tn,94.0
confirmed_models/results_full_coverage_improvements/experiments/lgbm_morgan_r2_only/external_metrics__lgbm_morgan_r2_only__cal_sigmoid__thr_f1.csv,confirmed_models__results_full_coverage_improvements__experiments__lgbm_morgan_r2_only__external_metrics__lgbm_morgan_r2_only__cal_sigmoid__thr_f1.csv,confirmed_models,0,fn,23.0
confirmed_models/results_full_coverage_improvements/experiments/lgbm_morgan_r2_only/external_metrics__lgbm_morgan_r2_only__cal_sigmoid__thr_kappa.csv,confirmed_models__results_full_coverage_improvements__experiments__lgbm_morgan_r2_only__external_metrics__lgbm_morgan_r2_only__cal_sigmoid__thr_kappa.csv,confirmed_models,0,accuracy,0.7615894039735099
confirmed_models/results_full_coverage_improvements/experiments/lgbm_morgan_r2_only/external_metrics__lgbm_morgan_r2_only__cal_sigmoid__thr_kappa.csv,confirmed_models__results_full_coverage_improvements__experiments__lgbm_morgan_r2_only__external_metrics__lgbm_morgan_r2_only__cal_sigmoid__thr_kappa.csv,confirmed_models,0,precision,0.7746478873239436
confirmed_models/results_full_coverage_improvements/experiments/lgbm_morgan_r2_only/external_metrics__lgbm_morgan_r2_only__cal_sigmoid__thr_kappa.csv,confirmed_models__results_full_coverage_improvements__experiments__lgbm_morgan_r2_only__external_metrics__lgbm_morgan_r2_only__cal_sigmoid__thr_kappa.csv,confirmed_models,0,recall,0.7333333333333333
confirmed_models/results_full_coverage_improvements/experiments/lgbm_morgan_r2_only/external_metrics__lgbm_morgan_r2_only__cal_sigmoid__thr_kappa.csv,confirmed_models__results_full_coverage_improvements__experiments__lgbm_morgan_r2_only__external_metrics__lgbm_morgan_r2_only__cal_sigmoid__thr_kappa.csv,confirmed_models,0,f1,0.7534246575342466
confirmed_models/results_full_coverage_improvements/experiments/lgbm_morgan_r2_only/external_metrics__lgbm_morgan_r2_only__cal_sigmoid__thr_kappa.csv,confirmed_models__results_full_coverage_improvements__experiments__lgbm_morgan_r2_only__external_metrics__lgbm_morgan_r2_only__cal_sigmoid__thr_kappa.csv,confirmed_models,0,kappa,0.522990522990523
confirmed_models/results_full_coverage_improvements/experiments/lgbm_morgan_r2_only/external_metrics__lgbm_morgan_r2_only__cal_sigmoid__thr_kappa.csv,confirmed_models__results_full_coverage_improvements__experiments__lgbm_morgan_r2_only__external_metrics__lgbm_morgan_r2_only__cal_sigmoid__thr_kappa.csv,confirmed_models,0,auroc,0.8228947368421053
confirmed_models/results_full_coverage_improvements/experiments/lgbm_morgan_r2_only/external_metrics__lgbm_morgan_r2_only__cal_sigmoid__thr_kappa.csv,confirmed_models__results_full_coverage_improvements__experiments__lgbm_morgan_r2_only__external_metrics__lgbm_morgan_r2_only__cal_sigmoid__thr_kappa.csv,confirmed_models,0,specificity,0.7894736842105263
confirmed_models/results_full_coverage_improvements/experiments/lgbm_morgan_r2_only/external_metrics__lgbm_morgan_r2_only__cal_sigmoid__thr_kappa.csv,confirmed_models__results_full_coverage_improvements__experiments__lgbm_morgan_r2_only__external_metrics__lgbm_morgan_r2_only__cal_sigmoid__thr_kappa.csv,confirmed_models,0,sensitivity,0.7333333333333333
confirmed_models/results_full_coverage_improvements/experiments/lgbm_morgan_r2_only/external_metrics__lgbm_morgan_r2_only__cal_sigmoid__thr_kappa.csv,confirmed_models__results_full_coverage_improvements__experiments__lgbm_morgan_r2_only__external_metrics__lgbm_morgan_r2_only__cal_sigmoid__thr_kappa.csv,confirmed_models,0,mcc,0.5237266436152718
confirmed_models/results_full_coverage_improvements/experiments/lgbm_morgan_r2_only/external_metrics__lgbm_morgan_r2_only__cal_sigmoid__thr_kappa.csv,confirmed_models__results_full_coverage_improvements__experiments__lgbm_morgan_r2_only__external_metrics__lgbm_morgan_r2_only__cal_sigmoid__thr_kappa.csv,confirmed_models,0,tp,110.0
confirmed_models/results_full_coverage_improvements/experiments/lgbm_morgan_r2_only/external_metrics__lgbm_morgan_r2_only__cal_sigmoid__thr_kappa.csv,confirmed_models__results_full_coverage_improvements__experiments__lgbm_morgan_r2_only__external_metrics__lgbm_morgan_r2_only__cal_sigmoid__thr_kappa.csv,confirmed_models,0,fp,32.0
confirmed_models/results_full_coverage_improvements/experiments/lgbm_morgan_r2_only/external_metrics__lgbm_morgan_r2_only__cal_sigmoid__thr_kappa.csv,confirmed_models__results_full_coverage_improvements__experiments__lgbm_morgan_r2_only__external_metrics__lgbm_morgan_r2_only__cal_sigmoid__thr_kappa.csv,confirmed_models,0,tn,120.0
confirmed_models/results_full_coverage_improvements/experiments/lgbm_morgan_r2_only/external_metrics__lgbm_morgan_r2_only__cal_sigmoid__thr_kappa.csv,confirmed_models__results_full_coverage_improvements__experiments__lgbm_morgan_r2_only__external_metrics__lgbm_morgan_r2_only__cal_sigmoid__thr_kappa.csv,confirmed_models,0,fn,40.0
confirmed_models/results_full_coverage_improvements/experiments/lgbm_morgan_r2_plus_knn_probs/external_metrics__lgbm_morgan_r2_plus_knn_probs__cal_isotonic__thr_f1.csv,confirmed_models__results_full_coverage_improvements__experiments__lgbm_morgan_r2_plus_knn_probs__external_metrics__lgbm_morgan_r2_plus_knn_probs__cal_isotonic__thr_f1.csv,confirmed_models,0,accuracy,0.7715231788079471
confirmed_models/results_full_coverage_improvements/experiments/lgbm_morgan_r2_plus_knn_probs/external_metrics__lgbm_morgan_r2_plus_knn_probs__cal_isotonic__thr_f1.csv,confirmed_models__results_full_coverage_improvements__experiments__lgbm_morgan_r2_plus_knn_probs__external_metrics__lgbm_morgan_r2_plus_knn_probs__cal_isotonic__thr_f1.csv,confirmed_models,0,precision,0.8785046728971962
confirmed_models/results_full_coverage_improvements/experiments/lgbm_morgan_r2_plus_knn_probs/external_metrics__lgbm_morgan_r2_plus_knn_probs__cal_isotonic__thr_f1.csv,confirmed_models__results_full_coverage_improvements__experiments__lgbm_morgan_r2_plus_knn_probs__external_metrics__lgbm_morgan_r2_plus_knn_probs__cal_isotonic__thr_f1.csv,confirmed_models,0,recall,0.6266666666666667
confirmed_models/results_full_coverage_improvements/experiments/lgbm_morgan_r2_plus_knn_probs/external_metrics__lgbm_morgan_r2_plus_knn_probs__cal_isotonic__thr_f1.csv,confirmed_models__results_full_coverage_improvements__experiments__lgbm_morgan_r2_plus_knn_probs__external_metrics__lgbm_morgan_r2_plus_knn_probs__cal_isotonic__thr_f1.csv,confirmed_models,0,f1,0.7315175097276264
confirmed_models/results_full_coverage_improvements/experiments/lgbm_morgan_r2_plus_knn_probs/external_metrics__lgbm_morgan_r2_plus_knn_probs__cal_isotonic__thr_f1.csv,confirmed_models__results_full_coverage_improvements__experiments__lgbm_morgan_r2_plus_knn_probs__external_metrics__lgbm_morgan_r2_plus_knn_probs__cal_isotonic__thr_f1.csv,confirmed_models,0,kappa,0.542162850990904
confirmed_models/results_full_coverage_improvements/experiments/lgbm_morgan_r2_plus_knn_probs/external_metrics__lgbm_morgan_r2_plus_knn_probs__cal_isotonic__thr_f1.csv,confirmed_models__results_full_coverage_improvements__experiments__lgbm_morgan_r2_plus_knn_probs__external_metrics__lgbm_morgan_r2_plus_knn_probs__cal_isotonic__thr_f1.csv,confirmed_models,0,auroc,0.8289035087719299
confirmed_models/results_full_coverage_improvements/experiments/lgbm_morgan_r2_plus_knn_probs/external_metrics__lgbm_morgan_r2_plus_knn_probs__cal_isotonic__thr_f1.csv,confirmed_models__results_full_coverage_improvements__experiments__lgbm_morgan_r2_plus_knn_probs__external_metrics__lgbm_morgan_r2_plus_knn_probs__cal_isotonic__thr_f1.csv,confirmed_models,0,specificity,0.9144736842105264
confirmed_models/results_full_coverage_improvements/experiments/lgbm_morgan_r2_plus_knn_probs/external_metrics__lgbm_morgan_r2_plus_knn_probs__cal_isotonic__thr_f1.csv,confirmed_models__results_full_coverage_improvements__experiments__lgbm_morgan_r2_plus_knn_probs__external_metrics__lgbm_morgan_r2_plus_knn_probs__cal_isotonic__thr_f1.csv,confirmed_models,0,sensitivity,0.6266666666666667
confirmed_models/results_full_coverage_improvements/experiments/lgbm_morgan_r2_plus_knn_probs/external_metrics__lgbm_morgan_r2_plus_knn_probs__cal_isotonic__thr_f1.csv,confirmed_models__results_full_coverage_improvements__experiments__lgbm_morgan_r2_plus_knn_probs__external_metrics__lgbm_morgan_r2_plus_knn_probs__cal_isotonic__thr_f1.csv,confirmed_models,0,mcc,0.5656765139917004
confirmed_models/results_full_coverage_improvements/experiments/lgbm_morgan_r2_plus_knn_probs/external_metrics__lgbm_morgan_r2_plus_knn_probs__cal_isotonic__thr_f1.csv,confirmed_models__results_full_coverage_improvements__experiments__lgbm_morgan_r2_plus_knn_probs__external_metrics__lgbm_morgan_r2_plus_knn_probs__cal_isotonic__thr_f1.csv,confirmed_models,0,tp,94.0
confirmed_models/results_full_coverage_improvements/experiments/lgbm_morgan_r2_plus_knn_probs/external_metrics__lgbm_morgan_r2_plus_knn_probs__cal_isotonic__thr_f1.csv,confirmed_models__results_full_coverage_improvements__experiments__lgbm_morgan_r2_plus_knn_probs__external_metrics__lgbm_morgan_r2_plus_knn_probs__cal_isotonic__thr_f1.csv,confirmed_models,0,fp,13.0
confirmed_models/results_full_coverage_improvements/experiments/lgbm_morgan_r2_plus_knn_probs/external_metrics__lgbm_morgan_r2_plus_knn_probs__cal_isotonic__thr_f1.csv,confirmed_models__results_full_coverage_improvements__experiments__lgbm_morgan_r2_plus_knn_probs__external_metrics__lgbm_morgan_r2_plus_knn_probs__cal_isotonic__thr_f1.csv,confirmed_models,0,tn,139.0
confirmed_models/results_full_coverage_improvements/experiments/lgbm_morgan_r2_plus_knn_probs/external_metrics__lgbm_morgan_r2_plus_knn_probs__cal_isotonic__thr_f1.csv,confirmed_models__results_full_coverage_improvements__experiments__lgbm_morgan_r2_plus_knn_probs__external_metrics__lgbm_morgan_r2_plus_knn_probs__cal_isotonic__thr_f1.csv,confirmed_models,0,fn,56.0
confirmed_models/results_full_coverage_improvements/experiments/lgbm_morgan_r2_plus_knn_probs/external_metrics__lgbm_morgan_r2_plus_knn_probs__cal_isotonic__thr_kappa.csv,confirmed_models__results_full_coverage_improvements__experiments__lgbm_morgan_r2_plus_knn_probs__external_metrics__lgbm_morgan_r2_plus_knn_probs__cal_isotonic__thr_kappa.csv,confirmed_models,0,accuracy,0.6887417218543046
confirmed_models/results_full_coverage_improvements/experiments/lgbm_morgan_r2_plus_knn_probs/external_metrics__lgbm_morgan_r2_plus_knn_probs__cal_isotonic__thr_kappa.csv,confirmed_models__results_full_coverage_improvements__experiments__lgbm_morgan_r2_plus_knn_probs__external_metrics__lgbm_morgan_r2_plus_knn_probs__cal_isotonic__thr_kappa.csv,confirmed_models,0,precision,0.9242424242424242
confirmed_models/results_full_coverage_improvements/experiments/lgbm_morgan_r2_plus_knn_probs/external_metrics__lgbm_morgan_r2_plus_knn_probs__cal_isotonic__thr_kappa.csv,confirmed_models__results_full_coverage_improvements__experiments__lgbm_morgan_r2_plus_knn_probs__external_metrics__lgbm_morgan_r2_plus_knn_probs__cal_isotonic__thr_kappa.csv,confirmed_models,0,recall,0.4066666666666667
confirmed_models/results_full_coverage_improvements/experiments/lgbm_morgan_r2_plus_knn_probs/external_metrics__lgbm_morgan_r2_plus_knn_probs__cal_isotonic__thr_kappa.csv,confirmed_models__results_full_coverage_improvements__experiments__lgbm_morgan_r2_plus_knn_probs__external_metrics__lgbm_morgan_r2_plus_knn_probs__cal_isotonic__thr_kappa.csv,confirmed_models,0,f1,0.5648148148148148
confirmed_models/results_full_coverage_improvements/experiments/lgbm_morgan_r2_plus_knn_probs/external_metrics__lgbm_morgan_r2_plus_knn_probs__cal_isotonic__thr_kappa.csv,confirmed_models__results_full_coverage_improvements__experiments__lgbm_morgan_r2_plus_knn_probs__external_metrics__lgbm_morgan_r2_plus_knn_probs__cal_isotonic__thr_kappa.csv,confirmed_models,0,kappa,0.3751540764219052
confirmed_models/results_full_coverage_improvements/experiments/lgbm_morgan_r2_plus_knn_probs/external_metrics__lgbm_morgan_r2_plus_knn_probs__cal_isotonic__thr_kappa.csv,confirmed_models__results_full_coverage_improvements__experiments__lgbm_morgan_r2_plus_knn_probs__external_metrics__lgbm_morgan_r2_plus_knn_probs__cal_isotonic__thr_kappa.csv,confirmed_models,0,auroc,0.8289035087719299
confirmed_models/results_full_coverage_improvements/experiments/lgbm_morgan_r2_plus_knn_probs/external_metrics__lgbm_morgan_r2_plus_knn_probs__cal_isotonic__thr_kappa.csv,confirmed_models__results_full_coverage_improvements__experiments__lgbm_morgan_r2_plus_knn_probs__external_metrics__lgbm_morgan_r2_plus_knn_probs__cal_isotonic__thr_kappa.csv,confirmed_models,0,specificity,0.9671052631578948
confirmed_models/results_full_coverage_improvements/experiments/lgbm_morgan_r2_plus_knn_probs/external_metrics__lgbm_morgan_r2_plus_knn_probs__cal_isotonic__thr_kappa.csv,confirmed_models__results_full_coverage_improvements__experiments__lgbm_morgan_r2_plus_knn_probs__external_metrics__lgbm_morgan_r2_plus_knn_probs__cal_isotonic__thr_kappa.csv,confirmed_models,0,sensitivity,0.4066666666666667
confirmed_models/results_full_coverage_improvements/experiments/lgbm_morgan_r2_plus_knn_probs/external_metrics__lgbm_morgan_r2_plus_knn_probs__cal_isotonic__thr_kappa.csv,confirmed_models__results_full_coverage_improvements__experiments__lgbm_morgan_r2_plus_knn_probs__external_metrics__lgbm_morgan_r2_plus_knn_probs__cal_isotonic__thr_kappa.csv,confirmed_models,0,mcc,0.4522162217001726
confirmed_models/results_full_coverage_improvements/experiments/lgbm_morgan_r2_plus_knn_probs/external_metrics__lgbm_morgan_r2_plus_knn_probs__cal_isotonic__thr_kappa.csv,confirmed_models__results_full_coverage_improvements__experiments__lgbm_morgan_r2_plus_knn_probs__external_metrics__lgbm_morgan_r2_plus_knn_probs__cal_isotonic__thr_kappa.csv,confirmed_models,0,tp,61.0
confirmed_models/results_full_coverage_improvements/experiments/lgbm_morgan_r2_plus_knn_probs/external_metrics__lgbm_morgan_r2_plus_knn_probs__cal_isotonic__thr_kappa.csv,confirmed_models__results_full_coverage_improvements__experiments__lgbm_morgan_r2_plus_knn_probs__external_metrics__lgbm_morgan_r2_plus_knn_probs__cal_isotonic__thr_kappa.csv,confirmed_models,0,fp,5.0
confirmed_models/results_full_coverage_improvements/experiments/lgbm_morgan_r2_plus_knn_probs/external_metrics__lgbm_morgan_r2_plus_knn_probs__cal_isotonic__thr_kappa.csv,confirmed_models__results_full_coverage_improvements__experiments__lgbm_morgan_r2_plus_knn_probs__external_metrics__lgbm_morgan_r2_plus_knn_probs__cal_isotonic__thr_kappa.csv,confirmed_models,0,tn,147.0
confirmed_models/results_full_coverage_improvements/experiments/lgbm_morgan_r2_plus_knn_probs/external_metrics__lgbm_morgan_r2_plus_knn_probs__cal_isotonic__thr_kappa.csv,confirmed_models__results_full_coverage_improvements__experiments__lgbm_morgan_r2_plus_knn_probs__external_metrics__lgbm_morgan_r2_plus_knn_probs__cal_isotonic__thr_kappa.csv,confirmed_models,0,fn,89.0
confirmed_models/results_full_coverage_improvements/experiments/lgbm_morgan_r2_plus_knn_probs/external_metrics__lgbm_morgan_r2_plus_knn_probs__cal_none__thr_f1.csv,confirmed_models__results_full_coverage_improvements__experiments__lgbm_morgan_r2_plus_knn_probs__external_metrics__lgbm_morgan_r2_plus_knn_probs__cal_none__thr_f1.csv,confirmed_models,0,accuracy,0.7748344370860927
confirmed_models/results_full_coverage_improvements/experiments/lgbm_morgan_r2_plus_knn_probs/external_metrics__lgbm_morgan_r2_plus_knn_probs__cal_none__thr_f1.csv,confirmed_models__results_full_coverage_improvements__experiments__lgbm_morgan_r2_plus_knn_probs__external_metrics__lgbm_morgan_r2_plus_knn_probs__cal_none__thr_f1.csv,confirmed_models,0,precision,0.8596491228070176
confirmed_models/results_full_coverage_improvements/experiments/lgbm_morgan_r2_plus_knn_probs/external_metrics__lgbm_morgan_r2_plus_knn_probs__cal_none__thr_f1.csv,confirmed_models__results_full_coverage_improvements__experiments__lgbm_morgan_r2_plus_knn_probs__external_metrics__lgbm_morgan_r2_plus_knn_probs__cal_none__thr_f1.csv,confirmed_models,0,recall,0.6533333333333333
confirmed_models/results_full_coverage_improvements/experiments/lgbm_morgan_r2_plus_knn_probs/external_metrics__lgbm_morgan_r2_plus_knn_probs__cal_none__thr_f1.csv,confirmed_models__results_full_coverage_improvements__experiments__lgbm_morgan_r2_plus_knn_probs__external_metrics__lgbm_morgan_r2_plus_knn_probs__cal_none__thr_f1.csv,confirmed_models,0,f1,0.7424242424242424
confirmed_models/results_full_coverage_improvements/experiments/lgbm_morgan_r2_plus_knn_probs/external_metrics__lgbm_morgan_r2_plus_knn_probs__cal_none__thr_f1.csv,confirmed_models__results_full_coverage_improvements__experiments__lgbm_morgan_r2_plus_knn_probs__external_metrics__lgbm_morgan_r2_plus_knn_probs__cal_none__thr_f1.csv,confirmed_models,0,kappa,0.5489369179406081
confirmed_models/results_full_coverage_improvements/experiments/lgbm_morgan_r2_plus_knn_probs/external_metrics__lgbm_morgan_r2_plus_knn_probs__cal_none__thr_f1.csv,confirmed_models__results_full_coverage_improvements__experiments__lgbm_morgan_r2_plus_knn_probs__external_metrics__lgbm_morgan_r2_plus_knn_probs__cal_none__thr_f1.csv,confirmed_models,0,auroc,0.8536403508771929
confirmed_models/results_full_coverage_improvements/experiments/lgbm_morgan_r2_plus_knn_probs/external_metrics__lgbm_morgan_r2_plus_knn_probs__cal_none__thr_f1.csv,confirmed_models__results_full_coverage_improvements__experiments__lgbm_morgan_r2_plus_knn_probs__external_metrics__lgbm_morgan_r2_plus_knn_probs__cal_none__thr_f1.csv,confirmed_models,0,specificity,0.8947368421052632
confirmed_models/results_full_coverage_improvements/experiments/lgbm_morgan_r2_plus_knn_probs/external_metrics__lgbm_morgan_r2_plus_knn_probs__cal_none__thr_f1.csv,confirmed_models__results_full_coverage_improvements__experiments__lgbm_morgan_r2_plus_knn_probs__external_metrics__lgbm_morgan_r2_plus_knn_probs__cal_none__thr_f1.csv,confirmed_models,0,sensitivity,0.6533333333333333
confirmed_models/results_full_coverage_improvements/experiments/lgbm_morgan_r2_plus_knn_probs/external_metrics__lgbm_morgan_r2_plus_knn_probs__cal_none__thr_f1.csv,confirmed_models__results_full_coverage_improvements__experiments__lgbm_morgan_r2_plus_knn_probs__external_metrics__lgbm_morgan_r2_plus_knn_probs__cal_none__thr_f1.csv,confirmed_models,0,mcc,0.5652912233881527
confirmed_models/results_full_coverage_improvements/experiments/lgbm_morgan_r2_plus_knn_probs/external_metrics__lgbm_morgan_r2_plus_knn_probs__cal_none__thr_f1.csv,confirmed_models__results_full_coverage_improvements__experiments__lgbm_morgan_r2_plus_knn_probs__external_metrics__lgbm_morgan_r2_plus_knn_probs__cal_none__thr_f1.csv,confirmed_models,0,tp,98.0
confirmed_models/results_full_coverage_improvements/experiments/lgbm_morgan_r2_plus_knn_probs/external_metrics__lgbm_morgan_r2_plus_knn_probs__cal_none__thr_f1.csv,confirmed_models__results_full_coverage_improvements__experiments__lgbm_morgan_r2_plus_knn_probs__external_metrics__lgbm_morgan_r2_plus_knn_probs__cal_none__thr_f1.csv,confirmed_models,0,fp,16.0
confirmed_models/results_full_coverage_improvements/experiments/lgbm_morgan_r2_plus_knn_probs/external_metrics__lgbm_morgan_r2_plus_knn_probs__cal_none__thr_f1.csv,confirmed_models__results_full_coverage_improvements__experiments__lgbm_morgan_r2_plus_knn_probs__external_metrics__lgbm_morgan_r2_plus_knn_probs__cal_none__thr_f1.csv,confirmed_models,0,tn,136.0
confirmed_models/results_full_coverage_improvements/experiments/lgbm_morgan_r2_plus_knn_probs/external_metrics__lgbm_morgan_r2_plus_knn_probs__cal_none__thr_f1.csv,confirmed_models__results_full_coverage_improvements__experiments__lgbm_morgan_r2_plus_knn_probs__external_metrics__lgbm_morgan_r2_plus_knn_probs__cal_none__thr_f1.csv,confirmed_models,0,fn,52.0
confirmed_models/results_full_coverage_improvements/experiments/lgbm_morgan_r2_plus_knn_probs/external_metrics__lgbm_morgan_r2_plus_knn_probs__cal_none__thr_kappa.csv,confirmed_models__results_full_coverage_improvements__experiments__lgbm_morgan_r2_plus_knn_probs__external_metrics__lgbm_morgan_r2_plus_knn_probs__cal_none__thr_kappa.csv,confirmed_models,0,accuracy,0.7748344370860927
confirmed_models/results_full_coverage_improvements/experiments/lgbm_morgan_r2_plus_knn_probs/external_metrics__lgbm_morgan_r2_plus_knn_probs__cal_none__thr_kappa.csv,confirmed_models__results_full_coverage_improvements__experiments__lgbm_morgan_r2_plus_knn_probs__external_metrics__lgbm_morgan_r2_plus_knn_probs__cal_none__thr_kappa.csv,confirmed_models,0,precision,0.8596491228070176
confirmed_models/results_full_coverage_improvements/experiments/lgbm_morgan_r2_plus_knn_probs/external_metrics__lgbm_morgan_r2_plus_knn_probs__cal_none__thr_kappa.csv,confirmed_models__results_full_coverage_improvements__experiments__lgbm_morgan_r2_plus_knn_probs__external_metrics__lgbm_morgan_r2_plus_knn_probs__cal_none__thr_kappa.csv,confirmed_models,0,recall,0.6533333333333333
confirmed_models/results_full_coverage_improvements/experiments/lgbm_morgan_r2_plus_knn_probs/external_metrics__lgbm_morgan_r2_plus_knn_probs__cal_none__thr_kappa.csv,confirmed_models__results_full_coverage_improvements__experiments__lgbm_morgan_r2_plus_knn_probs__external_metrics__lgbm_morgan_r2_plus_knn_probs__cal_none__thr_kappa.csv,confirmed_models,0,f1,0.7424242424242424
confirmed_models/results_full_coverage_improvements/experiments/lgbm_morgan_r2_plus_knn_probs/external_metrics__lgbm_morgan_r2_plus_knn_probs__cal_none__thr_kappa.csv,confirmed_models__results_full_coverage_improvements__experiments__lgbm_morgan_r2_plus_knn_probs__external_metrics__lgbm_morgan_r2_plus_knn_probs__cal_none__thr_kappa.csv,confirmed_models,0,kappa,0.5489369179406081
confirmed_models/results_full_coverage_improvements/experiments/lgbm_morgan_r2_plus_knn_probs/external_metrics__lgbm_morgan_r2_plus_knn_probs__cal_none__thr_kappa.csv,confirmed_models__results_full_coverage_improvements__experiments__lgbm_morgan_r2_plus_knn_probs__external_metrics__lgbm_morgan_r2_plus_knn_probs__cal_none__thr_kappa.csv,confirmed_models,0,auroc,0.8536403508771929
confirmed_models/results_full_coverage_improvements/experiments/lgbm_morgan_r2_plus_knn_probs/external_metrics__lgbm_morgan_r2_plus_knn_probs__cal_none__thr_kappa.csv,confirmed_models__results_full_coverage_improvements__experiments__lgbm_morgan_r2_plus_knn_probs__external_metrics__lgbm_morgan_r2_plus_knn_probs__cal_none__thr_kappa.csv,confirmed_models,0,specificity,0.8947368421052632
confirmed_models/results_full_coverage_improvements/experiments/lgbm_morgan_r2_plus_knn_probs/external_metrics__lgbm_morgan_r2_plus_knn_probs__cal_none__thr_kappa.csv,confirmed_models__results_full_coverage_improvements__experiments__lgbm_morgan_r2_plus_knn_probs__external_metrics__lgbm_morgan_r2_plus_knn_probs__cal_none__thr_kappa.csv,confirmed_models,0,sensitivity,0.6533333333333333
confirmed_models/results_full_coverage_improvements/experiments/lgbm_morgan_r2_plus_knn_probs/external_metrics__lgbm_morgan_r2_plus_knn_probs__cal_none__thr_kappa.csv,confirmed_models__results_full_coverage_improvements__experiments__lgbm_morgan_r2_plus_knn_probs__external_metrics__lgbm_morgan_r2_plus_knn_probs__cal_none__thr_kappa.csv,confirmed_models,0,mcc,0.5652912233881527
confirmed_models/results_full_coverage_improvements/experiments/lgbm_morgan_r2_plus_knn_probs/external_metrics__lgbm_morgan_r2_plus_knn_probs__cal_none__thr_kappa.csv,confirmed_models__results_full_coverage_improvements__experiments__lgbm_morgan_r2_plus_knn_probs__external_metrics__lgbm_morgan_r2_plus_knn_probs__cal_none__thr_kappa.csv,confirmed_models,0,tp,98.0
confirmed_models/results_full_coverage_improvements/experiments/lgbm_morgan_r2_plus_knn_probs/external_metrics__lgbm_morgan_r2_plus_knn_probs__cal_none__thr_kappa.csv,confirmed_models__results_full_coverage_improvements__experiments__lgbm_morgan_r2_plus_knn_probs__external_metrics__lgbm_morgan_r2_plus_knn_probs__cal_none__thr_kappa.csv,confirmed_models,0,fp,16.0
confirmed_models/results_full_coverage_improvements/experiments/lgbm_morgan_r2_plus_knn_probs/external_metrics__lgbm_morgan_r2_plus_knn_probs__cal_none__thr_kappa.csv,confirmed_models__results_full_coverage_improvements__experiments__lgbm_morgan_r2_plus_knn_probs__external_metrics__lgbm_morgan_r2_plus_knn_probs__cal_none__thr_kappa.csv,confirmed_models,0,tn,136.0
confirmed_models/results_full_coverage_improvements/experiments/lgbm_morgan_r2_plus_knn_probs/external_metrics__lgbm_morgan_r2_plus_knn_probs__cal_none__thr_kappa.csv,confirmed_models__results_full_coverage_improvements__experiments__lgbm_morgan_r2_plus_knn_probs__external_metrics__lgbm_morgan_r2_plus_knn_probs__cal_none__thr_kappa.csv,confirmed_models,0,fn,52.0
confirmed_models/results_full_coverage_improvements/experiments/lgbm_morgan_r2_plus_knn_probs/external_metrics__lgbm_morgan_r2_plus_knn_probs__cal_sigmoid__thr_f1.csv,confirmed_models__results_full_coverage_improvements__experiments__lgbm_morgan_r2_plus_knn_probs__external_metrics__lgbm_morgan_r2_plus_knn_probs__cal_sigmoid__thr_f1.csv,confirmed_models,0,accuracy,0.7748344370860927
confirmed_models/results_full_coverage_improvements/experiments/lgbm_morgan_r2_plus_knn_probs/external_metrics__lgbm_morgan_r2_plus_knn_probs__cal_sigmoid__thr_f1.csv,confirmed_models__results_full_coverage_improvements__experiments__lgbm_morgan_r2_plus_knn_probs__external_metrics__lgbm_morgan_r2_plus_knn_probs__cal_sigmoid__thr_f1.csv,confirmed_models,0,precision,0.8596491228070176
confirmed_models/results_full_coverage_improvements/experiments/lgbm_morgan_r2_plus_knn_probs/external_metrics__lgbm_morgan_r2_plus_knn_probs__cal_sigmoid__thr_f1.csv,confirmed_models__results_full_coverage_improvements__experiments__lgbm_morgan_r2_plus_knn_probs__external_metrics__lgbm_morgan_r2_plus_knn_probs__cal_sigmoid__thr_f1.csv,confirmed_models,0,recall,0.6533333333333333
confirmed_models/results_full_coverage_improvements/experiments/lgbm_morgan_r2_plus_knn_probs/external_metrics__lgbm_morgan_r2_plus_knn_probs__cal_sigmoid__thr_f1.csv,confirmed_models__results_full_coverage_improvements__experiments__lgbm_morgan_r2_plus_knn_probs__external_metrics__lgbm_morgan_r2_plus_knn_probs__cal_sigmoid__thr_f1.csv,confirmed_models,0,f1,0.7424242424242424
confirmed_models/results_full_coverage_improvements/experiments/lgbm_morgan_r2_plus_knn_probs/external_metrics__lgbm_morgan_r2_plus_knn_probs__cal_sigmoid__thr_f1.csv,confirmed_models__results_full_coverage_improvements__experiments__lgbm_morgan_r2_plus_knn_probs__external_metrics__lgbm_morgan_r2_plus_knn_probs__cal_sigmoid__thr_f1.csv,confirmed_models,0,kappa,0.5489369179406081
confirmed_models/results_full_coverage_improvements/experiments/lgbm_morgan_r2_plus_knn_probs/external_metrics__lgbm_morgan_r2_plus_knn_probs__cal_sigmoid__thr_f1.csv,confirmed_models__results_full_coverage_improvements__experiments__lgbm_morgan_r2_plus_knn_probs__external_metrics__lgbm_morgan_r2_plus_knn_probs__cal_sigmoid__thr_f1.csv,confirmed_models,0,auroc,0.8536403508771929
confirmed_models/results_full_coverage_improvements/experiments/lgbm_morgan_r2_plus_knn_probs/external_metrics__lgbm_morgan_r2_plus_knn_probs__cal_sigmoid__thr_f1.csv,confirmed_models__results_full_coverage_improvements__experiments__lgbm_morgan_r2_plus_knn_probs__external_metrics__lgbm_morgan_r2_plus_knn_probs__cal_sigmoid__thr_f1.csv,confirmed_models,0,specificity,0.8947368421052632
confirmed_models/results_full_coverage_improvements/experiments/lgbm_morgan_r2_plus_knn_probs/external_metrics__lgbm_morgan_r2_plus_knn_probs__cal_sigmoid__thr_f1.csv,confirmed_models__results_full_coverage_improvements__experiments__lgbm_morgan_r2_plus_knn_probs__external_metrics__lgbm_morgan_r2_plus_knn_probs__cal_sigmoid__thr_f1.csv,confirmed_models,0,sensitivity,0.6533333333333333
confirmed_models/results_full_coverage_improvements/experiments/lgbm_morgan_r2_plus_knn_probs/external_metrics__lgbm_morgan_r2_plus_knn_probs__cal_sigmoid__thr_f1.csv,confirmed_models__results_full_coverage_improvements__experiments__lgbm_morgan_r2_plus_knn_probs__external_metrics__lgbm_morgan_r2_plus_knn_probs__cal_sigmoid__thr_f1.csv,confirmed_models,0,mcc,0.5652912233881527
confirmed_models/results_full_coverage_improvements/experiments/lgbm_morgan_r2_plus_knn_probs/external_metrics__lgbm_morgan_r2_plus_knn_probs__cal_sigmoid__thr_f1.csv,confirmed_models__results_full_coverage_improvements__experiments__lgbm_morgan_r2_plus_knn_probs__external_metrics__lgbm_morgan_r2_plus_knn_probs__cal_sigmoid__thr_f1.csv,confirmed_models,0,tp,98.0
confirmed_models/results_full_coverage_improvements/experiments/lgbm_morgan_r2_plus_knn_probs/external_metrics__lgbm_morgan_r2_plus_knn_probs__cal_sigmoid__thr_f1.csv,confirmed_models__results_full_coverage_improvements__experiments__lgbm_morgan_r2_plus_knn_probs__external_metrics__lgbm_morgan_r2_plus_knn_probs__cal_sigmoid__thr_f1.csv,confirmed_models,0,fp,16.0
confirmed_models/results_full_coverage_improvements/experiments/lgbm_morgan_r2_plus_knn_probs/external_metrics__lgbm_morgan_r2_plus_knn_probs__cal_sigmoid__thr_f1.csv,confirmed_models__results_full_coverage_improvements__experiments__lgbm_morgan_r2_plus_knn_probs__external_metrics__lgbm_morgan_r2_plus_knn_probs__cal_sigmoid__thr_f1.csv,confirmed_models,0,tn,136.0
confirmed_models/results_full_coverage_improvements/experiments/lgbm_morgan_r2_plus_knn_probs/external_metrics__lgbm_morgan_r2_plus_knn_probs__cal_sigmoid__thr_f1.csv,confirmed_models__results_full_coverage_improvements__experiments__lgbm_morgan_r2_plus_knn_probs__external_metrics__lgbm_morgan_r2_plus_knn_probs__cal_sigmoid__thr_f1.csv,confirmed_models,0,fn,52.0
confirmed_models/results_full_coverage_improvements/experiments/lgbm_morgan_r2_plus_knn_probs/external_metrics__lgbm_morgan_r2_plus_knn_probs__cal_sigmoid__thr_kappa.csv,confirmed_models__results_full_coverage_improvements__experiments__lgbm_morgan_r2_plus_knn_probs__external_metrics__lgbm_morgan_r2_plus_knn_probs__cal_sigmoid__thr_kappa.csv,confirmed_models,0,accuracy,0.7019867549668874
confirmed_models/results_full_coverage_improvements/experiments/lgbm_morgan_r2_plus_knn_probs/external_metrics__lgbm_morgan_r2_plus_knn_probs__cal_sigmoid__thr_kappa.csv,confirmed_models__results_full_coverage_improvements__experiments__lgbm_morgan_r2_plus_knn_probs__external_metrics__lgbm_morgan_r2_plus_knn_probs__cal_sigmoid__thr_kappa.csv,confirmed_models,0,precision,0.9285714285714286
confirmed_models/results_full_coverage_improvements/experiments/lgbm_morgan_r2_plus_knn_probs/external_metrics__lgbm_morgan_r2_plus_knn_probs__cal_sigmoid__thr_kappa.csv,confirmed_models__results_full_coverage_improvements__experiments__lgbm_morgan_r2_plus_knn_probs__external_metrics__lgbm_morgan_r2_plus_knn_probs__cal_sigmoid__thr_kappa.csv,confirmed_models,0,recall,0.4333333333333333
confirmed_models/results_full_coverage_improvements/experiments/lgbm_morgan_r2_plus_knn_probs/external_metrics__lgbm_morgan_r2_plus_knn_probs__cal_sigmoid__thr_kappa.csv,confirmed_models__results_full_coverage_improvements__experiments__lgbm_morgan_r2_plus_knn_probs__external_metrics__lgbm_morgan_r2_plus_knn_probs__cal_sigmoid__thr_kappa.csv,confirmed_models,0,f1,0.5909090909090909
confirmed_models/results_full_coverage_improvements/experiments/lgbm_morgan_r2_plus_knn_probs/external_metrics__lgbm_morgan_r2_plus_knn_probs__cal_sigmoid__thr_kappa.csv,confirmed_models__results_full_coverage_improvements__experiments__lgbm_morgan_r2_plus_knn_probs__external_metrics__lgbm_morgan_r2_plus_knn_probs__cal_sigmoid__thr_kappa.csv,confirmed_models,0,kappa,0.4018485915492957
confirmed_models/results_full_coverage_improvements/experiments/lgbm_morgan_r2_plus_knn_probs/external_metrics__lgbm_morgan_r2_plus_knn_probs__cal_sigmoid__thr_kappa.csv,confirmed_models__results_full_coverage_improvements__experiments__lgbm_morgan_r2_plus_knn_probs__external_metrics__lgbm_morgan_r2_plus_knn_probs__cal_sigmoid__thr_kappa.csv,confirmed_models,0,auroc,0.8536403508771929
confirmed_models/results_full_coverage_improvements/experiments/lgbm_morgan_r2_plus_knn_probs/external_metrics__lgbm_morgan_r2_plus_knn_probs__cal_sigmoid__thr_kappa.csv,confirmed_models__results_full_coverage_improvements__experiments__lgbm_morgan_r2_plus_knn_probs__external_metrics__lgbm_morgan_r2_plus_knn_probs__cal_sigmoid__thr_kappa.csv,confirmed_models,0,specificity,0.9671052631578948
confirmed_models/results_full_coverage_improvements/experiments/lgbm_morgan_r2_plus_knn_probs/external_metrics__lgbm_morgan_r2_plus_knn_probs__cal_sigmoid__thr_kappa.csv,confirmed_models__results_full_coverage_improvements__experiments__lgbm_morgan_r2_plus_knn_probs__external_metrics__lgbm_morgan_r2_plus_knn_probs__cal_sigmoid__thr_kappa.csv,confirmed_models,0,sensitivity,0.4333333333333333
confirmed_models/results_full_coverage_improvements/experiments/lgbm_morgan_r2_plus_knn_probs/external_metrics__lgbm_morgan_r2_plus_knn_probs__cal_sigmoid__thr_kappa.csv,confirmed_models__results_full_coverage_improvements__experiments__lgbm_morgan_r2_plus_knn_probs__external_metrics__lgbm_morgan_r2_plus_knn_probs__cal_sigmoid__thr_kappa.csv,confirmed_models,0,mcc,0.4744717302232986
confirmed_models/results_full_coverage_improvements/experiments/lgbm_morgan_r2_plus_knn_probs/external_metrics__lgbm_morgan_r2_plus_knn_probs__cal_sigmoid__thr_kappa.csv,confirmed_models__results_full_coverage_improvements__experiments__lgbm_morgan_r2_plus_knn_probs__external_metrics__lgbm_morgan_r2_plus_knn_probs__cal_sigmoid__thr_kappa.csv,confirmed_models,0,tp,65.0
confirmed_models/results_full_coverage_improvements/experiments/lgbm_morgan_r2_plus_knn_probs/external_metrics__lgbm_morgan_r2_plus_knn_probs__cal_sigmoid__thr_kappa.csv,confirmed_models__results_full_coverage_improvements__experiments__lgbm_morgan_r2_plus_knn_probs__external_metrics__lgbm_morgan_r2_plus_knn_probs__cal_sigmoid__thr_kappa.csv,confirmed_models,0,fp,5.0
confirmed_models/results_full_coverage_improvements/experiments/lgbm_morgan_r2_plus_knn_probs/external_metrics__lgbm_morgan_r2_plus_knn_probs__cal_sigmoid__thr_kappa.csv,confirmed_models__results_full_coverage_improvements__experiments__lgbm_morgan_r2_plus_knn_probs__external_metrics__lgbm_morgan_r2_plus_knn_probs__cal_sigmoid__thr_kappa.csv,confirmed_models,0,tn,147.0
confirmed_models/results_full_coverage_improvements/experiments/lgbm_morgan_r2_plus_knn_probs/external_metrics__lgbm_morgan_r2_plus_knn_probs__cal_sigmoid__thr_kappa.csv,confirmed_models__results_full_coverage_improvements__experiments__lgbm_morgan_r2_plus_knn_probs__external_metrics__lgbm_morgan_r2_plus_knn_probs__cal_sigmoid__thr_kappa.csv,confirmed_models,0,fn,85.0
confirmed_models/results_full_coverage_improvements/experiments/meta_logreg_knn_plus_lgbm/external_metrics__meta_logreg_knn_plus_lgbm__cal_isotonic__thr_f1.csv,confirmed_models__results_full_coverage_improvements__experiments__meta_logreg_knn_plus_lgbm__external_metrics__meta_logreg_knn_plus_lgbm__cal_isotonic__thr_f1.csv,confirmed_models,0,accuracy,0.7549668874172185
confirmed_models/results_full_coverage_improvements/experiments/meta_logreg_knn_plus_lgbm/external_metrics__meta_logreg_knn_plus_lgbm__cal_isotonic__thr_f1.csv,confirmed_models__results_full_coverage_improvements__experiments__meta_logreg_knn_plus_lgbm__external_metrics__meta_logreg_knn_plus_lgbm__cal_isotonic__thr_f1.csv,confirmed_models,0,precision,0.8333333333333334
confirmed_models/results_full_coverage_improvements/experiments/meta_logreg_knn_plus_lgbm/external_metrics__meta_logreg_knn_plus_lgbm__cal_isotonic__thr_f1.csv,confirmed_models__results_full_coverage_improvements__experiments__meta_logreg_knn_plus_lgbm__external_metrics__meta_logreg_knn_plus_lgbm__cal_isotonic__thr_f1.csv,confirmed_models,0,recall,0.6333333333333333
confirmed_models/results_full_coverage_improvements/experiments/meta_logreg_knn_plus_lgbm/external_metrics__meta_logreg_knn_plus_lgbm__cal_isotonic__thr_f1.csv,confirmed_models__results_full_coverage_improvements__experiments__meta_logreg_knn_plus_lgbm__external_metrics__meta_logreg_knn_plus_lgbm__cal_isotonic__thr_f1.csv,confirmed_models,0,f1,0.7196969696969697
confirmed_models/results_full_coverage_improvements/experiments/meta_logreg_knn_plus_lgbm/external_metrics__meta_logreg_knn_plus_lgbm__cal_isotonic__thr_f1.csv,confirmed_models__results_full_coverage_improvements__experiments__meta_logreg_knn_plus_lgbm__external_metrics__meta_logreg_knn_plus_lgbm__cal_isotonic__thr_f1.csv,confirmed_models,0,kappa,0.5091372342294851
confirmed_models/results_full_coverage_improvements/experiments/meta_logreg_knn_plus_lgbm/external_metrics__meta_logreg_knn_plus_lgbm__cal_isotonic__thr_f1.csv,confirmed_models__results_full_coverage_improvements__experiments__meta_logreg_knn_plus_lgbm__external_metrics__meta_logreg_knn_plus_lgbm__cal_isotonic__thr_f1.csv,confirmed_models,0,auroc,0.8477192982456141
confirmed_models/results_full_coverage_improvements/experiments/meta_logreg_knn_plus_lgbm/external_metrics__meta_logreg_knn_plus_lgbm__cal_isotonic__thr_f1.csv,confirmed_models__results_full_coverage_improvements__experiments__meta_logreg_knn_plus_lgbm__external_metrics__meta_logreg_knn_plus_lgbm__cal_isotonic__thr_f1.csv,confirmed_models,0,specificity,0.875
confirmed_models/results_full_coverage_improvements/experiments/meta_logreg_knn_plus_lgbm/external_metrics__meta_logreg_knn_plus_lgbm__cal_isotonic__thr_f1.csv,confirmed_models__results_full_coverage_improvements__experiments__meta_logreg_knn_plus_lgbm__external_metrics__meta_logreg_knn_plus_lgbm__cal_isotonic__thr_f1.csv,confirmed_models,0,sensitivity,0.6333333333333333
confirmed_models/results_full_coverage_improvements/experiments/meta_logreg_knn_plus_lgbm/external_metrics__meta_logreg_knn_plus_lgbm__cal_isotonic__thr_f1.csv,confirmed_models__results_full_coverage_improvements__experiments__meta_logreg_knn_plus_lgbm__external_metrics__meta_logreg_knn_plus_lgbm__cal_isotonic__thr_f1.csv,confirmed_models,0,mcc,0.5243058001815534
confirmed_models/results_full_coverage_improvements/experiments/meta_logreg_knn_plus_lgbm/external_metrics__meta_logreg_knn_plus_lgbm__cal_isotonic__thr_f1.csv,confirmed_models__results_full_coverage_improvements__experiments__meta_logreg_knn_plus_lgbm__external_metrics__meta_logreg_knn_plus_lgbm__cal_isotonic__thr_f1.csv,confirmed_models,0,tp,95.0
confirmed_models/results_full_coverage_improvements/experiments/meta_logreg_knn_plus_lgbm/external_metrics__meta_logreg_knn_plus_lgbm__cal_isotonic__thr_f1.csv,confirmed_models__results_full_coverage_improvements__experiments__meta_logreg_knn_plus_lgbm__external_metrics__meta_logreg_knn_plus_lgbm__cal_isotonic__thr_f1.csv,confirmed_models,0,fp,19.0
confirmed_models/results_full_coverage_improvements/experiments/meta_logreg_knn_plus_lgbm/external_metrics__meta_logreg_knn_plus_lgbm__cal_isotonic__thr_f1.csv,confirmed_models__results_full_coverage_improvements__experiments__meta_logreg_knn_plus_lgbm__external_metrics__meta_logreg_knn_plus_lgbm__cal_isotonic__thr_f1.csv,confirmed_models,0,tn,133.0
confirmed_models/results_full_coverage_improvements/experiments/meta_logreg_knn_plus_lgbm/external_metrics__meta_logreg_knn_plus_lgbm__cal_isotonic__thr_f1.csv,confirmed_models__results_full_coverage_improvements__experiments__meta_logreg_knn_plus_lgbm__external_metrics__meta_logreg_knn_plus_lgbm__cal_isotonic__thr_f1.csv,confirmed_models,0,fn,55.0
confirmed_models/results_full_coverage_improvements/experiments/meta_logreg_knn_plus_lgbm/external_metrics__meta_logreg_knn_plus_lgbm__cal_isotonic__thr_kappa.csv,confirmed_models__results_full_coverage_improvements__experiments__meta_logreg_knn_plus_lgbm__external_metrics__meta_logreg_knn_plus_lgbm__cal_isotonic__thr_kappa.csv,confirmed_models,0,accuracy,0.7549668874172185
confirmed_models/results_full_coverage_improvements/experiments/meta_logreg_knn_plus_lgbm/external_metrics__meta_logreg_knn_plus_lgbm__cal_isotonic__thr_kappa.csv,confirmed_models__results_full_coverage_improvements__experiments__meta_logreg_knn_plus_lgbm__external_metrics__meta_logreg_knn_plus_lgbm__cal_isotonic__thr_kappa.csv,confirmed_models,0,precision,0.8333333333333334
confirmed_models/results_full_coverage_improvements/experiments/meta_logreg_knn_plus_lgbm/external_metrics__meta_logreg_knn_plus_lgbm__cal_isotonic__thr_kappa.csv,confirmed_models__results_full_coverage_improvements__experiments__meta_logreg_knn_plus_lgbm__external_metrics__meta_logreg_knn_plus_lgbm__cal_isotonic__thr_kappa.csv,confirmed_models,0,recall,0.6333333333333333
confirmed_models/results_full_coverage_improvements/experiments/meta_logreg_knn_plus_lgbm/external_metrics__meta_logreg_knn_plus_lgbm__cal_isotonic__thr_kappa.csv,confirmed_models__results_full_coverage_improvements__experiments__meta_logreg_knn_plus_lgbm__external_metrics__meta_logreg_knn_plus_lgbm__cal_isotonic__thr_kappa.csv,confirmed_models,0,f1,0.7196969696969697
confirmed_models/results_full_coverage_improvements/experiments/meta_logreg_knn_plus_lgbm/external_metrics__meta_logreg_knn_plus_lgbm__cal_isotonic__thr_kappa.csv,confirmed_models__results_full_coverage_improvements__experiments__meta_logreg_knn_plus_lgbm__external_metrics__meta_logreg_knn_plus_lgbm__cal_isotonic__thr_kappa.csv,confirmed_models,0,kappa,0.5091372342294851
confirmed_models/results_full_coverage_improvements/experiments/meta_logreg_knn_plus_lgbm/external_metrics__meta_logreg_knn_plus_lgbm__cal_isotonic__thr_kappa.csv,confirmed_models__results_full_coverage_improvements__experiments__meta_logreg_knn_plus_lgbm__external_metrics__meta_logreg_knn_plus_lgbm__cal_isotonic__thr_kappa.csv,confirmed_models,0,auroc,0.8477192982456141
confirmed_models/results_full_coverage_improvements/experiments/meta_logreg_knn_plus_lgbm/external_metrics__meta_logreg_knn_plus_lgbm__cal_isotonic__thr_kappa.csv,confirmed_models__results_full_coverage_improvements__experiments__meta_logreg_knn_plus_lgbm__external_metrics__meta_logreg_knn_plus_lgbm__cal_isotonic__thr_kappa.csv,confirmed_models,0,specificity,0.875
confirmed_models/results_full_coverage_improvements/experiments/meta_logreg_knn_plus_lgbm/external_metrics__meta_logreg_knn_plus_lgbm__cal_isotonic__thr_kappa.csv,confirmed_models__results_full_coverage_improvements__experiments__meta_logreg_knn_plus_lgbm__external_metrics__meta_logreg_knn_plus_lgbm__cal_isotonic__thr_kappa.csv,confirmed_models,0,sensitivity,0.6333333333333333
confirmed_models/results_full_coverage_improvements/experiments/meta_logreg_knn_plus_lgbm/external_metrics__meta_logreg_knn_plus_lgbm__cal_isotonic__thr_kappa.csv,confirmed_models__results_full_coverage_improvements__experiments__meta_logreg_knn_plus_lgbm__external_metrics__meta_logreg_knn_plus_lgbm__cal_isotonic__thr_kappa.csv,confirmed_models,0,mcc,0.5243058001815534
confirmed_models/results_full_coverage_improvements/experiments/meta_logreg_knn_plus_lgbm/external_metrics__meta_logreg_knn_plus_lgbm__cal_isotonic__thr_kappa.csv,confirmed_models__results_full_coverage_improvements__experiments__meta_logreg_knn_plus_lgbm__external_metrics__meta_logreg_knn_plus_lgbm__cal_isotonic__thr_kappa.csv,confirmed_models,0,tp,95.0
confirmed_models/results_full_coverage_improvements/experiments/meta_logreg_knn_plus_lgbm/external_metrics__meta_logreg_knn_plus_lgbm__cal_isotonic__thr_kappa.csv,confirmed_models__results_full_coverage_improvements__experiments__meta_logreg_knn_plus_lgbm__external_metrics__meta_logreg_knn_plus_lgbm__cal_isotonic__thr_kappa.csv,confirmed_models,0,fp,19.0
confirmed_models/results_full_coverage_improvements/experiments/meta_logreg_knn_plus_lgbm/external_metrics__meta_logreg_knn_plus_lgbm__cal_isotonic__thr_kappa.csv,confirmed_models__results_full_coverage_improvements__experiments__meta_logreg_knn_plus_lgbm__external_metrics__meta_logreg_knn_plus_lgbm__cal_isotonic__thr_kappa.csv,confirmed_models,0,tn,133.0
confirmed_models/results_full_coverage_improvements/experiments/meta_logreg_knn_plus_lgbm/external_metrics__meta_logreg_knn_plus_lgbm__cal_isotonic__thr_kappa.csv,confirmed_models__results_full_coverage_improvements__experiments__meta_logreg_knn_plus_lgbm__external_metrics__meta_logreg_knn_plus_lgbm__cal_isotonic__thr_kappa.csv,confirmed_models,0,fn,55.0
confirmed_models/results_full_coverage_improvements/experiments/meta_logreg_knn_plus_lgbm/external_metrics__meta_logreg_knn_plus_lgbm__cal_none__thr_f1.csv,confirmed_models__results_full_coverage_improvements__experiments__meta_logreg_knn_plus_lgbm__external_metrics__meta_logreg_knn_plus_lgbm__cal_none__thr_f1.csv,confirmed_models,0,accuracy,0.7682119205298014
confirmed_models/results_full_coverage_improvements/experiments/meta_logreg_knn_plus_lgbm/external_metrics__meta_logreg_knn_plus_lgbm__cal_none__thr_f1.csv,confirmed_models__results_full_coverage_improvements__experiments__meta_logreg_knn_plus_lgbm__external_metrics__meta_logreg_knn_plus_lgbm__cal_none__thr_f1.csv,confirmed_models,0,precision,0.7777777777777778
confirmed_models/results_full_coverage_improvements/experiments/meta_logreg_knn_plus_lgbm/external_metrics__meta_logreg_knn_plus_lgbm__cal_none__thr_f1.csv,confirmed_models__results_full_coverage_improvements__experiments__meta_logreg_knn_plus_lgbm__external_metrics__meta_logreg_knn_plus_lgbm__cal_none__thr_f1.csv,confirmed_models,0,recall,0.7466666666666667
confirmed_models/results_full_coverage_improvements/experiments/meta_logreg_knn_plus_lgbm/external_metrics__meta_logreg_knn_plus_lgbm__cal_none__thr_f1.csv,confirmed_models__results_full_coverage_improvements__experiments__meta_logreg_knn_plus_lgbm__external_metrics__meta_logreg_knn_plus_lgbm__cal_none__thr_f1.csv,confirmed_models,0,f1,0.7619047619047619
confirmed_models/results_full_coverage_improvements/experiments/meta_logreg_knn_plus_lgbm/external_metrics__meta_logreg_knn_plus_lgbm__cal_none__thr_f1.csv,confirmed_models__results_full_coverage_improvements__experiments__meta_logreg_knn_plus_lgbm__external_metrics__meta_logreg_knn_plus_lgbm__cal_none__thr_f1.csv,confirmed_models,0,kappa,0.5362814775818198
confirmed_models/results_full_coverage_improvements/experiments/meta_logreg_knn_plus_lgbm/external_metrics__meta_logreg_knn_plus_lgbm__cal_none__thr_f1.csv,confirmed_models__results_full_coverage_improvements__experiments__meta_logreg_knn_plus_lgbm__external_metrics__meta_logreg_knn_plus_lgbm__cal_none__thr_f1.csv,confirmed_models,0,auroc,0.8603508771929824
confirmed_models/results_full_coverage_improvements/experiments/meta_logreg_knn_plus_lgbm/external_metrics__meta_logreg_knn_plus_lgbm__cal_none__thr_f1.csv,confirmed_models__results_full_coverage_improvements__experiments__meta_logreg_knn_plus_lgbm__external_metrics__meta_logreg_knn_plus_lgbm__cal_none__thr_f1.csv,confirmed_models,0,specificity,0.7894736842105263
confirmed_models/results_full_coverage_improvements/experiments/meta_logreg_knn_plus_lgbm/external_metrics__meta_logreg_knn_plus_lgbm__cal_none__thr_f1.csv,confirmed_models__results_full_coverage_improvements__experiments__meta_logreg_knn_plus_lgbm__external_metrics__meta_logreg_knn_plus_lgbm__cal_none__thr_f1.csv,confirmed_models,0,sensitivity,0.7466666666666667
confirmed_models/results_full_coverage_improvements/experiments/meta_logreg_knn_plus_lgbm/external_metrics__meta_logreg_knn_plus_lgbm__cal_none__thr_f1.csv,confirmed_models__results_full_coverage_improvements__experiments__meta_logreg_knn_plus_lgbm__external_metrics__meta_logreg_knn_plus_lgbm__cal_none__thr_f1.csv,confirmed_models,0,mcc,0.5367056017994747
confirmed_models/results_full_coverage_improvements/experiments/meta_logreg_knn_plus_lgbm/external_metrics__meta_logreg_knn_plus_lgbm__cal_none__thr_f1.csv,confirmed_models__results_full_coverage_improvements__experiments__meta_logreg_knn_plus_lgbm__external_metrics__meta_logreg_knn_plus_lgbm__cal_none__thr_f1.csv,confirmed_models,0,tp,112.0
confirmed_models/results_full_coverage_improvements/experiments/meta_logreg_knn_plus_lgbm/external_metrics__meta_logreg_knn_plus_lgbm__cal_none__thr_f1.csv,confirmed_models__results_full_coverage_improvements__experiments__meta_logreg_knn_plus_lgbm__external_metrics__meta_logreg_knn_plus_lgbm__cal_none__thr_f1.csv,confirmed_models,0,fp,32.0
confirmed_models/results_full_coverage_improvements/experiments/meta_logreg_knn_plus_lgbm/external_metrics__meta_logreg_knn_plus_lgbm__cal_none__thr_f1.csv,confirmed_models__results_full_coverage_improvements__experiments__meta_logreg_knn_plus_lgbm__external_metrics__meta_logreg_knn_plus_lgbm__cal_none__thr_f1.csv,confirmed_models,0,tn,120.0
confirmed_models/results_full_coverage_improvements/experiments/meta_logreg_knn_plus_lgbm/external_metrics__meta_logreg_knn_plus_lgbm__cal_none__thr_f1.csv,confirmed_models__results_full_coverage_improvements__experiments__meta_logreg_knn_plus_lgbm__external_metrics__meta_logreg_knn_plus_lgbm__cal_none__thr_f1.csv,confirmed_models,0,fn,38.0
confirmed_models/results_full_coverage_improvements/experiments/meta_logreg_knn_plus_lgbm/external_metrics__meta_logreg_knn_plus_lgbm__cal_none__thr_kappa.csv,confirmed_models__results_full_coverage_improvements__experiments__meta_logreg_knn_plus_lgbm__external_metrics__meta_logreg_knn_plus_lgbm__cal_none__thr_kappa.csv,confirmed_models,0,accuracy,0.7682119205298014
confirmed_models/results_full_coverage_improvements/experiments/meta_logreg_knn_plus_lgbm/external_metrics__meta_logreg_knn_plus_lgbm__cal_none__thr_kappa.csv,confirmed_models__results_full_coverage_improvements__experiments__meta_logreg_knn_plus_lgbm__external_metrics__meta_logreg_knn_plus_lgbm__cal_none__thr_kappa.csv,confirmed_models,0,precision,0.7777777777777778
confirmed_models/results_full_coverage_improvements/experiments/meta_logreg_knn_plus_lgbm/external_metrics__meta_logreg_knn_plus_lgbm__cal_none__thr_kappa.csv,confirmed_models__results_full_coverage_improvements__experiments__meta_logreg_knn_plus_lgbm__external_metrics__meta_logreg_knn_plus_lgbm__cal_none__thr_kappa.csv,confirmed_models,0,recall,0.7466666666666667
confirmed_models/results_full_coverage_improvements/experiments/meta_logreg_knn_plus_lgbm/external_metrics__meta_logreg_knn_plus_lgbm__cal_none__thr_kappa.csv,confirmed_models__results_full_coverage_improvements__experiments__meta_logreg_knn_plus_lgbm__external_metrics__meta_logreg_knn_plus_lgbm__cal_none__thr_kappa.csv,confirmed_models,0,f1,0.7619047619047619
confirmed_models/results_full_coverage_improvements/experiments/meta_logreg_knn_plus_lgbm/external_metrics__meta_logreg_knn_plus_lgbm__cal_none__thr_kappa.csv,confirmed_models__results_full_coverage_improvements__experiments__meta_logreg_knn_plus_lgbm__external_metrics__meta_logreg_knn_plus_lgbm__cal_none__thr_kappa.csv,confirmed_models,0,kappa,0.5362814775818198
confirmed_models/results_full_coverage_improvements/experiments/meta_logreg_knn_plus_lgbm/external_metrics__meta_logreg_knn_plus_lgbm__cal_none__thr_kappa.csv,confirmed_models__results_full_coverage_improvements__experiments__meta_logreg_knn_plus_lgbm__external_metrics__meta_logreg_knn_plus_lgbm__cal_none__thr_kappa.csv,confirmed_models,0,auroc,0.8603508771929824
confirmed_models/results_full_coverage_improvements/experiments/meta_logreg_knn_plus_lgbm/external_metrics__meta_logreg_knn_plus_lgbm__cal_none__thr_kappa.csv,confirmed_models__results_full_coverage_improvements__experiments__meta_logreg_knn_plus_lgbm__external_metrics__meta_logreg_knn_plus_lgbm__cal_none__thr_kappa.csv,confirmed_models,0,specificity,0.7894736842105263
confirmed_models/results_full_coverage_improvements/experiments/meta_logreg_knn_plus_lgbm/external_metrics__meta_logreg_knn_plus_lgbm__cal_none__thr_kappa.csv,confirmed_models__results_full_coverage_improvements__experiments__meta_logreg_knn_plus_lgbm__external_metrics__meta_logreg_knn_plus_lgbm__cal_none__thr_kappa.csv,confirmed_models,0,sensitivity,0.7466666666666667
confirmed_models/results_full_coverage_improvements/experiments/meta_logreg_knn_plus_lgbm/external_metrics__meta_logreg_knn_plus_lgbm__cal_none__thr_kappa.csv,confirmed_models__results_full_coverage_improvements__experiments__meta_logreg_knn_plus_lgbm__external_metrics__meta_logreg_knn_plus_lgbm__cal_none__thr_kappa.csv,confirmed_models,0,mcc,0.5367056017994747
confirmed_models/results_full_coverage_improvements/experiments/meta_logreg_knn_plus_lgbm/external_metrics__meta_logreg_knn_plus_lgbm__cal_none__thr_kappa.csv,confirmed_models__results_full_coverage_improvements__experiments__meta_logreg_knn_plus_lgbm__external_metrics__meta_logreg_knn_plus_lgbm__cal_none__thr_kappa.csv,confirmed_models,0,tp,112.0
confirmed_models/results_full_coverage_improvements/experiments/meta_logreg_knn_plus_lgbm/external_metrics__meta_logreg_knn_plus_lgbm__cal_none__thr_kappa.csv,confirmed_models__results_full_coverage_improvements__experiments__meta_logreg_knn_plus_lgbm__external_metrics__meta_logreg_knn_plus_lgbm__cal_none__thr_kappa.csv,confirmed_models,0,fp,32.0
confirmed_models/results_full_coverage_improvements/experiments/meta_logreg_knn_plus_lgbm/external_metrics__meta_logreg_knn_plus_lgbm__cal_none__thr_kappa.csv,confirmed_models__results_full_coverage_improvements__experiments__meta_logreg_knn_plus_lgbm__external_metrics__meta_logreg_knn_plus_lgbm__cal_none__thr_kappa.csv,confirmed_models,0,tn,120.0
confirmed_models/results_full_coverage_improvements/experiments/meta_logreg_knn_plus_lgbm/external_metrics__meta_logreg_knn_plus_lgbm__cal_none__thr_kappa.csv,confirmed_models__results_full_coverage_improvements__experiments__meta_logreg_knn_plus_lgbm__external_metrics__meta_logreg_knn_plus_lgbm__cal_none__thr_kappa.csv,confirmed_models,0,fn,38.0
confirmed_models/results_full_coverage_improvements/experiments/meta_logreg_knn_plus_lgbm/external_metrics__meta_logreg_knn_plus_lgbm__cal_sigmoid__thr_f1.csv,confirmed_models__results_full_coverage_improvements__experiments__meta_logreg_knn_plus_lgbm__external_metrics__meta_logreg_knn_plus_lgbm__cal_sigmoid__thr_f1.csv,confirmed_models,0,accuracy,0.7682119205298014
confirmed_models/results_full_coverage_improvements/experiments/meta_logreg_knn_plus_lgbm/external_metrics__meta_logreg_knn_plus_lgbm__cal_sigmoid__thr_f1.csv,confirmed_models__results_full_coverage_improvements__experiments__meta_logreg_knn_plus_lgbm__external_metrics__meta_logreg_knn_plus_lgbm__cal_sigmoid__thr_f1.csv,confirmed_models,0,precision,0.7777777777777778
confirmed_models/results_full_coverage_improvements/experiments/meta_logreg_knn_plus_lgbm/external_metrics__meta_logreg_knn_plus_lgbm__cal_sigmoid__thr_f1.csv,confirmed_models__results_full_coverage_improvements__experiments__meta_logreg_knn_plus_lgbm__external_metrics__meta_logreg_knn_plus_lgbm__cal_sigmoid__thr_f1.csv,confirmed_models,0,recall,0.7466666666666667
confirmed_models/results_full_coverage_improvements/experiments/meta_logreg_knn_plus_lgbm/external_metrics__meta_logreg_knn_plus_lgbm__cal_sigmoid__thr_f1.csv,confirmed_models__results_full_coverage_improvements__experiments__meta_logreg_knn_plus_lgbm__external_metrics__meta_logreg_knn_plus_lgbm__cal_sigmoid__thr_f1.csv,confirmed_models,0,f1,0.7619047619047619
confirmed_models/results_full_coverage_improvements/experiments/meta_logreg_knn_plus_lgbm/external_metrics__meta_logreg_knn_plus_lgbm__cal_sigmoid__thr_f1.csv,confirmed_models__results_full_coverage_improvements__experiments__meta_logreg_knn_plus_lgbm__external_metrics__meta_logreg_knn_plus_lgbm__cal_sigmoid__thr_f1.csv,confirmed_models,0,kappa,0.5362814775818198
confirmed_models/results_full_coverage_improvements/experiments/meta_logreg_knn_plus_lgbm/external_metrics__meta_logreg_knn_plus_lgbm__cal_sigmoid__thr_f1.csv,confirmed_models__results_full_coverage_improvements__experiments__meta_logreg_knn_plus_lgbm__external_metrics__meta_logreg_knn_plus_lgbm__cal_sigmoid__thr_f1.csv,confirmed_models,0,auroc,0.8603508771929824
confirmed_models/results_full_coverage_improvements/experiments/meta_logreg_knn_plus_lgbm/external_metrics__meta_logreg_knn_plus_lgbm__cal_sigmoid__thr_f1.csv,confirmed_models__results_full_coverage_improvements__experiments__meta_logreg_knn_plus_lgbm__external_metrics__meta_logreg_knn_plus_lgbm__cal_sigmoid__thr_f1.csv,confirmed_models,0,specificity,0.7894736842105263
confirmed_models/results_full_coverage_improvements/experiments/meta_logreg_knn_plus_lgbm/external_metrics__meta_logreg_knn_plus_lgbm__cal_sigmoid__thr_f1.csv,confirmed_models__results_full_coverage_improvements__experiments__meta_logreg_knn_plus_lgbm__external_metrics__meta_logreg_knn_plus_lgbm__cal_sigmoid__thr_f1.csv,confirmed_models,0,sensitivity,0.7466666666666667
confirmed_models/results_full_coverage_improvements/experiments/meta_logreg_knn_plus_lgbm/external_metrics__meta_logreg_knn_plus_lgbm__cal_sigmoid__thr_f1.csv,confirmed_models__results_full_coverage_improvements__experiments__meta_logreg_knn_plus_lgbm__external_metrics__meta_logreg_knn_plus_lgbm__cal_sigmoid__thr_f1.csv,confirmed_models,0,mcc,0.5367056017994747
confirmed_models/results_full_coverage_improvements/experiments/meta_logreg_knn_plus_lgbm/external_metrics__meta_logreg_knn_plus_lgbm__cal_sigmoid__thr_f1.csv,confirmed_models__results_full_coverage_improvements__experiments__meta_logreg_knn_plus_lgbm__external_metrics__meta_logreg_knn_plus_lgbm__cal_sigmoid__thr_f1.csv,confirmed_models,0,tp,112.0
confirmed_models/results_full_coverage_improvements/experiments/meta_logreg_knn_plus_lgbm/external_metrics__meta_logreg_knn_plus_lgbm__cal_sigmoid__thr_f1.csv,confirmed_models__results_full_coverage_improvements__experiments__meta_logreg_knn_plus_lgbm__external_metrics__meta_logreg_knn_plus_lgbm__cal_sigmoid__thr_f1.csv,confirmed_models,0,fp,32.0
confirmed_models/results_full_coverage_improvements/experiments/meta_logreg_knn_plus_lgbm/external_metrics__meta_logreg_knn_plus_lgbm__cal_sigmoid__thr_f1.csv,confirmed_models__results_full_coverage_improvements__experiments__meta_logreg_knn_plus_lgbm__external_metrics__meta_logreg_knn_plus_lgbm__cal_sigmoid__thr_f1.csv,confirmed_models,0,tn,120.0
confirmed_models/results_full_coverage_improvements/experiments/meta_logreg_knn_plus_lgbm/external_metrics__meta_logreg_knn_plus_lgbm__cal_sigmoid__thr_f1.csv,confirmed_models__results_full_coverage_improvements__experiments__meta_logreg_knn_plus_lgbm__external_metrics__meta_logreg_knn_plus_lgbm__cal_sigmoid__thr_f1.csv,confirmed_models,0,fn,38.0
confirmed_models/results_full_coverage_improvements/experiments/meta_logreg_knn_plus_lgbm/external_metrics__meta_logreg_knn_plus_lgbm__cal_sigmoid__thr_kappa.csv,confirmed_models__results_full_coverage_improvements__experiments__meta_logreg_knn_plus_lgbm__external_metrics__meta_logreg_knn_plus_lgbm__cal_sigmoid__thr_kappa.csv,confirmed_models,0,accuracy,0.7682119205298014
confirmed_models/results_full_coverage_improvements/experiments/meta_logreg_knn_plus_lgbm/external_metrics__meta_logreg_knn_plus_lgbm__cal_sigmoid__thr_kappa.csv,confirmed_models__results_full_coverage_improvements__experiments__meta_logreg_knn_plus_lgbm__external_metrics__meta_logreg_knn_plus_lgbm__cal_sigmoid__thr_kappa.csv,confirmed_models,0,precision,0.7777777777777778
confirmed_models/results_full_coverage_improvements/experiments/meta_logreg_knn_plus_lgbm/external_metrics__meta_logreg_knn_plus_lgbm__cal_sigmoid__thr_kappa.csv,confirmed_models__results_full_coverage_improvements__experiments__meta_logreg_knn_plus_lgbm__external_metrics__meta_logreg_knn_plus_lgbm__cal_sigmoid__thr_kappa.csv,confirmed_models,0,recall,0.7466666666666667
confirmed_models/results_full_coverage_improvements/experiments/meta_logreg_knn_plus_lgbm/external_metrics__meta_logreg_knn_plus_lgbm__cal_sigmoid__thr_kappa.csv,confirmed_models__results_full_coverage_improvements__experiments__meta_logreg_knn_plus_lgbm__external_metrics__meta_logreg_knn_plus_lgbm__cal_sigmoid__thr_kappa.csv,confirmed_models,0,f1,0.7619047619047619
confirmed_models/results_full_coverage_improvements/experiments/meta_logreg_knn_plus_lgbm/external_metrics__meta_logreg_knn_plus_lgbm__cal_sigmoid__thr_kappa.csv,confirmed_models__results_full_coverage_improvements__experiments__meta_logreg_knn_plus_lgbm__external_metrics__meta_logreg_knn_plus_lgbm__cal_sigmoid__thr_kappa.csv,confirmed_models,0,kappa,0.5362814775818198
confirmed_models/results_full_coverage_improvements/experiments/meta_logreg_knn_plus_lgbm/external_metrics__meta_logreg_knn_plus_lgbm__cal_sigmoid__thr_kappa.csv,confirmed_models__results_full_coverage_improvements__experiments__meta_logreg_knn_plus_lgbm__external_metrics__meta_logreg_knn_plus_lgbm__cal_sigmoid__thr_kappa.csv,confirmed_models,0,auroc,0.8603508771929824
confirmed_models/results_full_coverage_improvements/experiments/meta_logreg_knn_plus_lgbm/external_metrics__meta_logreg_knn_plus_lgbm__cal_sigmoid__thr_kappa.csv,confirmed_models__results_full_coverage_improvements__experiments__meta_logreg_knn_plus_lgbm__external_metrics__meta_logreg_knn_plus_lgbm__cal_sigmoid__thr_kappa.csv,confirmed_models,0,specificity,0.7894736842105263
confirmed_models/results_full_coverage_improvements/experiments/meta_logreg_knn_plus_lgbm/external_metrics__meta_logreg_knn_plus_lgbm__cal_sigmoid__thr_kappa.csv,confirmed_models__results_full_coverage_improvements__experiments__meta_logreg_knn_plus_lgbm__external_metrics__meta_logreg_knn_plus_lgbm__cal_sigmoid__thr_kappa.csv,confirmed_models,0,sensitivity,0.7466666666666667
confirmed_models/results_full_coverage_improvements/experiments/meta_logreg_knn_plus_lgbm/external_metrics__meta_logreg_knn_plus_lgbm__cal_sigmoid__thr_kappa.csv,confirmed_models__results_full_coverage_improvements__experiments__meta_logreg_knn_plus_lgbm__external_metrics__meta_logreg_knn_plus_lgbm__cal_sigmoid__thr_kappa.csv,confirmed_models,0,mcc,0.5367056017994747
confirmed_models/results_full_coverage_improvements/experiments/meta_logreg_knn_plus_lgbm/external_metrics__meta_logreg_knn_plus_lgbm__cal_sigmoid__thr_kappa.csv,confirmed_models__results_full_coverage_improvements__experiments__meta_logreg_knn_plus_lgbm__external_metrics__meta_logreg_knn_plus_lgbm__cal_sigmoid__thr_kappa.csv,confirmed_models,0,tp,112.0
confirmed_models/results_full_coverage_improvements/experiments/meta_logreg_knn_plus_lgbm/external_metrics__meta_logreg_knn_plus_lgbm__cal_sigmoid__thr_kappa.csv,confirmed_models__results_full_coverage_improvements__experiments__meta_logreg_knn_plus_lgbm__external_metrics__meta_logreg_knn_plus_lgbm__cal_sigmoid__thr_kappa.csv,confirmed_models,0,fp,32.0
confirmed_models/results_full_coverage_improvements/experiments/meta_logreg_knn_plus_lgbm/external_metrics__meta_logreg_knn_plus_lgbm__cal_sigmoid__thr_kappa.csv,confirmed_models__results_full_coverage_improvements__experiments__meta_logreg_knn_plus_lgbm__external_metrics__meta_logreg_knn_plus_lgbm__cal_sigmoid__thr_kappa.csv,confirmed_models,0,tn,120.0
confirmed_models/results_full_coverage_improvements/experiments/meta_logreg_knn_plus_lgbm/external_metrics__meta_logreg_knn_plus_lgbm__cal_sigmoid__thr_kappa.csv,confirmed_models__results_full_coverage_improvements__experiments__meta_logreg_knn_plus_lgbm__external_metrics__meta_logreg_knn_plus_lgbm__cal_sigmoid__thr_kappa.csv,confirmed_models,0,fn,38.0
confirmed_models/results_full_coverage_improvements/experiments/stacking_combo_logreg/external_metrics__stacking_combo_logreg__cal_isotonic__thr_f1.csv,confirmed_models__results_full_coverage_improvements__experiments__stacking_combo_logreg__external_metrics__stacking_combo_logreg__cal_isotonic__thr_f1.csv,confirmed_models,0,accuracy,0.7781456953642384
confirmed_models/results_full_coverage_improvements/experiments/stacking_combo_logreg/external_metrics__stacking_combo_logreg__cal_isotonic__thr_f1.csv,confirmed_models__results_full_coverage_improvements__experiments__stacking_combo_logreg__external_metrics__stacking_combo_logreg__cal_isotonic__thr_f1.csv,confirmed_models,0,precision,0.7677419354838709
confirmed_models/results_full_coverage_improvements/experiments/stacking_combo_logreg/external_metrics__stacking_combo_logreg__cal_isotonic__thr_f1.csv,confirmed_models__results_full_coverage_improvements__experiments__stacking_combo_logreg__external_metrics__stacking_combo_logreg__cal_isotonic__thr_f1.csv,confirmed_models,0,recall,0.7933333333333333
confirmed_models/results_full_coverage_improvements/experiments/stacking_combo_logreg/external_metrics__stacking_combo_logreg__cal_isotonic__thr_f1.csv,confirmed_models__results_full_coverage_improvements__experiments__stacking_combo_logreg__external_metrics__stacking_combo_logreg__cal_isotonic__thr_f1.csv,confirmed_models,0,f1,0.780327868852459
confirmed_models/results_full_coverage_improvements/experiments/stacking_combo_logreg/external_metrics__stacking_combo_logreg__cal_isotonic__thr_f1.csv,confirmed_models__results_full_coverage_improvements__experiments__stacking_combo_logreg__external_metrics__stacking_combo_logreg__cal_isotonic__thr_f1.csv,confirmed_models,0,kappa,0.556369217276913
confirmed_models/results_full_coverage_improvements/experiments/stacking_combo_logreg/external_metrics__stacking_combo_logreg__cal_isotonic__thr_f1.csv,confirmed_models__results_full_coverage_improvements__experiments__stacking_combo_logreg__external_metrics__stacking_combo_logreg__cal_isotonic__thr_f1.csv,confirmed_models,0,auroc,0.8506578947368422
confirmed_models/results_full_coverage_improvements/experiments/stacking_combo_logreg/external_metrics__stacking_combo_logreg__cal_isotonic__thr_f1.csv,confirmed_models__results_full_coverage_improvements__experiments__stacking_combo_logreg__external_metrics__stacking_combo_logreg__cal_isotonic__thr_f1.csv,confirmed_models,0,specificity,0.7631578947368421
confirmed_models/results_full_coverage_improvements/experiments/stacking_combo_logreg/external_metrics__stacking_combo_logreg__cal_isotonic__thr_f1.csv,confirmed_models__results_full_coverage_improvements__experiments__stacking_combo_logreg__external_metrics__stacking_combo_logreg__cal_isotonic__thr_f1.csv,confirmed_models,0,sensitivity,0.7933333333333333
confirmed_models/results_full_coverage_improvements/experiments/stacking_combo_logreg/external_metrics__stacking_combo_logreg__cal_isotonic__thr_f1.csv,confirmed_models__results_full_coverage_improvements__experiments__stacking_combo_logreg__external_metrics__stacking_combo_logreg__cal_isotonic__thr_f1.csv,confirmed_models,0,mcc,0.5566743747685913
confirmed_models/results_full_coverage_improvements/experiments/stacking_combo_logreg/external_metrics__stacking_combo_logreg__cal_isotonic__thr_f1.csv,confirmed_models__results_full_coverage_improvements__experiments__stacking_combo_logreg__external_metrics__stacking_combo_logreg__cal_isotonic__thr_f1.csv,confirmed_models,0,tp,119.0
confirmed_models/results_full_coverage_improvements/experiments/stacking_combo_logreg/external_metrics__stacking_combo_logreg__cal_isotonic__thr_f1.csv,confirmed_models__results_full_coverage_improvements__experiments__stacking_combo_logreg__external_metrics__stacking_combo_logreg__cal_isotonic__thr_f1.csv,confirmed_models,0,fp,36.0
confirmed_models/results_full_coverage_improvements/experiments/stacking_combo_logreg/external_metrics__stacking_combo_logreg__cal_isotonic__thr_f1.csv,confirmed_models__results_full_coverage_improvements__experiments__stacking_combo_logreg__external_metrics__stacking_combo_logreg__cal_isotonic__thr_f1.csv,confirmed_models,0,tn,116.0
confirmed_models/results_full_coverage_improvements/experiments/stacking_combo_logreg/external_metrics__stacking_combo_logreg__cal_isotonic__thr_f1.csv,confirmed_models__results_full_coverage_improvements__experiments__stacking_combo_logreg__external_metrics__stacking_combo_logreg__cal_isotonic__thr_f1.csv,confirmed_models,0,fn,31.0
confirmed_models/results_full_coverage_improvements/experiments/stacking_combo_logreg/external_metrics__stacking_combo_logreg__cal_isotonic__thr_kappa.csv,confirmed_models__results_full_coverage_improvements__experiments__stacking_combo_logreg__external_metrics__stacking_combo_logreg__cal_isotonic__thr_kappa.csv,confirmed_models,0,accuracy,0.7450331125827815
confirmed_models/results_full_coverage_improvements/experiments/stacking_combo_logreg/external_metrics__stacking_combo_logreg__cal_isotonic__thr_kappa.csv,confirmed_models__results_full_coverage_improvements__experiments__stacking_combo_logreg__external_metrics__stacking_combo_logreg__cal_isotonic__thr_kappa.csv,confirmed_models,0,precision,0.8543689320388349
confirmed_models/results_full_coverage_improvements/experiments/stacking_combo_logreg/external_metrics__stacking_combo_logreg__cal_isotonic__thr_kappa.csv,confirmed_models__results_full_coverage_improvements__experiments__stacking_combo_logreg__external_metrics__stacking_combo_logreg__cal_isotonic__thr_kappa.csv,confirmed_models,0,recall,0.5866666666666667
confirmed_models/results_full_coverage_improvements/experiments/stacking_combo_logreg/external_metrics__stacking_combo_logreg__cal_isotonic__thr_kappa.csv,confirmed_models__results_full_coverage_improvements__experiments__stacking_combo_logreg__external_metrics__stacking_combo_logreg__cal_isotonic__thr_kappa.csv,confirmed_models,0,f1,0.6956521739130435
confirmed_models/results_full_coverage_improvements/experiments/stacking_combo_logreg/external_metrics__stacking_combo_logreg__cal_isotonic__thr_kappa.csv,confirmed_models__results_full_coverage_improvements__experiments__stacking_combo_logreg__external_metrics__stacking_combo_logreg__cal_isotonic__thr_kappa.csv,confirmed_models,0,kappa,0.4889904627961148
confirmed_models/results_full_coverage_improvements/experiments/stacking_combo_logreg/external_metrics__stacking_combo_logreg__cal_isotonic__thr_kappa.csv,confirmed_models__results_full_coverage_improvements__experiments__stacking_combo_logreg__external_metrics__stacking_combo_logreg__cal_isotonic__thr_kappa.csv,confirmed_models,0,auroc,0.8506578947368422
confirmed_models/results_full_coverage_improvements/experiments/stacking_combo_logreg/external_metrics__stacking_combo_logreg__cal_isotonic__thr_kappa.csv,confirmed_models__results_full_coverage_improvements__experiments__stacking_combo_logreg__external_metrics__stacking_combo_logreg__cal_isotonic__thr_kappa.csv,confirmed_models,0,specificity,0.9013157894736842
confirmed_models/results_full_coverage_improvements/experiments/stacking_combo_logreg/external_metrics__stacking_combo_logreg__cal_isotonic__thr_kappa.csv,confirmed_models__results_full_coverage_improvements__experiments__stacking_combo_logreg__external_metrics__stacking_combo_logreg__cal_isotonic__thr_kappa.csv,confirmed_models,0,sensitivity,0.5866666666666667
confirmed_models/results_full_coverage_improvements/experiments/stacking_combo_logreg/external_metrics__stacking_combo_logreg__cal_isotonic__thr_kappa.csv,confirmed_models__results_full_coverage_improvements__experiments__stacking_combo_logreg__external_metrics__stacking_combo_logreg__cal_isotonic__thr_kappa.csv,confirmed_models,0,mcc,0.514667188411517
confirmed_models/results_full_coverage_improvements/experiments/stacking_combo_logreg/external_metrics__stacking_combo_logreg__cal_isotonic__thr_kappa.csv,confirmed_models__results_full_coverage_improvements__experiments__stacking_combo_logreg__external_metrics__stacking_combo_logreg__cal_isotonic__thr_kappa.csv,confirmed_models,0,tp,88.0
confirmed_models/results_full_coverage_improvements/experiments/stacking_combo_logreg/external_metrics__stacking_combo_logreg__cal_isotonic__thr_kappa.csv,confirmed_models__results_full_coverage_improvements__experiments__stacking_combo_logreg__external_metrics__stacking_combo_logreg__cal_isotonic__thr_kappa.csv,confirmed_models,0,fp,15.0
confirmed_models/results_full_coverage_improvements/experiments/stacking_combo_logreg/external_metrics__stacking_combo_logreg__cal_isotonic__thr_kappa.csv,confirmed_models__results_full_coverage_improvements__experiments__stacking_combo_logreg__external_metrics__stacking_combo_logreg__cal_isotonic__thr_kappa.csv,confirmed_models,0,tn,137.0
confirmed_models/results_full_coverage_improvements/experiments/stacking_combo_logreg/external_metrics__stacking_combo_logreg__cal_isotonic__thr_kappa.csv,confirmed_models__results_full_coverage_improvements__experiments__stacking_combo_logreg__external_metrics__stacking_combo_logreg__cal_isotonic__thr_kappa.csv,confirmed_models,0,fn,62.0
confirmed_models/results_full_coverage_improvements/experiments/stacking_combo_logreg/external_metrics__stacking_combo_logreg__cal_none__thr_f1.csv,confirmed_models__results_full_coverage_improvements__experiments__stacking_combo_logreg__external_metrics__stacking_combo_logreg__cal_none__thr_f1.csv,confirmed_models,0,accuracy,0.7781456953642384
confirmed_models/results_full_coverage_improvements/experiments/stacking_combo_logreg/external_metrics__stacking_combo_logreg__cal_none__thr_f1.csv,confirmed_models__results_full_coverage_improvements__experiments__stacking_combo_logreg__external_metrics__stacking_combo_logreg__cal_none__thr_f1.csv,confirmed_models,0,precision,0.7677419354838709
confirmed_models/results_full_coverage_improvements/experiments/stacking_combo_logreg/external_metrics__stacking_combo_logreg__cal_none__thr_f1.csv,confirmed_models__results_full_coverage_improvements__experiments__stacking_combo_logreg__external_metrics__stacking_combo_logreg__cal_none__thr_f1.csv,confirmed_models,0,recall,0.7933333333333333
confirmed_models/results_full_coverage_improvements/experiments/stacking_combo_logreg/external_metrics__stacking_combo_logreg__cal_none__thr_f1.csv,confirmed_models__results_full_coverage_improvements__experiments__stacking_combo_logreg__external_metrics__stacking_combo_logreg__cal_none__thr_f1.csv,confirmed_models,0,f1,0.780327868852459
confirmed_models/results_full_coverage_improvements/experiments/stacking_combo_logreg/external_metrics__stacking_combo_logreg__cal_none__thr_f1.csv,confirmed_models__results_full_coverage_improvements__experiments__stacking_combo_logreg__external_metrics__stacking_combo_logreg__cal_none__thr_f1.csv,confirmed_models,0,kappa,0.556369217276913
confirmed_models/results_full_coverage_improvements/experiments/stacking_combo_logreg/external_metrics__stacking_combo_logreg__cal_none__thr_f1.csv,confirmed_models__results_full_coverage_improvements__experiments__stacking_combo_logreg__external_metrics__stacking_combo_logreg__cal_none__thr_f1.csv,confirmed_models,0,auroc,0.8509210526315789
confirmed_models/results_full_coverage_improvements/experiments/stacking_combo_logreg/external_metrics__stacking_combo_logreg__cal_none__thr_f1.csv,confirmed_models__results_full_coverage_improvements__experiments__stacking_combo_logreg__external_metrics__stacking_combo_logreg__cal_none__thr_f1.csv,confirmed_models,0,specificity,0.7631578947368421
confirmed_models/results_full_coverage_improvements/experiments/stacking_combo_logreg/external_metrics__stacking_combo_logreg__cal_none__thr_f1.csv,confirmed_models__results_full_coverage_improvements__experiments__stacking_combo_logreg__external_metrics__stacking_combo_logreg__cal_none__thr_f1.csv,confirmed_models,0,sensitivity,0.7933333333333333
confirmed_models/results_full_coverage_improvements/experiments/stacking_combo_logreg/external_metrics__stacking_combo_logreg__cal_none__thr_f1.csv,confirmed_models__results_full_coverage_improvements__experiments__stacking_combo_logreg__external_metrics__stacking_combo_logreg__cal_none__thr_f1.csv,confirmed_models,0,mcc,0.5566743747685913
confirmed_models/results_full_coverage_improvements/experiments/stacking_combo_logreg/external_metrics__stacking_combo_logreg__cal_none__thr_f1.csv,confirmed_models__results_full_coverage_improvements__experiments__stacking_combo_logreg__external_metrics__stacking_combo_logreg__cal_none__thr_f1.csv,confirmed_models,0,tp,119.0
confirmed_models/results_full_coverage_improvements/experiments/stacking_combo_logreg/external_metrics__stacking_combo_logreg__cal_none__thr_f1.csv,confirmed_models__results_full_coverage_improvements__experiments__stacking_combo_logreg__external_metrics__stacking_combo_logreg__cal_none__thr_f1.csv,confirmed_models,0,fp,36.0
confirmed_models/results_full_coverage_improvements/experiments/stacking_combo_logreg/external_metrics__stacking_combo_logreg__cal_none__thr_f1.csv,confirmed_models__results_full_coverage_improvements__experiments__stacking_combo_logreg__external_metrics__stacking_combo_logreg__cal_none__thr_f1.csv,confirmed_models,0,tn,116.0
confirmed_models/results_full_coverage_improvements/experiments/stacking_combo_logreg/external_metrics__stacking_combo_logreg__cal_none__thr_f1.csv,confirmed_models__results_full_coverage_improvements__experiments__stacking_combo_logreg__external_metrics__stacking_combo_logreg__cal_none__thr_f1.csv,confirmed_models,0,fn,31.0
confirmed_models/results_full_coverage_improvements/experiments/stacking_combo_logreg/external_metrics__stacking_combo_logreg__cal_none__thr_kappa.csv,confirmed_models__results_full_coverage_improvements__experiments__stacking_combo_logreg__external_metrics__stacking_combo_logreg__cal_none__thr_kappa.csv,confirmed_models,0,accuracy,0.7781456953642384
confirmed_models/results_full_coverage_improvements/experiments/stacking_combo_logreg/external_metrics__stacking_combo_logreg__cal_none__thr_kappa.csv,confirmed_models__results_full_coverage_improvements__experiments__stacking_combo_logreg__external_metrics__stacking_combo_logreg__cal_none__thr_kappa.csv,confirmed_models,0,precision,0.7677419354838709
confirmed_models/results_full_coverage_improvements/experiments/stacking_combo_logreg/external_metrics__stacking_combo_logreg__cal_none__thr_kappa.csv,confirmed_models__results_full_coverage_improvements__experiments__stacking_combo_logreg__external_metrics__stacking_combo_logreg__cal_none__thr_kappa.csv,confirmed_models,0,recall,0.7933333333333333
confirmed_models/results_full_coverage_improvements/experiments/stacking_combo_logreg/external_metrics__stacking_combo_logreg__cal_none__thr_kappa.csv,confirmed_models__results_full_coverage_improvements__experiments__stacking_combo_logreg__external_metrics__stacking_combo_logreg__cal_none__thr_kappa.csv,confirmed_models,0,f1,0.780327868852459
confirmed_models/results_full_coverage_improvements/experiments/stacking_combo_logreg/external_metrics__stacking_combo_logreg__cal_none__thr_kappa.csv,confirmed_models__results_full_coverage_improvements__experiments__stacking_combo_logreg__external_metrics__stacking_combo_logreg__cal_none__thr_kappa.csv,confirmed_models,0,kappa,0.556369217276913
confirmed_models/results_full_coverage_improvements/experiments/stacking_combo_logreg/external_metrics__stacking_combo_logreg__cal_none__thr_kappa.csv,confirmed_models__results_full_coverage_improvements__experiments__stacking_combo_logreg__external_metrics__stacking_combo_logreg__cal_none__thr_kappa.csv,confirmed_models,0,auroc,0.8509210526315789
confirmed_models/results_full_coverage_improvements/experiments/stacking_combo_logreg/external_metrics__stacking_combo_logreg__cal_none__thr_kappa.csv,confirmed_models__results_full_coverage_improvements__experiments__stacking_combo_logreg__external_metrics__stacking_combo_logreg__cal_none__thr_kappa.csv,confirmed_models,0,specificity,0.7631578947368421
confirmed_models/results_full_coverage_improvements/experiments/stacking_combo_logreg/external_metrics__stacking_combo_logreg__cal_none__thr_kappa.csv,confirmed_models__results_full_coverage_improvements__experiments__stacking_combo_logreg__external_metrics__stacking_combo_logreg__cal_none__thr_kappa.csv,confirmed_models,0,sensitivity,0.7933333333333333
confirmed_models/results_full_coverage_improvements/experiments/stacking_combo_logreg/external_metrics__stacking_combo_logreg__cal_none__thr_kappa.csv,confirmed_models__results_full_coverage_improvements__experiments__stacking_combo_logreg__external_metrics__stacking_combo_logreg__cal_none__thr_kappa.csv,confirmed_models,0,mcc,0.5566743747685913
confirmed_models/results_full_coverage_improvements/experiments/stacking_combo_logreg/external_metrics__stacking_combo_logreg__cal_none__thr_kappa.csv,confirmed_models__results_full_coverage_improvements__experiments__stacking_combo_logreg__external_metrics__stacking_combo_logreg__cal_none__thr_kappa.csv,confirmed_models,0,tp,119.0
confirmed_models/results_full_coverage_improvements/experiments/stacking_combo_logreg/external_metrics__stacking_combo_logreg__cal_none__thr_kappa.csv,confirmed_models__results_full_coverage_improvements__experiments__stacking_combo_logreg__external_metrics__stacking_combo_logreg__cal_none__thr_kappa.csv,confirmed_models,0,fp,36.0
confirmed_models/results_full_coverage_improvements/experiments/stacking_combo_logreg/external_metrics__stacking_combo_logreg__cal_none__thr_kappa.csv,confirmed_models__results_full_coverage_improvements__experiments__stacking_combo_logreg__external_metrics__stacking_combo_logreg__cal_none__thr_kappa.csv,confirmed_models,0,tn,116.0
confirmed_models/results_full_coverage_improvements/experiments/stacking_combo_logreg/external_metrics__stacking_combo_logreg__cal_none__thr_kappa.csv,confirmed_models__results_full_coverage_improvements__experiments__stacking_combo_logreg__external_metrics__stacking_combo_logreg__cal_none__thr_kappa.csv,confirmed_models,0,fn,31.0
confirmed_models/results_full_coverage_improvements/experiments/stacking_combo_logreg/external_metrics__stacking_combo_logreg__cal_sigmoid__thr_f1.csv,confirmed_models__results_full_coverage_improvements__experiments__stacking_combo_logreg__external_metrics__stacking_combo_logreg__cal_sigmoid__thr_f1.csv,confirmed_models,0,accuracy,0.7781456953642384
confirmed_models/results_full_coverage_improvements/experiments/stacking_combo_logreg/external_metrics__stacking_combo_logreg__cal_sigmoid__thr_f1.csv,confirmed_models__results_full_coverage_improvements__experiments__stacking_combo_logreg__external_metrics__stacking_combo_logreg__cal_sigmoid__thr_f1.csv,confirmed_models,0,precision,0.7677419354838709
confirmed_models/results_full_coverage_improvements/experiments/stacking_combo_logreg/external_metrics__stacking_combo_logreg__cal_sigmoid__thr_f1.csv,confirmed_models__results_full_coverage_improvements__experiments__stacking_combo_logreg__external_metrics__stacking_combo_logreg__cal_sigmoid__thr_f1.csv,confirmed_models,0,recall,0.7933333333333333
confirmed_models/results_full_coverage_improvements/experiments/stacking_combo_logreg/external_metrics__stacking_combo_logreg__cal_sigmoid__thr_f1.csv,confirmed_models__results_full_coverage_improvements__experiments__stacking_combo_logreg__external_metrics__stacking_combo_logreg__cal_sigmoid__thr_f1.csv,confirmed_models,0,f1,0.780327868852459
confirmed_models/results_full_coverage_improvements/experiments/stacking_combo_logreg/external_metrics__stacking_combo_logreg__cal_sigmoid__thr_f1.csv,confirmed_models__results_full_coverage_improvements__experiments__stacking_combo_logreg__external_metrics__stacking_combo_logreg__cal_sigmoid__thr_f1.csv,confirmed_models,0,kappa,0.556369217276913
confirmed_models/results_full_coverage_improvements/experiments/stacking_combo_logreg/external_metrics__stacking_combo_logreg__cal_sigmoid__thr_f1.csv,confirmed_models__results_full_coverage_improvements__experiments__stacking_combo_logreg__external_metrics__stacking_combo_logreg__cal_sigmoid__thr_f1.csv,confirmed_models,0,auroc,0.8509210526315789
confirmed_models/results_full_coverage_improvements/experiments/stacking_combo_logreg/external_metrics__stacking_combo_logreg__cal_sigmoid__thr_f1.csv,confirmed_models__results_full_coverage_improvements__experiments__stacking_combo_logreg__external_metrics__stacking_combo_logreg__cal_sigmoid__thr_f1.csv,confirmed_models,0,specificity,0.7631578947368421
confirmed_models/results_full_coverage_improvements/experiments/stacking_combo_logreg/external_metrics__stacking_combo_logreg__cal_sigmoid__thr_f1.csv,confirmed_models__results_full_coverage_improvements__experiments__stacking_combo_logreg__external_metrics__stacking_combo_logreg__cal_sigmoid__thr_f1.csv,confirmed_models,0,sensitivity,0.7933333333333333
confirmed_models/results_full_coverage_improvements/experiments/stacking_combo_logreg/external_metrics__stacking_combo_logreg__cal_sigmoid__thr_f1.csv,confirmed_models__results_full_coverage_improvements__experiments__stacking_combo_logreg__external_metrics__stacking_combo_logreg__cal_sigmoid__thr_f1.csv,confirmed_models,0,mcc,0.5566743747685913
confirmed_models/results_full_coverage_improvements/experiments/stacking_combo_logreg/external_metrics__stacking_combo_logreg__cal_sigmoid__thr_f1.csv,confirmed_models__results_full_coverage_improvements__experiments__stacking_combo_logreg__external_metrics__stacking_combo_logreg__cal_sigmoid__thr_f1.csv,confirmed_models,0,tp,119.0
confirmed_models/results_full_coverage_improvements/experiments/stacking_combo_logreg/external_metrics__stacking_combo_logreg__cal_sigmoid__thr_f1.csv,confirmed_models__results_full_coverage_improvements__experiments__stacking_combo_logreg__external_metrics__stacking_combo_logreg__cal_sigmoid__thr_f1.csv,confirmed_models,0,fp,36.0
confirmed_models/results_full_coverage_improvements/experiments/stacking_combo_logreg/external_metrics__stacking_combo_logreg__cal_sigmoid__thr_f1.csv,confirmed_models__results_full_coverage_improvements__experiments__stacking_combo_logreg__external_metrics__stacking_combo_logreg__cal_sigmoid__thr_f1.csv,confirmed_models,0,tn,116.0
confirmed_models/results_full_coverage_improvements/experiments/stacking_combo_logreg/external_metrics__stacking_combo_logreg__cal_sigmoid__thr_f1.csv,confirmed_models__results_full_coverage_improvements__experiments__stacking_combo_logreg__external_metrics__stacking_combo_logreg__cal_sigmoid__thr_f1.csv,confirmed_models,0,fn,31.0
confirmed_models/results_full_coverage_improvements/experiments/stacking_combo_logreg/external_metrics__stacking_combo_logreg__cal_sigmoid__thr_kappa.csv,confirmed_models__results_full_coverage_improvements__experiments__stacking_combo_logreg__external_metrics__stacking_combo_logreg__cal_sigmoid__thr_kappa.csv,confirmed_models,0,accuracy,0.7781456953642384
confirmed_models/results_full_coverage_improvements/experiments/stacking_combo_logreg/external_metrics__stacking_combo_logreg__cal_sigmoid__thr_kappa.csv,confirmed_models__results_full_coverage_improvements__experiments__stacking_combo_logreg__external_metrics__stacking_combo_logreg__cal_sigmoid__thr_kappa.csv,confirmed_models,0,precision,0.7677419354838709
confirmed_models/results_full_coverage_improvements/experiments/stacking_combo_logreg/external_metrics__stacking_combo_logreg__cal_sigmoid__thr_kappa.csv,confirmed_models__results_full_coverage_improvements__experiments__stacking_combo_logreg__external_metrics__stacking_combo_logreg__cal_sigmoid__thr_kappa.csv,confirmed_models,0,recall,0.7933333333333333
confirmed_models/results_full_coverage_improvements/experiments/stacking_combo_logreg/external_metrics__stacking_combo_logreg__cal_sigmoid__thr_kappa.csv,confirmed_models__results_full_coverage_improvements__experiments__stacking_combo_logreg__external_metrics__stacking_combo_logreg__cal_sigmoid__thr_kappa.csv,confirmed_models,0,f1,0.780327868852459
confirmed_models/results_full_coverage_improvements/experiments/stacking_combo_logreg/external_metrics__stacking_combo_logreg__cal_sigmoid__thr_kappa.csv,confirmed_models__results_full_coverage_improvements__experiments__stacking_combo_logreg__external_metrics__stacking_combo_logreg__cal_sigmoid__thr_kappa.csv,confirmed_models,0,kappa,0.556369217276913
confirmed_models/results_full_coverage_improvements/experiments/stacking_combo_logreg/external_metrics__stacking_combo_logreg__cal_sigmoid__thr_kappa.csv,confirmed_models__results_full_coverage_improvements__experiments__stacking_combo_logreg__external_metrics__stacking_combo_logreg__cal_sigmoid__thr_kappa.csv,confirmed_models,0,auroc,0.8509210526315789
confirmed_models/results_full_coverage_improvements/experiments/stacking_combo_logreg/external_metrics__stacking_combo_logreg__cal_sigmoid__thr_kappa.csv,confirmed_models__results_full_coverage_improvements__experiments__stacking_combo_logreg__external_metrics__stacking_combo_logreg__cal_sigmoid__thr_kappa.csv,confirmed_models,0,specificity,0.7631578947368421
confirmed_models/results_full_coverage_improvements/experiments/stacking_combo_logreg/external_metrics__stacking_combo_logreg__cal_sigmoid__thr_kappa.csv,confirmed_models__results_full_coverage_improvements__experiments__stacking_combo_logreg__external_metrics__stacking_combo_logreg__cal_sigmoid__thr_kappa.csv,confirmed_models,0,sensitivity,0.7933333333333333
confirmed_models/results_full_coverage_improvements/experiments/stacking_combo_logreg/external_metrics__stacking_combo_logreg__cal_sigmoid__thr_kappa.csv,confirmed_models__results_full_coverage_improvements__experiments__stacking_combo_logreg__external_metrics__stacking_combo_logreg__cal_sigmoid__thr_kappa.csv,confirmed_models,0,mcc,0.5566743747685913
confirmed_models/results_full_coverage_improvements/experiments/stacking_combo_logreg/external_metrics__stacking_combo_logreg__cal_sigmoid__thr_kappa.csv,confirmed_models__results_full_coverage_improvements__experiments__stacking_combo_logreg__external_metrics__stacking_combo_logreg__cal_sigmoid__thr_kappa.csv,confirmed_models,0,tp,119.0
confirmed_models/results_full_coverage_improvements/experiments/stacking_combo_logreg/external_metrics__stacking_combo_logreg__cal_sigmoid__thr_kappa.csv,confirmed_models__results_full_coverage_improvements__experiments__stacking_combo_logreg__external_metrics__stacking_combo_logreg__cal_sigmoid__thr_kappa.csv,confirmed_models,0,fp,36.0
confirmed_models/results_full_coverage_improvements/experiments/stacking_combo_logreg/external_metrics__stacking_combo_logreg__cal_sigmoid__thr_kappa.csv,confirmed_models__results_full_coverage_improvements__experiments__stacking_combo_logreg__external_metrics__stacking_combo_logreg__cal_sigmoid__thr_kappa.csv,confirmed_models,0,tn,116.0
confirmed_models/results_full_coverage_improvements/experiments/stacking_combo_logreg/external_metrics__stacking_combo_logreg__cal_sigmoid__thr_kappa.csv,confirmed_models__results_full_coverage_improvements__experiments__stacking_combo_logreg__external_metrics__stacking_combo_logreg__cal_sigmoid__thr_kappa.csv,confirmed_models,0,fn,31.0
confirmed_models/results_full_coverage_improvements/experiments/weighted_knn_r2/external_metrics__weighted_knn_r2__cal_isotonic__thr_f1.csv,confirmed_models__results_full_coverage_improvements__experiments__weighted_knn_r2__external_metrics__weighted_knn_r2__cal_isotonic__thr_f1.csv,confirmed_models,0,accuracy,0.7516556291390728
confirmed_models/results_full_coverage_improvements/experiments/weighted_knn_r2/external_metrics__weighted_knn_r2__cal_isotonic__thr_f1.csv,confirmed_models__results_full_coverage_improvements__experiments__weighted_knn_r2__external_metrics__weighted_knn_r2__cal_isotonic__thr_f1.csv,confirmed_models,0,precision,0.8378378378378378
confirmed_models/results_full_coverage_improvements/experiments/weighted_knn_r2/external_metrics__weighted_knn_r2__cal_isotonic__thr_f1.csv,confirmed_models__results_full_coverage_improvements__experiments__weighted_knn_r2__external_metrics__weighted_knn_r2__cal_isotonic__thr_f1.csv,confirmed_models,0,recall,0.62
confirmed_models/results_full_coverage_improvements/experiments/weighted_knn_r2/external_metrics__weighted_knn_r2__cal_isotonic__thr_f1.csv,confirmed_models__results_full_coverage_improvements__experiments__weighted_knn_r2__external_metrics__weighted_knn_r2__cal_isotonic__thr_f1.csv,confirmed_models,0,f1,0.7126436781609196
confirmed_models/results_full_coverage_improvements/experiments/weighted_knn_r2/external_metrics__weighted_knn_r2__cal_isotonic__thr_f1.csv,confirmed_models__results_full_coverage_improvements__experiments__weighted_knn_r2__external_metrics__weighted_knn_r2__cal_isotonic__thr_f1.csv,confirmed_models,0,kappa,0.5024383814419402
confirmed_models/results_full_coverage_improvements/experiments/weighted_knn_r2/external_metrics__weighted_knn_r2__cal_isotonic__thr_f1.csv,confirmed_models__results_full_coverage_improvements__experiments__weighted_knn_r2__external_metrics__weighted_knn_r2__cal_isotonic__thr_f1.csv,confirmed_models,0,auroc,0.848969298245614
confirmed_models/results_full_coverage_improvements/experiments/weighted_knn_r2/external_metrics__weighted_knn_r2__cal_isotonic__thr_f1.csv,confirmed_models__results_full_coverage_improvements__experiments__weighted_knn_r2__external_metrics__weighted_knn_r2__cal_isotonic__thr_f1.csv,confirmed_models,0,specificity,0.881578947368421
confirmed_models/results_full_coverage_improvements/experiments/weighted_knn_r2/external_metrics__weighted_knn_r2__cal_isotonic__thr_f1.csv,confirmed_models__results_full_coverage_improvements__experiments__weighted_knn_r2__external_metrics__weighted_knn_r2__cal_isotonic__thr_f1.csv,confirmed_models,0,sensitivity,0.62
confirmed_models/results_full_coverage_improvements/experiments/weighted_knn_r2/external_metrics__weighted_knn_r2__cal_isotonic__thr_f1.csv,confirmed_models__results_full_coverage_improvements__experiments__weighted_knn_r2__external_metrics__weighted_knn_r2__cal_isotonic__thr_f1.csv,confirmed_models,0,mcc,0.5201499369352947
confirmed_models/results_full_coverage_improvements/experiments/weighted_knn_r2/external_metrics__weighted_knn_r2__cal_isotonic__thr_f1.csv,confirmed_models__results_full_coverage_improvements__experiments__weighted_knn_r2__external_metrics__weighted_knn_r2__cal_isotonic__thr_f1.csv,confirmed_models,0,tp,93.0
confirmed_models/results_full_coverage_improvements/experiments/weighted_knn_r2/external_metrics__weighted_knn_r2__cal_isotonic__thr_f1.csv,confirmed_models__results_full_coverage_improvements__experiments__weighted_knn_r2__external_metrics__weighted_knn_r2__cal_isotonic__thr_f1.csv,confirmed_models,0,fp,18.0
confirmed_models/results_full_coverage_improvements/experiments/weighted_knn_r2/external_metrics__weighted_knn_r2__cal_isotonic__thr_f1.csv,confirmed_models__results_full_coverage_improvements__experiments__weighted_knn_r2__external_metrics__weighted_knn_r2__cal_isotonic__thr_f1.csv,confirmed_models,0,tn,134.0
confirmed_models/results_full_coverage_improvements/experiments/weighted_knn_r2/external_metrics__weighted_knn_r2__cal_isotonic__thr_f1.csv,confirmed_models__results_full_coverage_improvements__experiments__weighted_knn_r2__external_metrics__weighted_knn_r2__cal_isotonic__thr_f1.csv,confirmed_models,0,fn,57.0
confirmed_models/results_full_coverage_improvements/experiments/weighted_knn_r2/external_metrics__weighted_knn_r2__cal_isotonic__thr_kappa.csv,confirmed_models__results_full_coverage_improvements__experiments__weighted_knn_r2__external_metrics__weighted_knn_r2__cal_isotonic__thr_kappa.csv,confirmed_models,0,accuracy,0.7516556291390728
confirmed_models/results_full_coverage_improvements/experiments/weighted_knn_r2/external_metrics__weighted_knn_r2__cal_isotonic__thr_kappa.csv,confirmed_models__results_full_coverage_improvements__experiments__weighted_knn_r2__external_metrics__weighted_knn_r2__cal_isotonic__thr_kappa.csv,confirmed_models,0,precision,0.8378378378378378
confirmed_models/results_full_coverage_improvements/experiments/weighted_knn_r2/external_metrics__weighted_knn_r2__cal_isotonic__thr_kappa.csv,confirmed_models__results_full_coverage_improvements__experiments__weighted_knn_r2__external_metrics__weighted_knn_r2__cal_isotonic__thr_kappa.csv,confirmed_models,0,recall,0.62
confirmed_models/results_full_coverage_improvements/experiments/weighted_knn_r2/external_metrics__weighted_knn_r2__cal_isotonic__thr_kappa.csv,confirmed_models__results_full_coverage_improvements__experiments__weighted_knn_r2__external_metrics__weighted_knn_r2__cal_isotonic__thr_kappa.csv,confirmed_models,0,f1,0.7126436781609196
confirmed_models/results_full_coverage_improvements/experiments/weighted_knn_r2/external_metrics__weighted_knn_r2__cal_isotonic__thr_kappa.csv,confirmed_models__results_full_coverage_improvements__experiments__weighted_knn_r2__external_metrics__weighted_knn_r2__cal_isotonic__thr_kappa.csv,confirmed_models,0,kappa,0.5024383814419402
confirmed_models/results_full_coverage_improvements/experiments/weighted_knn_r2/external_metrics__weighted_knn_r2__cal_isotonic__thr_kappa.csv,confirmed_models__results_full_coverage_improvements__experiments__weighted_knn_r2__external_metrics__weighted_knn_r2__cal_isotonic__thr_kappa.csv,confirmed_models,0,auroc,0.848969298245614
confirmed_models/results_full_coverage_improvements/experiments/weighted_knn_r2/external_metrics__weighted_knn_r2__cal_isotonic__thr_kappa.csv,confirmed_models__results_full_coverage_improvements__experiments__weighted_knn_r2__external_metrics__weighted_knn_r2__cal_isotonic__thr_kappa.csv,confirmed_models,0,specificity,0.881578947368421
confirmed_models/results_full_coverage_improvements/experiments/weighted_knn_r2/external_metrics__weighted_knn_r2__cal_isotonic__thr_kappa.csv,confirmed_models__results_full_coverage_improvements__experiments__weighted_knn_r2__external_metrics__weighted_knn_r2__cal_isotonic__thr_kappa.csv,confirmed_models,0,sensitivity,0.62
confirmed_models/results_full_coverage_improvements/experiments/weighted_knn_r2/external_metrics__weighted_knn_r2__cal_isotonic__thr_kappa.csv,confirmed_models__results_full_coverage_improvements__experiments__weighted_knn_r2__external_metrics__weighted_knn_r2__cal_isotonic__thr_kappa.csv,confirmed_models,0,mcc,0.5201499369352947
confirmed_models/results_full_coverage_improvements/experiments/weighted_knn_r2/external_metrics__weighted_knn_r2__cal_isotonic__thr_kappa.csv,confirmed_models__results_full_coverage_improvements__experiments__weighted_knn_r2__external_metrics__weighted_knn_r2__cal_isotonic__thr_kappa.csv,confirmed_models,0,tp,93.0
confirmed_models/results_full_coverage_improvements/experiments/weighted_knn_r2/external_metrics__weighted_knn_r2__cal_isotonic__thr_kappa.csv,confirmed_models__results_full_coverage_improvements__experiments__weighted_knn_r2__external_metrics__weighted_knn_r2__cal_isotonic__thr_kappa.csv,confirmed_models,0,fp,18.0
confirmed_models/results_full_coverage_improvements/experiments/weighted_knn_r2/external_metrics__weighted_knn_r2__cal_isotonic__thr_kappa.csv,confirmed_models__results_full_coverage_improvements__experiments__weighted_knn_r2__external_metrics__weighted_knn_r2__cal_isotonic__thr_kappa.csv,confirmed_models,0,tn,134.0
confirmed_models/results_full_coverage_improvements/experiments/weighted_knn_r2/external_metrics__weighted_knn_r2__cal_isotonic__thr_kappa.csv,confirmed_models__results_full_coverage_improvements__experiments__weighted_knn_r2__external_metrics__weighted_knn_r2__cal_isotonic__thr_kappa.csv,confirmed_models,0,fn,57.0
confirmed_models/results_full_coverage_improvements/experiments/weighted_knn_r2/external_metrics__weighted_knn_r2__cal_none__thr_f1.csv,confirmed_models__results_full_coverage_improvements__experiments__weighted_knn_r2__external_metrics__weighted_knn_r2__cal_none__thr_f1.csv,confirmed_models,0,accuracy,0.7715231788079471
confirmed_models/results_full_coverage_improvements/experiments/weighted_knn_r2/external_metrics__weighted_knn_r2__cal_none__thr_f1.csv,confirmed_models__results_full_coverage_improvements__experiments__weighted_knn_r2__external_metrics__weighted_knn_r2__cal_none__thr_f1.csv,confirmed_models,0,precision,0.7718120805369127
confirmed_models/results_full_coverage_improvements/experiments/weighted_knn_r2/external_metrics__weighted_knn_r2__cal_none__thr_f1.csv,confirmed_models__results_full_coverage_improvements__experiments__weighted_knn_r2__external_metrics__weighted_knn_r2__cal_none__thr_f1.csv,confirmed_models,0,recall,0.7666666666666667
confirmed_models/results_full_coverage_improvements/experiments/weighted_knn_r2/external_metrics__weighted_knn_r2__cal_none__thr_f1.csv,confirmed_models__results_full_coverage_improvements__experiments__weighted_knn_r2__external_metrics__weighted_knn_r2__cal_none__thr_f1.csv,confirmed_models,0,f1,0.7692307692307693
confirmed_models/results_full_coverage_improvements/experiments/weighted_knn_r2/external_metrics__weighted_knn_r2__cal_none__thr_f1.csv,confirmed_models__results_full_coverage_improvements__experiments__weighted_knn_r2__external_metrics__weighted_knn_r2__cal_none__thr_f1.csv,confirmed_models,0,kappa,0.5430062722049213
confirmed_models/results_full_coverage_improvements/experiments/weighted_knn_r2/external_metrics__weighted_knn_r2__cal_none__thr_f1.csv,confirmed_models__results_full_coverage_improvements__experiments__weighted_knn_r2__external_metrics__weighted_knn_r2__cal_none__thr_f1.csv,confirmed_models,0,auroc,0.8566008771929825
confirmed_models/results_full_coverage_improvements/experiments/weighted_knn_r2/external_metrics__weighted_knn_r2__cal_none__thr_f1.csv,confirmed_models__results_full_coverage_improvements__experiments__weighted_knn_r2__external_metrics__weighted_knn_r2__cal_none__thr_f1.csv,confirmed_models,0,specificity,0.7763157894736842
confirmed_models/results_full_coverage_improvements/experiments/weighted_knn_r2/external_metrics__weighted_knn_r2__cal_none__thr_f1.csv,confirmed_models__results_full_coverage_improvements__experiments__weighted_knn_r2__external_metrics__weighted_knn_r2__cal_none__thr_f1.csv,confirmed_models,0,sensitivity,0.7666666666666667
confirmed_models/results_full_coverage_improvements/experiments/weighted_knn_r2/external_metrics__weighted_knn_r2__cal_none__thr_f1.csv,confirmed_models__results_full_coverage_improvements__experiments__weighted_knn_r2__external_metrics__weighted_knn_r2__cal_none__thr_f1.csv,confirmed_models,0,mcc,0.5430181821959964
confirmed_models/results_full_coverage_improvements/experiments/weighted_knn_r2/external_metrics__weighted_knn_r2__cal_none__thr_f1.csv,confirmed_models__results_full_coverage_improvements__experiments__weighted_knn_r2__external_metrics__weighted_knn_r2__cal_none__thr_f1.csv,confirmed_models,0,tp,115.0
confirmed_models/results_full_coverage_improvements/experiments/weighted_knn_r2/external_metrics__weighted_knn_r2__cal_none__thr_f1.csv,confirmed_models__results_full_coverage_improvements__experiments__weighted_knn_r2__external_metrics__weighted_knn_r2__cal_none__thr_f1.csv,confirmed_models,0,fp,34.0
confirmed_models/results_full_coverage_improvements/experiments/weighted_knn_r2/external_metrics__weighted_knn_r2__cal_none__thr_f1.csv,confirmed_models__results_full_coverage_improvements__experiments__weighted_knn_r2__external_metrics__weighted_knn_r2__cal_none__thr_f1.csv,confirmed_models,0,tn,118.0
confirmed_models/results_full_coverage_improvements/experiments/weighted_knn_r2/external_metrics__weighted_knn_r2__cal_none__thr_f1.csv,confirmed_models__results_full_coverage_improvements__experiments__weighted_knn_r2__external_metrics__weighted_knn_r2__cal_none__thr_f1.csv,confirmed_models,0,fn,35.0
confirmed_models/results_full_coverage_improvements/experiments/weighted_knn_r2/external_metrics__weighted_knn_r2__cal_none__thr_kappa.csv,confirmed_models__results_full_coverage_improvements__experiments__weighted_knn_r2__external_metrics__weighted_knn_r2__cal_none__thr_kappa.csv,confirmed_models,0,accuracy,0.7715231788079471
confirmed_models/results_full_coverage_improvements/experiments/weighted_knn_r2/external_metrics__weighted_knn_r2__cal_none__thr_kappa.csv,confirmed_models__results_full_coverage_improvements__experiments__weighted_knn_r2__external_metrics__weighted_knn_r2__cal_none__thr_kappa.csv,confirmed_models,0,precision,0.7718120805369127
confirmed_models/results_full_coverage_improvements/experiments/weighted_knn_r2/external_metrics__weighted_knn_r2__cal_none__thr_kappa.csv,confirmed_models__results_full_coverage_improvements__experiments__weighted_knn_r2__external_metrics__weighted_knn_r2__cal_none__thr_kappa.csv,confirmed_models,0,recall,0.7666666666666667
confirmed_models/results_full_coverage_improvements/experiments/weighted_knn_r2/external_metrics__weighted_knn_r2__cal_none__thr_kappa.csv,confirmed_models__results_full_coverage_improvements__experiments__weighted_knn_r2__external_metrics__weighted_knn_r2__cal_none__thr_kappa.csv,confirmed_models,0,f1,0.7692307692307693
confirmed_models/results_full_coverage_improvements/experiments/weighted_knn_r2/external_metrics__weighted_knn_r2__cal_none__thr_kappa.csv,confirmed_models__results_full_coverage_improvements__experiments__weighted_knn_r2__external_metrics__weighted_knn_r2__cal_none__thr_kappa.csv,confirmed_models,0,kappa,0.5430062722049213
confirmed_models/results_full_coverage_improvements/experiments/weighted_knn_r2/external_metrics__weighted_knn_r2__cal_none__thr_kappa.csv,confirmed_models__results_full_coverage_improvements__experiments__weighted_knn_r2__external_metrics__weighted_knn_r2__cal_none__thr_kappa.csv,confirmed_models,0,auroc,0.8566008771929825
confirmed_models/results_full_coverage_improvements/experiments/weighted_knn_r2/external_metrics__weighted_knn_r2__cal_none__thr_kappa.csv,confirmed_models__results_full_coverage_improvements__experiments__weighted_knn_r2__external_metrics__weighted_knn_r2__cal_none__thr_kappa.csv,confirmed_models,0,specificity,0.7763157894736842
confirmed_models/results_full_coverage_improvements/experiments/weighted_knn_r2/external_metrics__weighted_knn_r2__cal_none__thr_kappa.csv,confirmed_models__results_full_coverage_improvements__experiments__weighted_knn_r2__external_metrics__weighted_knn_r2__cal_none__thr_kappa.csv,confirmed_models,0,sensitivity,0.7666666666666667
confirmed_models/results_full_coverage_improvements/experiments/weighted_knn_r2/external_metrics__weighted_knn_r2__cal_none__thr_kappa.csv,confirmed_models__results_full_coverage_improvements__experiments__weighted_knn_r2__external_metrics__weighted_knn_r2__cal_none__thr_kappa.csv,confirmed_models,0,mcc,0.5430181821959964
confirmed_models/results_full_coverage_improvements/experiments/weighted_knn_r2/external_metrics__weighted_knn_r2__cal_none__thr_kappa.csv,confirmed_models__results_full_coverage_improvements__experiments__weighted_knn_r2__external_metrics__weighted_knn_r2__cal_none__thr_kappa.csv,confirmed_models,0,tp,115.0
confirmed_models/results_full_coverage_improvements/experiments/weighted_knn_r2/external_metrics__weighted_knn_r2__cal_none__thr_kappa.csv,confirmed_models__results_full_coverage_improvements__experiments__weighted_knn_r2__external_metrics__weighted_knn_r2__cal_none__thr_kappa.csv,confirmed_models,0,fp,34.0
confirmed_models/results_full_coverage_improvements/experiments/weighted_knn_r2/external_metrics__weighted_knn_r2__cal_none__thr_kappa.csv,confirmed_models__results_full_coverage_improvements__experiments__weighted_knn_r2__external_metrics__weighted_knn_r2__cal_none__thr_kappa.csv,confirmed_models,0,tn,118.0
confirmed_models/results_full_coverage_improvements/experiments/weighted_knn_r2/external_metrics__weighted_knn_r2__cal_none__thr_kappa.csv,confirmed_models__results_full_coverage_improvements__experiments__weighted_knn_r2__external_metrics__weighted_knn_r2__cal_none__thr_kappa.csv,confirmed_models,0,fn,35.0
confirmed_models/results_full_coverage_improvements/experiments/weighted_knn_r2/external_metrics__weighted_knn_r2__cal_sigmoid__thr_f1.csv,confirmed_models__results_full_coverage_improvements__experiments__weighted_knn_r2__external_metrics__weighted_knn_r2__cal_sigmoid__thr_f1.csv,confirmed_models,0,accuracy,0.7715231788079471
confirmed_models/results_full_coverage_improvements/experiments/weighted_knn_r2/external_metrics__weighted_knn_r2__cal_sigmoid__thr_f1.csv,confirmed_models__results_full_coverage_improvements__experiments__weighted_knn_r2__external_metrics__weighted_knn_r2__cal_sigmoid__thr_f1.csv,confirmed_models,0,precision,0.8091603053435115
confirmed_models/results_full_coverage_improvements/experiments/weighted_knn_r2/external_metrics__weighted_knn_r2__cal_sigmoid__thr_f1.csv,confirmed_models__results_full_coverage_improvements__experiments__weighted_knn_r2__external_metrics__weighted_knn_r2__cal_sigmoid__thr_f1.csv,confirmed_models,0,recall,0.7066666666666667
confirmed_models/results_full_coverage_improvements/experiments/weighted_knn_r2/external_metrics__weighted_knn_r2__cal_sigmoid__thr_f1.csv,confirmed_models__results_full_coverage_improvements__experiments__weighted_knn_r2__external_metrics__weighted_knn_r2__cal_sigmoid__thr_f1.csv,confirmed_models,0,f1,0.7544483985765125
confirmed_models/results_full_coverage_improvements/experiments/weighted_knn_r2/external_metrics__weighted_knn_r2__cal_sigmoid__thr_f1.csv,confirmed_models__results_full_coverage_improvements__experiments__weighted_knn_r2__external_metrics__weighted_knn_r2__cal_sigmoid__thr_f1.csv,confirmed_models,0,kappa,0.5426451867784557
confirmed_models/results_full_coverage_improvements/experiments/weighted_knn_r2/external_metrics__weighted_knn_r2__cal_sigmoid__thr_f1.csv,confirmed_models__results_full_coverage_improvements__experiments__weighted_knn_r2__external_metrics__weighted_knn_r2__cal_sigmoid__thr_f1.csv,confirmed_models,0,auroc,0.8566008771929825
confirmed_models/results_full_coverage_improvements/experiments/weighted_knn_r2/external_metrics__weighted_knn_r2__cal_sigmoid__thr_f1.csv,confirmed_models__results_full_coverage_improvements__experiments__weighted_knn_r2__external_metrics__weighted_knn_r2__cal_sigmoid__thr_f1.csv,confirmed_models,0,specificity,0.8355263157894737
confirmed_models/results_full_coverage_improvements/experiments/weighted_knn_r2/external_metrics__weighted_knn_r2__cal_sigmoid__thr_f1.csv,confirmed_models__results_full_coverage_improvements__experiments__weighted_knn_r2__external_metrics__weighted_knn_r2__cal_sigmoid__thr_f1.csv,confirmed_models,0,sensitivity,0.7066666666666667
confirmed_models/results_full_coverage_improvements/experiments/weighted_knn_r2/external_metrics__weighted_knn_r2__cal_sigmoid__thr_f1.csv,confirmed_models__results_full_coverage_improvements__experiments__weighted_knn_r2__external_metrics__weighted_knn_r2__cal_sigmoid__thr_f1.csv,confirmed_models,0,mcc,0.5470003607226618
confirmed_models/results_full_coverage_improvements/experiments/weighted_knn_r2/external_metrics__weighted_knn_r2__cal_sigmoid__thr_f1.csv,confirmed_models__results_full_coverage_improvements__experiments__weighted_knn_r2__external_metrics__weighted_knn_r2__cal_sigmoid__thr_f1.csv,confirmed_models,0,tp,106.0
confirmed_models/results_full_coverage_improvements/experiments/weighted_knn_r2/external_metrics__weighted_knn_r2__cal_sigmoid__thr_f1.csv,confirmed_models__results_full_coverage_improvements__experiments__weighted_knn_r2__external_metrics__weighted_knn_r2__cal_sigmoid__thr_f1.csv,confirmed_models,0,fp,25.0
confirmed_models/results_full_coverage_improvements/experiments/weighted_knn_r2/external_metrics__weighted_knn_r2__cal_sigmoid__thr_f1.csv,confirmed_models__results_full_coverage_improvements__experiments__weighted_knn_r2__external_metrics__weighted_knn_r2__cal_sigmoid__thr_f1.csv,confirmed_models,0,tn,127.0
confirmed_models/results_full_coverage_improvements/experiments/weighted_knn_r2/external_metrics__weighted_knn_r2__cal_sigmoid__thr_f1.csv,confirmed_models__results_full_coverage_improvements__experiments__weighted_knn_r2__external_metrics__weighted_knn_r2__cal_sigmoid__thr_f1.csv,confirmed_models,0,fn,44.0
confirmed_models/results_full_coverage_improvements/experiments/weighted_knn_r2/external_metrics__weighted_knn_r2__cal_sigmoid__thr_kappa.csv,confirmed_models__results_full_coverage_improvements__experiments__weighted_knn_r2__external_metrics__weighted_knn_r2__cal_sigmoid__thr_kappa.csv,confirmed_models,0,accuracy,0.7549668874172185
confirmed_models/results_full_coverage_improvements/experiments/weighted_knn_r2/external_metrics__weighted_knn_r2__cal_sigmoid__thr_kappa.csv,confirmed_models__results_full_coverage_improvements__experiments__weighted_knn_r2__external_metrics__weighted_knn_r2__cal_sigmoid__thr_kappa.csv,confirmed_models,0,precision,0.8333333333333334
confirmed_models/results_full_coverage_improvements/experiments/weighted_knn_r2/external_metrics__weighted_knn_r2__cal_sigmoid__thr_kappa.csv,confirmed_models__results_full_coverage_improvements__experiments__weighted_knn_r2__external_metrics__weighted_knn_r2__cal_sigmoid__thr_kappa.csv,confirmed_models,0,recall,0.6333333333333333
confirmed_models/results_full_coverage_improvements/experiments/weighted_knn_r2/external_metrics__weighted_knn_r2__cal_sigmoid__thr_kappa.csv,confirmed_models__results_full_coverage_improvements__experiments__weighted_knn_r2__external_metrics__weighted_knn_r2__cal_sigmoid__thr_kappa.csv,confirmed_models,0,f1,0.7196969696969697
confirmed_models/results_full_coverage_improvements/experiments/weighted_knn_r2/external_metrics__weighted_knn_r2__cal_sigmoid__thr_kappa.csv,confirmed_models__results_full_coverage_improvements__experiments__weighted_knn_r2__external_metrics__weighted_knn_r2__cal_sigmoid__thr_kappa.csv,confirmed_models,0,kappa,0.5091372342294851
confirmed_models/results_full_coverage_improvements/experiments/weighted_knn_r2/external_metrics__weighted_knn_r2__cal_sigmoid__thr_kappa.csv,confirmed_models__results_full_coverage_improvements__experiments__weighted_knn_r2__external_metrics__weighted_knn_r2__cal_sigmoid__thr_kappa.csv,confirmed_models,0,auroc,0.8566008771929825
confirmed_models/results_full_coverage_improvements/experiments/weighted_knn_r2/external_metrics__weighted_knn_r2__cal_sigmoid__thr_kappa.csv,confirmed_models__results_full_coverage_improvements__experiments__weighted_knn_r2__external_metrics__weighted_knn_r2__cal_sigmoid__thr_kappa.csv,confirmed_models,0,specificity,0.875
confirmed_models/results_full_coverage_improvements/experiments/weighted_knn_r2/external_metrics__weighted_knn_r2__cal_sigmoid__thr_kappa.csv,confirmed_models__results_full_coverage_improvements__experiments__weighted_knn_r2__external_metrics__weighted_knn_r2__cal_sigmoid__thr_kappa.csv,confirmed_models,0,sensitivity,0.6333333333333333
confirmed_models/results_full_coverage_improvements/experiments/weighted_knn_r2/external_metrics__weighted_knn_r2__cal_sigmoid__thr_kappa.csv,confirmed_models__results_full_coverage_improvements__experiments__weighted_knn_r2__external_metrics__weighted_knn_r2__cal_sigmoid__thr_kappa.csv,confirmed_models,0,mcc,0.5243058001815534
confirmed_models/results_full_coverage_improvements/experiments/weighted_knn_r2/external_metrics__weighted_knn_r2__cal_sigmoid__thr_kappa.csv,confirmed_models__results_full_coverage_improvements__experiments__weighted_knn_r2__external_metrics__weighted_knn_r2__cal_sigmoid__thr_kappa.csv,confirmed_models,0,tp,95.0
confirmed_models/results_full_coverage_improvements/experiments/weighted_knn_r2/external_metrics__weighted_knn_r2__cal_sigmoid__thr_kappa.csv,confirmed_models__results_full_coverage_improvements__experiments__weighted_knn_r2__external_metrics__weighted_knn_r2__cal_sigmoid__thr_kappa.csv,confirmed_models,0,fp,19.0
confirmed_models/results_full_coverage_improvements/experiments/weighted_knn_r2/external_metrics__weighted_knn_r2__cal_sigmoid__thr_kappa.csv,confirmed_models__results_full_coverage_improvements__experiments__weighted_knn_r2__external_metrics__weighted_knn_r2__cal_sigmoid__thr_kappa.csv,confirmed_models,0,tn,133.0
confirmed_models/results_full_coverage_improvements/experiments/weighted_knn_r2/external_metrics__weighted_knn_r2__cal_sigmoid__thr_kappa.csv,confirmed_models__results_full_coverage_improvements__experiments__weighted_knn_r2__external_metrics__weighted_knn_r2__cal_sigmoid__thr_kappa.csv,confirmed_models,0,fn,55.0
confirmed_models/results_nephro_chemberta/external_metrics.csv,confirmed_models__results_nephro_chemberta__external_metrics.csv,confirmed_models,0,auroc,0.7831601731601732
confirmed_models/results_nephro_chemberta/external_metrics.csv,confirmed_models__results_nephro_chemberta__external_metrics.csv,confirmed_models,0,accuracy,0.7203947368421053
confirmed_models/results_nephro_chemberta/external_metrics.csv,confirmed_models__results_nephro_chemberta__external_metrics.csv,confirmed_models,0,f1,0.7157190635451505
confirmed_models/results_nephro_chemberta/external_metrics.csv,confirmed_models__results_nephro_chemberta__external_metrics.csv,confirmed_models,0,kappa,0.4406442116200537
confirmed_models/results_nephro_chemberta/external_metrics.csv,confirmed_models__results_nephro_chemberta__external_metrics.csv,confirmed_models,0,n_train,1527.0
confirmed_models/results_nephro_chemberta/external_metrics.csv,confirmed_models__results_nephro_chemberta__external_metrics.csv,confirmed_models,0,n_test,304.0
confirmed_models/results_nephro_sota/external_metrics.csv,confirmed_models__results_nephro_sota__external_metrics.csv,confirmed_models,0,auroc,0.7340692640692641
confirmed_models/results_nephro_sota/external_metrics.csv,confirmed_models__results_nephro_sota__external_metrics.csv,confirmed_models,0,accuracy,0.6743421052631579
confirmed_models/results_nephro_sota/external_metrics.csv,confirmed_models__results_nephro_sota__external_metrics.csv,confirmed_models,0,kappa,0.3485150229457096
confirmed_models/results_nephro_sota/external_metrics.csv,confirmed_models__results_nephro_sota__external_metrics.csv,confirmed_models,0,n_train,1463.0
confirmed_models/results_nephro_sota/external_metrics.csv,confirmed_models__results_nephro_sota__external_metrics.csv,confirmed_models,0,n_test,304.0
confirmed_models/results_nephro_sota/external_metrics.csv,confirmed_models__results_nephro_sota__external_metrics.csv,confirmed_models,0,overlap_removed,64.0
confirmed_models/results_nephro_sota/external_metrics.csv,confirmed_models__results_nephro_sota__external_metrics.csv,confirmed_models,0,optuna_best_cv_auroc,0.8905078049953561
confirmed_models/results_nephro_unsupervised/external_metrics.csv,confirmed_models__results_nephro_unsupervised__external_metrics.csv,confirmed_models,0,auroc,0.8184848484848485
confirmed_models/results_nephro_unsupervised/external_metrics.csv,confirmed_models__results_nephro_unsupervised__external_metrics.csv,confirmed_models,1,auroc,0.827056277056277
confirmed_models/results_nephro_unsupervised/external_metrics.csv,confirmed_models__results_nephro_unsupervised__external_metrics.csv,confirmed_models,0,accuracy,0.743421052631579
confirmed_models/results_nephro_unsupervised/external_metrics.csv,confirmed_models__results_nephro_unsupervised__external_metrics.csv,confirmed_models,1,accuracy,0.7368421052631579
confirmed_models/results_nephro_unsupervised/external_metrics.csv,confirmed_models__results_nephro_unsupervised__external_metrics.csv,confirmed_models,0,f1,0.7253521126760564
confirmed_models/results_nephro_unsupervised/external_metrics.csv,confirmed_models__results_nephro_unsupervised__external_metrics.csv,confirmed_models,1,f1,0.726027397260274
confirmed_models/results_nephro_unsupervised/external_metrics.csv,confirmed_models__results_nephro_unsupervised__external_metrics.csv,confirmed_models,0,kappa,0.4860412692907925
confirmed_models/results_nephro_unsupervised/external_metrics.csv,confirmed_models__results_nephro_unsupervised__external_metrics.csv,confirmed_models,1,kappa,0.4732282100155952
noteworthy_models/nephrotox_fixed/results/cv_metrics.csv,noteworthy_models__nephrotox_fixed__results__cv_metrics.csv,nephrotox_fixed,0,auc,0.9735571788628306
noteworthy_models/nephrotox_fixed/results/cv_metrics.csv,noteworthy_models__nephrotox_fixed__results__cv_metrics.csv,nephrotox_fixed,1,auc,0.98560382758768
noteworthy_models/nephrotox_fixed/results/cv_metrics.csv,noteworthy_models__nephrotox_fixed__results__cv_metrics.csv,nephrotox_fixed,2,auc,0.9745442036463708
noteworthy_models/nephrotox_fixed/results/cv_metrics.csv,noteworthy_models__nephrotox_fixed__results__cv_metrics.csv,nephrotox_fixed,3,auc,0.9836601307189542
noteworthy_models/nephrotox_fixed/results/cv_metrics.csv,noteworthy_models__nephrotox_fixed__results__cv_metrics.csv,nephrotox_fixed,4,auc,0.9871431028551771
noteworthy_models/nephrotox_fixed/results/cv_metrics.csv,noteworthy_models__nephrotox_fixed__results__cv_metrics.csv,nephrotox_fixed,0,acc,0.9117647058823528
noteworthy_models/nephrotox_fixed/results/cv_metrics.csv,noteworthy_models__nephrotox_fixed__results__cv_metrics.csv,nephrotox_fixed,1,acc,0.9281045751633988
noteworthy_models/nephrotox_fixed/results/cv_metrics.csv,noteworthy_models__nephrotox_fixed__results__cv_metrics.csv,nephrotox_fixed,2,acc,0.9114754098360656
noteworthy_models/nephrotox_fixed/results/cv_metrics.csv,noteworthy_models__nephrotox_fixed__results__cv_metrics.csv,nephrotox_fixed,3,acc,0.9278688524590164
noteworthy_models/nephrotox_fixed/results/cv_metrics.csv,noteworthy_models__nephrotox_fixed__results__cv_metrics.csv,nephrotox_fixed,4,acc,0.9377049180327868
noteworthy_models/nephrotox_fixed/results/cv_metrics.csv,noteworthy_models__nephrotox_fixed__results__cv_metrics.csv,nephrotox_fixed,0,se,0.934640522875817
noteworthy_models/nephrotox_fixed/results/cv_metrics.csv,noteworthy_models__nephrotox_fixed__results__cv_metrics.csv,nephrotox_fixed,1,se,0.9607843137254902
noteworthy_models/nephrotox_fixed/results/cv_metrics.csv,noteworthy_models__nephrotox_fixed__results__cv_metrics.csv,nephrotox_fixed,2,se,0.9078947368421052
noteworthy_models/nephrotox_fixed/results/cv_metrics.csv,noteworthy_models__nephrotox_fixed__results__cv_metrics.csv,nephrotox_fixed,3,se,0.9673202614379084
noteworthy_models/nephrotox_fixed/results/cv_metrics.csv,noteworthy_models__nephrotox_fixed__results__cv_metrics.csv,nephrotox_fixed,4,se,0.9607843137254902
noteworthy_models/nephrotox_fixed/results/cv_metrics.csv,noteworthy_models__nephrotox_fixed__results__cv_metrics.csv,nephrotox_fixed,0,f1,0.9137380191693292
noteworthy_models/nephrotox_fixed/results/cv_metrics.csv,noteworthy_models__nephrotox_fixed__results__cv_metrics.csv,nephrotox_fixed,1,f1,0.930379746835443
noteworthy_models/nephrotox_fixed/results/cv_metrics.csv,noteworthy_models__nephrotox_fixed__results__cv_metrics.csv,nephrotox_fixed,2,f1,0.9108910891089108
noteworthy_models/nephrotox_fixed/results/cv_metrics.csv,noteworthy_models__nephrotox_fixed__results__cv_metrics.csv,nephrotox_fixed,3,f1,0.9308176100628932
noteworthy_models/nephrotox_fixed/results/cv_metrics.csv,noteworthy_models__nephrotox_fixed__results__cv_metrics.csv,nephrotox_fixed,4,f1,0.939297124600639
noteworthy_models/nephrotox_fixed/results/cv_metrics.csv,noteworthy_models__nephrotox_fixed__results__cv_metrics.csv,nephrotox_fixed,0,kappa,0.8235294117647058
noteworthy_models/nephrotox_fixed/results/cv_metrics.csv,noteworthy_models__nephrotox_fixed__results__cv_metrics.csv,nephrotox_fixed,1,kappa,0.8562091503267975
noteworthy_models/nephrotox_fixed/results/cv_metrics.csv,noteworthy_models__nephrotox_fixed__results__cv_metrics.csv,nephrotox_fixed,2,kappa,0.8229451097589817
noteworthy_models/nephrotox_fixed/results/cv_metrics.csv,noteworthy_models__nephrotox_fixed__results__cv_metrics.csv,nephrotox_fixed,3,kappa,0.8556989247311828
noteworthy_models/nephrotox_fixed/results/cv_metrics.csv,noteworthy_models__nephrotox_fixed__results__cv_metrics.csv,nephrotox_fixed,4,kappa,0.875389743038383
noteworthy_models/nephrotox_fixed/results/cv_metrics.csv,noteworthy_models__nephrotox_fixed__results__cv_metrics.csv,nephrotox_fixed,0,specificity,0.8888888888830793
noteworthy_models/nephrotox_fixed/results/cv_metrics.csv,noteworthy_models__nephrotox_fixed__results__cv_metrics.csv,nephrotox_fixed,1,specificity,0.8954248365954548
noteworthy_models/nephrotox_fixed/results/cv_metrics.csv,noteworthy_models__nephrotox_fixed__results__cv_metrics.csv,nephrotox_fixed,2,specificity,0.9150326797325816
noteworthy_models/nephrotox_fixed/results/cv_metrics.csv,noteworthy_models__nephrotox_fixed__results__cv_metrics.csv,nephrotox_fixed,3,specificity,0.888157894730999
noteworthy_models/nephrotox_fixed/results/cv_metrics.csv,noteworthy_models__nephrotox_fixed__results__cv_metrics.csv,nephrotox_fixed,4,specificity,0.91447368420451
noteworthy_models/nephrotox_fixed/results/cv_metrics.csv,noteworthy_models__nephrotox_fixed__results__cv_metrics.csv,nephrotox_fixed,0,mcc,0.8243926780795865
noteworthy_models/nephrotox_fixed/results/cv_metrics.csv,noteworthy_models__nephrotox_fixed__results__cv_metrics.csv,nephrotox_fixed,1,mcc,0.8580438339046541
noteworthy_models/nephrotox_fixed/results/cv_metrics.csv,noteworthy_models__nephrotox_fixed__results__cv_metrics.csv,nephrotox_fixed,2,mcc,0.8229628044590118
noteworthy_models/nephrotox_fixed/results/cv_metrics.csv,noteworthy_models__nephrotox_fixed__results__cv_metrics.csv,nephrotox_fixed,3,mcc,0.8583619232097296
noteworthy_models/nephrotox_fixed/results/cv_metrics.csv,noteworthy_models__nephrotox_fixed__results__cv_metrics.csv,nephrotox_fixed,4,mcc,0.8763137071136844
noteworthy_models/nephrotox_fixed/results/external_metrics.csv,noteworthy_models__nephrotox_fixed__results__external_metrics.csv,nephrotox_fixed,0,auc,0.734978354978355
noteworthy_models/nephrotox_fixed/results/external_metrics.csv,noteworthy_models__nephrotox_fixed__results__external_metrics.csv,nephrotox_fixed,1,auc,0.7594292803970223
noteworthy_models/nephrotox_fixed/results/external_metrics.csv,noteworthy_models__nephrotox_fixed__results__external_metrics.csv,nephrotox_fixed,0,acc,0.7006578947368421
noteworthy_models/nephrotox_fixed/results/external_metrics.csv,noteworthy_models__nephrotox_fixed__results__external_metrics.csv,nephrotox_fixed,1,acc,0.7322834645669292
noteworthy_models/nephrotox_fixed/results/external_metrics.csv,noteworthy_models__nephrotox_fixed__results__external_metrics.csv,nephrotox_fixed,0,se,0.5266666666666666
noteworthy_models/nephrotox_fixed/results/external_metrics.csv,noteworthy_models__nephrotox_fixed__results__external_metrics.csv,nephrotox_fixed,1,se,0.5692307692307692
noteworthy_models/nephrotox_fixed/results/external_metrics.csv,noteworthy_models__nephrotox_fixed__results__external_metrics.csv,nephrotox_fixed,0,f1,0.6345381526104418
noteworthy_models/nephrotox_fixed/results/external_metrics.csv,noteworthy_models__nephrotox_fixed__results__external_metrics.csv,nephrotox_fixed,1,f1,0.6851851851851852
noteworthy_models/nephrotox_fixed/results/external_metrics.csv,noteworthy_models__nephrotox_fixed__results__external_metrics.csv,nephrotox_fixed,0,kappa,0.3985563962083659
noteworthy_models/nephrotox_fixed/results/external_metrics.csv,noteworthy_models__nephrotox_fixed__results__external_metrics.csv,nephrotox_fixed,1,kappa,0.4686192468619247
noteworthy_models/nephrotox_fixed/results/external_metrics.csv,noteworthy_models__nephrotox_fixed__results__external_metrics.csv,nephrotox_fixed,0,specificity,0.87012987012422
noteworthy_models/nephrotox_fixed/results/external_metrics.csv,noteworthy_models__nephrotox_fixed__results__external_metrics.csv,nephrotox_fixed,1,specificity,0.9032258064443288
noteworthy_models/nephrotox_fixed/results/external_metrics.csv,noteworthy_models__nephrotox_fixed__results__external_metrics.csv,nephrotox_fixed,0,mcc,0.4233302812698527
noteworthy_models/nephrotox_fixed/results/external_metrics.csv,noteworthy_models__nephrotox_fixed__results__external_metrics.csv,nephrotox_fixed,1,mcc,0.4990459669247827
noteworthy_models/nephrotox_fixed/results/external_metrics.csv,noteworthy_models__nephrotox_fixed__results__external_metrics.csv,nephrotox_fixed,0,auprc,0.7805245535981994
noteworthy_models/nephrotox_fixed/results/external_metrics.csv,noteworthy_models__nephrotox_fixed__results__external_metrics.csv,nephrotox_fixed,1,auprc,0.809695281590884
noteworthy_models/nephrotox_project_plus/outputs_compare/leaderboard.csv,noteworthy_models__nephrotox_project_plus__outputs_compare__leaderboard.csv,nephrotox_project_plus,0,accuracy,0.6788079470198676
noteworthy_models/nephrotox_project_plus/outputs_compare/leaderboard.csv,noteworthy_models__nephrotox_project_plus__outputs_compare__leaderboard.csv,nephrotox_project_plus,1,accuracy,0.6589403973509934
noteworthy_models/nephrotox_project_plus/outputs_compare/leaderboard.csv,noteworthy_models__nephrotox_project_plus__outputs_compare__leaderboard.csv,nephrotox_project_plus,2,accuracy,0.6059602649006622
noteworthy_models/nephrotox_project_plus/outputs_compare/leaderboard.csv,noteworthy_models__nephrotox_project_plus__outputs_compare__leaderboard.csv,nephrotox_project_plus,0,recall,0.56
noteworthy_models/nephrotox_project_plus/outputs_compare/leaderboard.csv,noteworthy_models__nephrotox_project_plus__outputs_compare__leaderboard.csv,nephrotox_project_plus,1,recall,0.58
noteworthy_models/nephrotox_project_plus/outputs_compare/leaderboard.csv,noteworthy_models__nephrotox_project_plus__outputs_compare__leaderboard.csv,nephrotox_project_plus,2,recall,0.4666666666666667
noteworthy_models/nephrotox_project_plus/outputs_compare/leaderboard.csv,noteworthy_models__nephrotox_project_plus__outputs_compare__leaderboard.csv,nephrotox_project_plus,0,f1,0.6339622641509434
noteworthy_models/nephrotox_project_plus/outputs_compare/leaderboard.csv,noteworthy_models__nephrotox_project_plus__outputs_compare__leaderboard.csv,nephrotox_project_plus,1,f1,0.628158844765343
noteworthy_models/nephrotox_project_plus/outputs_compare/leaderboard.csv,noteworthy_models__nephrotox_project_plus__outputs_compare__leaderboard.csv,nephrotox_project_plus,2,f1,0.5405405405405406
noteworthy_models/nephrotox_project_plus/outputs_compare/leaderboard.csv,noteworthy_models__nephrotox_project_plus__outputs_compare__leaderboard.csv,nephrotox_project_plus,0,kappa,0.3566000439270811
noteworthy_models/nephrotox_project_plus/outputs_compare/leaderboard.csv,noteworthy_models__nephrotox_project_plus__outputs_compare__leaderboard.csv,nephrotox_project_plus,1,kappa,0.3171620494358343
noteworthy_models/nephrotox_project_plus/outputs_compare/leaderboard.csv,noteworthy_models__nephrotox_project_plus__outputs_compare__leaderboard.csv,nephrotox_project_plus,2,kappa,0.210466189199877
noteworthy_models/nephrotox_project_plus/outputs_compare/leaderboard.csv,noteworthy_models__nephrotox_project_plus__outputs_compare__leaderboard.csv,nephrotox_project_plus,0,auroc,0.7278508771929824
noteworthy_models/nephrotox_project_plus/outputs_compare/leaderboard.csv,noteworthy_models__nephrotox_project_plus__outputs_compare__leaderboard.csv,nephrotox_project_plus,1,auroc,0.6840789473684211
noteworthy_models/nephrotox_project_plus/outputs_compare/leaderboard.csv,noteworthy_models__nephrotox_project_plus__outputs_compare__leaderboard.csv,nephrotox_project_plus,2,auroc,0.6421052631578948
noteworthy_models/nephrotox_project_plus/outputs_compare/leaderboard.csv,noteworthy_models__nephrotox_project_plus__outputs_compare__leaderboard.csv,nephrotox_project_plus,0,specificity,0.7960526315789473
noteworthy_models/nephrotox_project_plus/outputs_compare/leaderboard.csv,noteworthy_models__nephrotox_project_plus__outputs_compare__leaderboard.csv,nephrotox_project_plus,1,specificity,0.7368421052631579
noteworthy_models/nephrotox_project_plus/outputs_compare/leaderboard.csv,noteworthy_models__nephrotox_project_plus__outputs_compare__leaderboard.csv,nephrotox_project_plus,2,specificity,0.743421052631579
noteworthy_models/nephrotox_project_plus/outputs_compare/leaderboard.csv,noteworthy_models__nephrotox_project_plus__outputs_compare__leaderboard.csv,nephrotox_project_plus,0,mcc,0.3666164097114309
noteworthy_models/nephrotox_project_plus/outputs_compare/leaderboard.csv,noteworthy_models__nephrotox_project_plus__outputs_compare__leaderboard.csv,nephrotox_project_plus,1,mcc,0.3209145654362835
noteworthy_models/nephrotox_project_plus/outputs_compare/leaderboard.csv,noteworthy_models__nephrotox_project_plus__outputs_compare__leaderboard.csv,nephrotox_project_plus,2,mcc,0.2187138001136548
